Full name,ราคา งานไม้ โซฟา - Answer Customer,Brand,Category,Sub Category 1,Collection Name,Product name english,Wood (ประเภทไม้),Wood Colour (สีไม้),วัสดุหุ้ม (Upholstery Material),สีวัสดุหุ้ม (Upholstery Colour),กว้าง (W),ลึก (D),สูง (H),Size (CM),NNSKU#,Retail Price include VAT,PercentDiscount,Discounted price  IncludeVAT,PercentOntop,FinalPriceAfterOntopDiscount
Bareo | ศาลเจ้า (ตี่จู่เอี๊ยะ)    ชิน (Chin) ไม้เมเปิ้ล สีธรรมชาติ  | ขนาด W55 D50 H80 cm,Bareo | ศาลเจ้า (ตี่จู่เอี๊ยะ)    ชิน (Chin) ไม้เมเปิ้ล สีธรรมชาติ  | ขนาด W55 D50 H80 cm ราคา 34900 ลด 0% เหลือ 34900 ชำระเป็นเงินสด ลด on top เพิ่ม 10% เหลือ 31410 ภายใน เดือนกันยายน 2569 และส่วนลดเพิ่มเติมตามโปรฯ ได้ที่ https://chawcher.com/category/promotion/,Bareo,ศาลเจ้า (ตี่จู่เอี๊ยะ)  ,,ชิน,(Chin),ไม้เมเปิ้ล,สีธรรมชาติ,,,W55,D50 ,H80,cm,10185219,B 34900.00,0%,B 34900.00,10%,B 31410.00
ฌ เฌอ | 1 ที่นั่ง 1 แขน  ทากะ (Taka 1R)   ผ้า A เลือกสีได้ | ขนาด W90 D90 H72 (46) ,ฌ เฌอ | 1 ที่นั่ง 1 แขน  ทากะ (Taka 1R)   ผ้า A เลือกสีได้ | ขนาด W90 D90 H72 (46)  ราคา 48150 ลด 30% เหลือ 33705 ชำระเป็นเงินสด ลด on top เพิ่ม 10% เหลือ 30334.5 ภายใน เดือนกันยายน 2569 และส่วนลดเพิ่มเติมตามโปรฯ ได้ที่ https://chawcher.com/category/promotion/,ฌ เฌอ,1 ที่นั่ง 1 แขน,,ทากะ,(Taka 1R),,,ผ้า A ,เลือกสีได้,W90,D90,H72 (46),,,B 48150.00,30%,B 33705.00,10%,B 30334.50
ฌ เฌอ | 1 ที่นั่ง 1 แขน  ทากะ (Taka 1R)   ผ้า B เลือกสีได้ | ขนาด W90 D90 H72 (46) ,ฌ เฌอ | 1 ที่นั่ง 1 แขน  ทากะ (Taka 1R)   ผ้า B เลือกสีได้ | ขนาด W90 D90 H72 (46)  ราคา 54450 ลด 30% เหลือ 38115 ชำระเป็นเงินสด ลด on top เพิ่ม 10% เหลือ 34303.5 ภายใน เดือนกันยายน 2569 และส่วนลดเพิ่มเติมตามโปรฯ ได้ที่ https://chawcher.com/category/promotion/,ฌ เฌอ,1 ที่นั่ง 1 แขน,,ทากะ,(Taka 1R),,,ผ้า B ,เลือกสีได้,W90,D90,H72 (46),,,B 54450.00,30%,B 38115.00,10%,B 34303.50
ฌ เฌอ | 1 ที่นั่ง 1 แขน  ทากะ (Taka 1R)   ผ้า C เลือกสีได้ | ขนาด W90 D90 H72 (46) ,ฌ เฌอ | 1 ที่นั่ง 1 แขน  ทากะ (Taka 1R)   ผ้า C เลือกสีได้ | ขนาด W90 D90 H72 (46)  ราคา 61650 ลด 30% เหลือ 43155 ชำระเป็นเงินสด ลด on top เพิ่ม 10% เหลือ 38839.5 ภายใน เดือนกันยายน 2569 และส่วนลดเพิ่มเติมตามโปรฯ ได้ที่ https://chawcher.com/category/promotion/,ฌ เฌอ,1 ที่นั่ง 1 แขน,,ทากะ,(Taka 1R),,,ผ้า C ,เลือกสีได้,W90,D90,H72 (46),,,B 61650.00,30%,B 43155.00,10%,B 38839.50
ฌ เฌอ | 1 ที่นั่ง 1 แขน  ทากะ (Taka 1R)   หนังแท้ (ออย)เลือกสีได้ | ขนาด W90 D90 H72 (46) ,ฌ เฌอ | 1 ที่นั่ง 1 แขน  ทากะ (Taka 1R)   หนังแท้ (ออย)เลือกสีได้ | ขนาด W90 D90 H72 (46)  ราคา 96300 ลด 30% เหลือ 67410 ชำระเป็นเงินสด ลด on top เพิ่ม 10% เหลือ 60669 ภายใน เดือนกันยายน 2569 และส่วนลดเพิ่มเติมตามโปรฯ ได้ที่ https://chawcher.com/category/promotion/,ฌ เฌอ,1 ที่นั่ง 1 แขน,,ทากะ,(Taka 1R),,,หนังแท้ (ออย),เลือกสีได้,W90,D90,H72 (46),,,B 96300.00,30%,B 67410.00,10%,B 60669.00
ฌ เฌอ | 1 ที่นั่ง 1 แขน  ทากะ (Taka 1R)   หนังแท้เลือกสีได้ | ขนาด W90 D90 H72 (46) ,ฌ เฌอ | 1 ที่นั่ง 1 แขน  ทากะ (Taka 1R)   หนังแท้เลือกสีได้ | ขนาด W90 D90 H72 (46)  ราคา 73800 ลด 30% เหลือ 51660 ชำระเป็นเงินสด ลด on top เพิ่ม 10% เหลือ 46494 ภายใน เดือนกันยายน 2569 และส่วนลดเพิ่มเติมตามโปรฯ ได้ที่ https://chawcher.com/category/promotion/,ฌ เฌอ,1 ที่นั่ง 1 แขน,,ทากะ,(Taka 1R),,,หนังแท้,เลือกสีได้,W90,D90,H72 (46),,,B 73800.00,30%,B 51660.00,10%,B 46494.00
ฌ เฌอ | 1 ที่นั่ง ไม่มีแขน  ทากะ (Taka Arm Less)   ผ้า A เลือกสีได้ | ขนาด W83 D90 H72 (46) ,ฌ เฌอ | 1 ที่นั่ง ไม่มีแขน  ทากะ (Taka Arm Less)   ผ้า A เลือกสีได้ | ขนาด W83 D90 H72 (46)  ราคา 40500 ลด 30% เหลือ 28350 ชำระเป็นเงินสด ลด on top เพิ่ม 10% เหลือ 25515 ภายใน เดือนกันยายน 2569 และส่วนลดเพิ่มเติมตามโปรฯ ได้ที่ https://chawcher.com/category/promotion/,ฌ เฌอ,1 ที่นั่ง ไม่มีแขน,,ทากะ,(Taka Arm Less),,,ผ้า A ,เลือกสีได้,W83,D90,H72 (46),,,B 40500.00,30%,B 28350.00,10%,B 25515.00
ฌ เฌอ | 1 ที่นั่ง ไม่มีแขน  ทากะ (Taka Arm Less)   ผ้า B เลือกสีได้ | ขนาด W83 D90 H72 (46) ,ฌ เฌอ | 1 ที่นั่ง ไม่มีแขน  ทากะ (Taka Arm Less)   ผ้า B เลือกสีได้ | ขนาด W83 D90 H72 (46)  ราคา 45450 ลด 30% เหลือ 31815 ชำระเป็นเงินสด ลด on top เพิ่ม 10% เหลือ 28633.5 ภายใน เดือนกันยายน 2569 และส่วนลดเพิ่มเติมตามโปรฯ ได้ที่ https://chawcher.com/category/promotion/,ฌ เฌอ,1 ที่นั่ง ไม่มีแขน,,ทากะ,(Taka Arm Less),,,ผ้า B ,เลือกสีได้,W83,D90,H72 (46),,,B 45450.00,30%,B 31815.00,10%,B 28633.50
ฌ เฌอ | 1 ที่นั่ง ไม่มีแขน  ทากะ (Taka Arm Less)   ผ้า C เลือกสีได้ | ขนาด W83 D90 H72 (46) ,ฌ เฌอ | 1 ที่นั่ง ไม่มีแขน  ทากะ (Taka Arm Less)   ผ้า C เลือกสีได้ | ขนาด W83 D90 H72 (46)  ราคา 50850 ลด 30% เหลือ 35595 ชำระเป็นเงินสด ลด on top เพิ่ม 10% เหลือ 32035.5 ภายใน เดือนกันยายน 2569 และส่วนลดเพิ่มเติมตามโปรฯ ได้ที่ https://chawcher.com/category/promotion/,ฌ เฌอ,1 ที่นั่ง ไม่มีแขน,,ทากะ,(Taka Arm Less),,,ผ้า C ,เลือกสีได้,W83,D90,H72 (46),,,B 50850.00,30%,B 35595.00,10%,B 32035.50
ฌ เฌอ | 1 ที่นั่ง ไม่มีแขน  ทากะ (Taka Arm Less)   หนังแท้ (ออย)เลือกสีได้ | ขนาด W83 D90 H72 (46) ,ฌ เฌอ | 1 ที่นั่ง ไม่มีแขน  ทากะ (Taka Arm Less)   หนังแท้ (ออย)เลือกสีได้ | ขนาด W83 D90 H72 (46)  ราคา 74700 ลด 30% เหลือ 52290 ชำระเป็นเงินสด ลด on top เพิ่ม 10% เหลือ 47061 ภายใน เดือนกันยายน 2569 และส่วนลดเพิ่มเติมตามโปรฯ ได้ที่ https://chawcher.com/category/promotion/,ฌ เฌอ,1 ที่นั่ง ไม่มีแขน,,ทากะ,(Taka Arm Less),,,หนังแท้ (ออย),เลือกสีได้,W83,D90,H72 (46),,,B 74700.00,30%,B 52290.00,10%,B 47061.00
ฌ เฌอ | 1 ที่นั่ง ไม่มีแขน  ทากะ (Taka Arm Less)   หนังแท้เลือกสีได้ | ขนาด W83 D90 H72 (46) ,ฌ เฌอ | 1 ที่นั่ง ไม่มีแขน  ทากะ (Taka Arm Less)   หนังแท้เลือกสีได้ | ขนาด W83 D90 H72 (46)  ราคา 58950 ลด 30% เหลือ 41265 ชำระเป็นเงินสด ลด on top เพิ่ม 10% เหลือ 37138.5 ภายใน เดือนกันยายน 2569 และส่วนลดเพิ่มเติมตามโปรฯ ได้ที่ https://chawcher.com/category/promotion/,ฌ เฌอ,1 ที่นั่ง ไม่มีแขน,,ทากะ,(Taka Arm Less),,,หนังแท้,เลือกสีได้,W83,D90,H72 (46),,,B 58950.00,30%,B 41265.00,10%,B 37138.50
ฌ เฌอ | 3 ที่นั่ง ไม่มีแขน  ทากะ (Taka Arm Less)   ผ้า A เลือกสีได้ | ขนาด W180 D90 H72 (46) ,ฌ เฌอ | 3 ที่นั่ง ไม่มีแขน  ทากะ (Taka Arm Less)   ผ้า A เลือกสีได้ | ขนาด W180 D90 H72 (46)  ราคา 71550 ลด 30% เหลือ 50085 ชำระเป็นเงินสด ลด on top เพิ่ม 10% เหลือ 45076.5 ภายใน เดือนกันยายน 2569 และส่วนลดเพิ่มเติมตามโปรฯ ได้ที่ https://chawcher.com/category/promotion/,ฌ เฌอ,3 ที่นั่ง ไม่มีแขน,,ทากะ,(Taka Arm Less),,,ผ้า A ,เลือกสีได้,W180,D90,H72 (46),,,B 71550.00,30%,B 50085.00,10%,B 45076.50
ฌ เฌอ | 3 ที่นั่ง ไม่มีแขน  ทากะ (Taka Arm Less)   ผ้า B เลือกสีได้ | ขนาด W180 D90 H72 (46) ,ฌ เฌอ | 3 ที่นั่ง ไม่มีแขน  ทากะ (Taka Arm Less)   ผ้า B เลือกสีได้ | ขนาด W180 D90 H72 (46)  ราคา 80100 ลด 30% เหลือ 56070 ชำระเป็นเงินสด ลด on top เพิ่ม 10% เหลือ 50463 ภายใน เดือนกันยายน 2569 และส่วนลดเพิ่มเติมตามโปรฯ ได้ที่ https://chawcher.com/category/promotion/,ฌ เฌอ,3 ที่นั่ง ไม่มีแขน,,ทากะ,(Taka Arm Less),,,ผ้า B ,เลือกสีได้,W180,D90,H72 (46),,,B 80100.00,30%,B 56070.00,10%,B 50463.00
ฌ เฌอ | 3 ที่นั่ง ไม่มีแขน  ทากะ (Taka Arm Less)   ผ้า C เลือกสีได้ | ขนาด W180 D90 H72 (46) ,ฌ เฌอ | 3 ที่นั่ง ไม่มีแขน  ทากะ (Taka Arm Less)   ผ้า C เลือกสีได้ | ขนาด W180 D90 H72 (46)  ราคา 90900 ลด 30% เหลือ 63630 ชำระเป็นเงินสด ลด on top เพิ่ม 10% เหลือ 57267 ภายใน เดือนกันยายน 2569 และส่วนลดเพิ่มเติมตามโปรฯ ได้ที่ https://chawcher.com/category/promotion/,ฌ เฌอ,3 ที่นั่ง ไม่มีแขน,,ทากะ,(Taka Arm Less),,,ผ้า C ,เลือกสีได้,W180,D90,H72 (46),,,B 90900.00,30%,B 63630.00,10%,B 57267.00
ฌ เฌอ | 3 ที่นั่ง ไม่มีแขน  ทากะ (Taka Arm Less)   หนังแท้ (ออย)เลือกสีได้ | ขนาด W180 D90 H72 (46) ,ฌ เฌอ | 3 ที่นั่ง ไม่มีแขน  ทากะ (Taka Arm Less)   หนังแท้ (ออย)เลือกสีได้ | ขนาด W180 D90 H72 (46)  ราคา 143100 ลด 30% เหลือ 100170 ชำระเป็นเงินสด ลด on top เพิ่ม 10% เหลือ 90153 ภายใน เดือนกันยายน 2569 และส่วนลดเพิ่มเติมตามโปรฯ ได้ที่ https://chawcher.com/category/promotion/,ฌ เฌอ,3 ที่นั่ง ไม่มีแขน,,ทากะ,(Taka Arm Less),,,หนังแท้ (ออย),เลือกสีได้,W180,D90,H72 (46),,,B 143100.00,30%,B 100170.00,10%,B 90153.00
ฌ เฌอ | 3 ที่นั่ง ไม่มีแขน  ทากะ (Taka Arm Less)   หนังแท้เลือกสีได้ | ขนาด W180 D90 H72 (46) ,ฌ เฌอ | 3 ที่นั่ง ไม่มีแขน  ทากะ (Taka Arm Less)   หนังแท้เลือกสีได้ | ขนาด W180 D90 H72 (46)  ราคา 110700 ลด 30% เหลือ 77490 ชำระเป็นเงินสด ลด on top เพิ่ม 10% เหลือ 69741 ภายใน เดือนกันยายน 2569 และส่วนลดเพิ่มเติมตามโปรฯ ได้ที่ https://chawcher.com/category/promotion/,ฌ เฌอ,3 ที่นั่ง ไม่มีแขน,,ทากะ,(Taka Arm Less),,,หนังแท้,เลือกสีได้,W180,D90,H72 (46),,,B 110700.00,30%,B 77490.00,10%,B 69741.00
ฌ เฌอ | Recliner  ฟลามิงโก้ (Flamingo Recliner)   ผ้า A เลือกสีได้ | ขนาด W74 D97 H97 cm,ฌ เฌอ | Recliner  ฟลามิงโก้ (Flamingo Recliner)   ผ้า A เลือกสีได้ | ขนาด W74 D97 H97 cm ราคา 47500 ลด 45% เหลือ 26125 ชำระเป็นเงินสด ลด on top เพิ่ม 10% เหลือ 23512.5 ภายใน เดือนกันยายน 2569 และส่วนลดเพิ่มเติมตามโปรฯ ได้ที่ https://chawcher.com/category/promotion/,ฌ เฌอ,Recliner,,ฟลามิงโก้,(Flamingo Recliner),,,ผ้า A ,เลือกสีได้,W74,D97,H97,cm,10502594,B 47500.00,45%,B 26125.00,10%,B 23512.50
ฌ เฌอ | Recliner  ฟลามิงโก้ (Flamingo Recliner)   ผ้า B เลือกสีได้ | ขนาด W74 D97 H97 cm,ฌ เฌอ | Recliner  ฟลามิงโก้ (Flamingo Recliner)   ผ้า B เลือกสีได้ | ขนาด W74 D97 H97 cm ราคา 52500 ลด 45% เหลือ 28875 ชำระเป็นเงินสด ลด on top เพิ่ม 10% เหลือ 25987.5 ภายใน เดือนกันยายน 2569 และส่วนลดเพิ่มเติมตามโปรฯ ได้ที่ https://chawcher.com/category/promotion/,ฌ เฌอ,Recliner,,ฟลามิงโก้,(Flamingo Recliner),,,ผ้า B ,เลือกสีได้,W74,D97,H97,cm,xxxxxxxx,B 52500.00,45%,B 28875.00,10%,B 25987.50
ฌ เฌอ | Recliner  ฟลามิงโก้ (Flamingo Recliner)   ผ้า C เลือกสีได้ | ขนาด W74 D97 H97 cm,ฌ เฌอ | Recliner  ฟลามิงโก้ (Flamingo Recliner)   ผ้า C เลือกสีได้ | ขนาด W74 D97 H97 cm ราคา 54700 ลด 30% เหลือ 38290 ชำระเป็นเงินสด ลด on top เพิ่ม 10% เหลือ 34461 ภายใน เดือนกันยายน 2569 และส่วนลดเพิ่มเติมตามโปรฯ ได้ที่ https://chawcher.com/category/promotion/,ฌ เฌอ,Recliner,,ฟลามิงโก้,(Flamingo Recliner),,,ผ้า C ,เลือกสีได้,W74,D97,H97,cm,xxxxxxxx,B 54700.00,30%,B 38290.00,10%,B 34461.00
ฌ เฌอ | Recliner  ฟลามิงโก้ (Flamingo Recliner)   หนังแท้ (ออย)เลือกสีได้ | ขนาด W74 D97 H97 cm,ฌ เฌอ | Recliner  ฟลามิงโก้ (Flamingo Recliner)   หนังแท้ (ออย)เลือกสีได้ | ขนาด W74 D97 H97 cm ราคา 73200 ลด 30% เหลือ 51240 ชำระเป็นเงินสด ลด on top เพิ่ม 10% เหลือ 46116 ภายใน เดือนกันยายน 2569 และส่วนลดเพิ่มเติมตามโปรฯ ได้ที่ https://chawcher.com/category/promotion/,ฌ เฌอ,Recliner,,ฟลามิงโก้,(Flamingo Recliner),,,หนังแท้ (ออย),เลือกสีได้,W74,D97,H97,cm,xxxxxxxx,B 73200.00,30%,B 51240.00,10%,B 46116.00
ฌ เฌอ | Recliner  ฟลามิงโก้ (Flamingo Recliner)   หนังแท้ / PVC เลือกสีได้ | ขนาด W74 D97 H97 cm,ฌ เฌอ | Recliner  ฟลามิงโก้ (Flamingo Recliner)   หนังแท้ / PVC เลือกสีได้ | ขนาด W74 D97 H97 cm ราคา 49000 ลด 30% เหลือ 34300 ชำระเป็นเงินสด ลด on top เพิ่ม 10% เหลือ 30870 ภายใน เดือนกันยายน 2569 และส่วนลดเพิ่มเติมตามโปรฯ ได้ที่ https://chawcher.com/category/promotion/,ฌ เฌอ,Recliner,,ฟลามิงโก้,(Flamingo Recliner),,,หนังแท้ / PVC ,เลือกสีได้,W74,D97,H97,cm,xxxxxxxx,B 49000.00,30%,B 34300.00,10%,B 30870.00
ฌ เฌอ | Recliner  ฟลามิงโก้ (Flamingo Recliner)   หนังแท้เลือกสีได้ | ขนาด W74 D97 H97 cm,ฌ เฌอ | Recliner  ฟลามิงโก้ (Flamingo Recliner)   หนังแท้เลือกสีได้ | ขนาด W74 D97 H97 cm ราคา 58500 ลด 30% เหลือ 40950 ชำระเป็นเงินสด ลด on top เพิ่ม 10% เหลือ 36855 ภายใน เดือนกันยายน 2569 และส่วนลดเพิ่มเติมตามโปรฯ ได้ที่ https://chawcher.com/category/promotion/,ฌ เฌอ,Recliner,,ฟลามิงโก้,(Flamingo Recliner),,,หนังแท้,เลือกสีได้,W74,D97,H97,cm,10502512,B 58500.00,30%,B 40950.00,10%,B 36855.00
ฌ เฌอ | Recliner 2 ที่นั่ง ฟลามิงโก้ (Flamingo Recliner)   ผ้า A เลือกสีได้ | ขนาด W146 D97 H97 cm,ฌ เฌอ | Recliner 2 ที่นั่ง ฟลามิงโก้ (Flamingo Recliner)   ผ้า A เลือกสีได้ | ขนาด W146 D97 H97 cm ราคา 85500 ลด 30% เหลือ 59850 ชำระเป็นเงินสด ลด on top เพิ่ม 10% เหลือ 53865 ภายใน เดือนกันยายน 2569 และส่วนลดเพิ่มเติมตามโปรฯ ได้ที่ https://chawcher.com/category/promotion/,ฌ เฌอ,Recliner,2 ที่นั่ง,ฟลามิงโก้,(Flamingo Recliner),,,ผ้า A ,เลือกสีได้,W146,D97,H97,cm,xxxxxxxx,B 85500.00,30%,B 59850.00,10%,B 53865.00
ฌ เฌอ | Recliner 2 ที่นั่ง ฟลามิงโก้ (Flamingo Recliner)   ผ้า B เลือกสีได้ | ขนาด W146 D97 H97 cm,ฌ เฌอ | Recliner 2 ที่นั่ง ฟลามิงโก้ (Flamingo Recliner)   ผ้า B เลือกสีได้ | ขนาด W146 D97 H97 cm ราคา 94500 ลด 30% เหลือ 66150 ชำระเป็นเงินสด ลด on top เพิ่ม 10% เหลือ 59535 ภายใน เดือนกันยายน 2569 และส่วนลดเพิ่มเติมตามโปรฯ ได้ที่ https://chawcher.com/category/promotion/,ฌ เฌอ,Recliner,2 ที่นั่ง,ฟลามิงโก้,(Flamingo Recliner),,,ผ้า B ,เลือกสีได้,W146,D97,H97,cm,xxxxxxxx,B 94500.00,30%,B 66150.00,10%,B 59535.00
ฌ เฌอ | Recliner 2 ที่นั่ง ฟลามิงโก้ (Flamingo Recliner)   ผ้า C เลือกสีได้ | ขนาด W146 D97 H97 cm,ฌ เฌอ | Recliner 2 ที่นั่ง ฟลามิงโก้ (Flamingo Recliner)   ผ้า C เลือกสีได้ | ขนาด W146 D97 H97 cm ราคา 98460 ลด 30% เหลือ 68922 ชำระเป็นเงินสด ลด on top เพิ่ม 10% เหลือ 62029.8 ภายใน เดือนกันยายน 2569 และส่วนลดเพิ่มเติมตามโปรฯ ได้ที่ https://chawcher.com/category/promotion/,ฌ เฌอ,Recliner,2 ที่นั่ง,ฟลามิงโก้,(Flamingo Recliner),,,ผ้า C ,เลือกสีได้,W146,D97,H97,cm,xxxxxxxx,B 98460.00,30%,B 68922.00,10%,B 62029.80
ฌ เฌอ | Recliner 2 ที่นั่ง ฟลามิงโก้ (Flamingo Recliner)   หนังแท้ (ออย)เลือกสีได้ | ขนาด W146 D97 H97 cm,ฌ เฌอ | Recliner 2 ที่นั่ง ฟลามิงโก้ (Flamingo Recliner)   หนังแท้ (ออย)เลือกสีได้ | ขนาด W146 D97 H97 cm ราคา 131760 ลด 30% เหลือ 92232 ชำระเป็นเงินสด ลด on top เพิ่ม 10% เหลือ 83008.8 ภายใน เดือนกันยายน 2569 และส่วนลดเพิ่มเติมตามโปรฯ ได้ที่ https://chawcher.com/category/promotion/,ฌ เฌอ,Recliner,2 ที่นั่ง,ฟลามิงโก้,(Flamingo Recliner),,,หนังแท้ (ออย),เลือกสีได้,W146,D97,H97,cm,xxxxxxxx,B 131760.00,30%,B 92232.00,10%,B 83008.80
ฌ เฌอ | Recliner 2 ที่นั่ง ฟลามิงโก้ (Flamingo Recliner)   หนังแท้เลือกสีได้ | ขนาด W146 D97 H97 cm,ฌ เฌอ | Recliner 2 ที่นั่ง ฟลามิงโก้ (Flamingo Recliner)   หนังแท้เลือกสีได้ | ขนาด W146 D97 H97 cm ราคา 105300 ลด 30% เหลือ 73710 ชำระเป็นเงินสด ลด on top เพิ่ม 10% เหลือ 66339 ภายใน เดือนกันยายน 2569 และส่วนลดเพิ่มเติมตามโปรฯ ได้ที่ https://chawcher.com/category/promotion/,ฌ เฌอ,Recliner,2 ที่นั่ง,ฟลามิงโก้,(Flamingo Recliner),,,หนังแท้,เลือกสีได้,W146,D97,H97,cm,xxxxxxxx,B 105300.00,30%,B 73710.00,10%,B 66339.00
ฌ เฌอ | เก้าอี้  กีวี่ (Kiwi Chair) ไม้โอ๊ค  สีธรรมชาติ ผ้า A เลือกสีได้ | ขนาด W51 D54 H73 cm,ฌ เฌอ | เก้าอี้  กีวี่ (Kiwi Chair) ไม้โอ๊ค  สีธรรมชาติ ผ้า A เลือกสีได้ | ขนาด W51 D54 H73 cm ราคา 10500 ลด 15% เหลือ 8925 ชำระเป็นเงินสด ลด on top เพิ่ม 0% เหลือ 8925 ภายใน เดือนกันยายน 2569 และส่วนลดเพิ่มเติมตามโปรฯ ได้ที่ https://chawcher.com/category/promotion/,ฌ เฌอ,เก้าอี้,,กีวี่,(Kiwi Chair),ไม้โอ๊ค ,สีธรรมชาติ,ผ้า A ,เลือกสีได้,W51,D54,H73,cm,10033346,B 10500.00,15%,B 8925.00,0%,B 8925.00
ฌ เฌอ | เก้าอี้  กีวี่ (Kiwi Chair) ไม้โอ๊ค  สีวอลนัท ผ้า A เลือกสีได้ | ขนาด W51 D54 H73 cm,ฌ เฌอ | เก้าอี้  กีวี่ (Kiwi Chair) ไม้โอ๊ค  สีวอลนัท ผ้า A เลือกสีได้ | ขนาด W51 D54 H73 cm ราคา 10500 ลด 15% เหลือ 8925 ชำระเป็นเงินสด ลด on top เพิ่ม 0% เหลือ 8925 ภายใน เดือนกันยายน 2569 และส่วนลดเพิ่มเติมตามโปรฯ ได้ที่ https://chawcher.com/category/promotion/,ฌ เฌอ,เก้าอี้,,กีวี่,(Kiwi Chair),ไม้โอ๊ค ,สีวอลนัท,ผ้า A ,เลือกสีได้,W51,D54,H73,cm,10134468,B 10500.00,15%,B 8925.00,0%,B 8925.00
ฌ เฌอ | เก้าอี้  ขุนทอง (Koontong Dining Chair)   ผ้า A เลือกสีได้ | ขนาด W63 D63 H77 cm,ฌ เฌอ | เก้าอี้  ขุนทอง (Koontong Dining Chair)   ผ้า A เลือกสีได้ | ขนาด W63 D63 H77 cm ราคา 14500 ลด 40% เหลือ 8700 ชำระเป็นเงินสด ลด on top เพิ่ม 10% เหลือ 7830 ภายใน เดือนกันยายน 2569 และส่วนลดเพิ่มเติมตามโปรฯ ได้ที่ https://chawcher.com/category/promotion/,ฌ เฌอ,เก้าอี้,,ขุนทอง,(Koontong Dining Chair),,,ผ้า A ,เลือกสีได้,W63,D63,H77,cm,,B 14500.00,40%,B 8700.00,10%,B 7830.00
ฌ เฌอ | เก้าอี้  ขุนทอง (Koontong Dining Chair)   ผ้า B เลือกสีได้ | ขนาด W63 D63 H77 cm,ฌ เฌอ | เก้าอี้  ขุนทอง (Koontong Dining Chair)   ผ้า B เลือกสีได้ | ขนาด W63 D63 H77 cm ราคา 17500 ลด 40% เหลือ 10500 ชำระเป็นเงินสด ลด on top เพิ่ม 10% เหลือ 9450 ภายใน เดือนกันยายน 2569 และส่วนลดเพิ่มเติมตามโปรฯ ได้ที่ https://chawcher.com/category/promotion/,ฌ เฌอ,เก้าอี้,,ขุนทอง,(Koontong Dining Chair),,,ผ้า B ,เลือกสีได้,W63,D63,H77,cm,,B 17500.00,40%,B 10500.00,10%,B 9450.00
ฌ เฌอ | เก้าอี้  ขุนทอง (Koontong Dining Chair)   ผ้า C เลือกสีได้ | ขนาด W63 D63 H77 cm,ฌ เฌอ | เก้าอี้  ขุนทอง (Koontong Dining Chair)   ผ้า C เลือกสีได้ | ขนาด W63 D63 H77 cm ราคา 20400 ลด 40% เหลือ 12240 ชำระเป็นเงินสด ลด on top เพิ่ม 10% เหลือ 11016 ภายใน เดือนกันยายน 2569 และส่วนลดเพิ่มเติมตามโปรฯ ได้ที่ https://chawcher.com/category/promotion/,ฌ เฌอ,เก้าอี้,,ขุนทอง,(Koontong Dining Chair),,,ผ้า C ,เลือกสีได้,W63,D63,H77,cm,,B 20400.00,40%,B 12240.00,10%,B 11016.00
ฌ เฌอ | เก้าอี้  ขุนทอง (Koontong Dining Chair)   หนังแท้ (ออย)เลือกสีได้ | ขนาด W63 D63 H77 cm,ฌ เฌอ | เก้าอี้  ขุนทอง (Koontong Dining Chair)   หนังแท้ (ออย)เลือกสีได้ | ขนาด W63 D63 H77 cm ราคา 33500 ลด 40% เหลือ 20100 ชำระเป็นเงินสด ลด on top เพิ่ม 10% เหลือ 18090 ภายใน เดือนกันยายน 2569 และส่วนลดเพิ่มเติมตามโปรฯ ได้ที่ https://chawcher.com/category/promotion/,ฌ เฌอ,เก้าอี้,,ขุนทอง,(Koontong Dining Chair),,,หนังแท้ (ออย),เลือกสีได้,W63,D63,H77,cm,,B 33500.00,40%,B 20100.00,10%,B 18090.00
ฌ เฌอ | เก้าอี้  ขุนทอง (Koontong Dining Chair)   หนังแท้เลือกสีได้ | ขนาด W63 D63 H77 cm,ฌ เฌอ | เก้าอี้  ขุนทอง (Koontong Dining Chair)   หนังแท้เลือกสีได้ | ขนาด W63 D63 H77 cm ราคา 25000 ลด 40% เหลือ 15000 ชำระเป็นเงินสด ลด on top เพิ่ม 10% เหลือ 13500 ภายใน เดือนกันยายน 2569 และส่วนลดเพิ่มเติมตามโปรฯ ได้ที่ https://chawcher.com/category/promotion/,ฌ เฌอ,เก้าอี้,,ขุนทอง,(Koontong Dining Chair),,,หนังแท้,เลือกสีได้,W63,D63,H77,cm,,B 25000.00,40%,B 15000.00,10%,B 13500.00
ฌ เฌอ | เก้าอี้  สวอน (Swan Dining Chair)   ผ้า A เลือกสีได้ | ขนาด W52 D60 H79 cm,ฌ เฌอ | เก้าอี้  สวอน (Swan Dining Chair)   ผ้า A เลือกสีได้ | ขนาด W52 D60 H79 cm ราคา 12500 ลด 40% เหลือ 7500 ชำระเป็นเงินสด ลด on top เพิ่ม 10% เหลือ 6750 ภายใน เดือนกันยายน 2569 และส่วนลดเพิ่มเติมตามโปรฯ ได้ที่ https://chawcher.com/category/promotion/,ฌ เฌอ,เก้าอี้,,สวอน,(Swan Dining Chair),,,ผ้า A ,เลือกสีได้,W52,D60,H79,cm,,B 12500.00,40%,B 7500.00,10%,B 6750.00
ฌ เฌอ | เก้าอี้  สวอน (Swan Dining Chair)   ผ้า B เลือกสีได้ | ขนาด W52 D60 H79 cm,ฌ เฌอ | เก้าอี้  สวอน (Swan Dining Chair)   ผ้า B เลือกสีได้ | ขนาด W52 D60 H79 cm ราคา 14500 ลด 40% เหลือ 8700 ชำระเป็นเงินสด ลด on top เพิ่ม 10% เหลือ 7830 ภายใน เดือนกันยายน 2569 และส่วนลดเพิ่มเติมตามโปรฯ ได้ที่ https://chawcher.com/category/promotion/,ฌ เฌอ,เก้าอี้,,สวอน,(Swan Dining Chair),,,ผ้า B ,เลือกสีได้,W52,D60,H79,cm,,B 14500.00,40%,B 8700.00,10%,B 7830.00
ฌ เฌอ | เก้าอี้  สวอน (Swan Dining Chair)   ผ้า C เลือกสีได้ | ขนาด W52 D60 H79 cm,ฌ เฌอ | เก้าอี้  สวอน (Swan Dining Chair)   ผ้า C เลือกสีได้ | ขนาด W52 D60 H79 cm ราคา 16800 ลด 40% เหลือ 10080 ชำระเป็นเงินสด ลด on top เพิ่ม 10% เหลือ 9072 ภายใน เดือนกันยายน 2569 และส่วนลดเพิ่มเติมตามโปรฯ ได้ที่ https://chawcher.com/category/promotion/,ฌ เฌอ,เก้าอี้,,สวอน,(Swan Dining Chair),,,ผ้า C ,เลือกสีได้,W52,D60,H79,cm,,B 16800.00,40%,B 10080.00,10%,B 9072.00
ฌ เฌอ | เก้าอี้  สวอน (Swan Dining Chair)   หนังแท้ (ออย)เลือกสีได้ | ขนาด W52 D60 H79 cm,ฌ เฌอ | เก้าอี้  สวอน (Swan Dining Chair)   หนังแท้ (ออย)เลือกสีได้ | ขนาด W52 D60 H79 cm ราคา 25800 ลด 40% เหลือ 15480 ชำระเป็นเงินสด ลด on top เพิ่ม 10% เหลือ 13932 ภายใน เดือนกันยายน 2569 และส่วนลดเพิ่มเติมตามโปรฯ ได้ที่ https://chawcher.com/category/promotion/,ฌ เฌอ,เก้าอี้,,สวอน,(Swan Dining Chair),,,หนังแท้ (ออย),เลือกสีได้,W52,D60,H79,cm,,B 25800.00,40%,B 15480.00,10%,B 13932.00
ฌ เฌอ | เก้าอี้  สวอน (Swan Dining Chair)   หนังแท้เลือกสีได้ | ขนาด W52 D60 H79 cm,ฌ เฌอ | เก้าอี้  สวอน (Swan Dining Chair)   หนังแท้เลือกสีได้ | ขนาด W52 D60 H79 cm ราคา 19800 ลด 40% เหลือ 11880 ชำระเป็นเงินสด ลด on top เพิ่ม 10% เหลือ 10692 ภายใน เดือนกันยายน 2569 และส่วนลดเพิ่มเติมตามโปรฯ ได้ที่ https://chawcher.com/category/promotion/,ฌ เฌอ,เก้าอี้,,สวอน,(Swan Dining Chair),,,หนังแท้,เลือกสีได้,W52,D60,H79,cm,,B 19800.00,40%,B 11880.00,10%,B 10692.00
ฌ เฌอ | เก้าอี้  อีมู  (Emu Chair) ไม้โอ๊ค  สีธรรมชาติ ผ้า A เลือกสีได้ | ขนาด W52 D53 H80 cm,ฌ เฌอ | เก้าอี้  อีมู  (Emu Chair) ไม้โอ๊ค  สีธรรมชาติ ผ้า A เลือกสีได้ | ขนาด W52 D53 H80 cm ราคา 9300 ลด 15% เหลือ 7905 ชำระเป็นเงินสด ลด on top เพิ่ม 0% เหลือ 7905 ภายใน เดือนกันยายน 2569 และส่วนลดเพิ่มเติมตามโปรฯ ได้ที่ https://chawcher.com/category/promotion/,ฌ เฌอ,เก้าอี้,,อีมู ,(Emu Chair),ไม้โอ๊ค ,สีธรรมชาติ,ผ้า A ,เลือกสีได้,W52,D53,H80,cm,10061301,B 9300.00,15%,B 7905.00,0%,B 7905.00
ฌ เฌอ | เก้าอี้  อีมู  (Emu Chair) ไม้โอ๊ค  สีวอลนัท ผ้า A เลือกสีได้ | ขนาด W52 D53 H80 cm,ฌ เฌอ | เก้าอี้  อีมู  (Emu Chair) ไม้โอ๊ค  สีวอลนัท ผ้า A เลือกสีได้ | ขนาด W52 D53 H80 cm ราคา 9300 ลด 15% เหลือ 7905 ชำระเป็นเงินสด ลด on top เพิ่ม 0% เหลือ 7905 ภายใน เดือนกันยายน 2569 และส่วนลดเพิ่มเติมตามโปรฯ ได้ที่ https://chawcher.com/category/promotion/,ฌ เฌอ,เก้าอี้,,อีมู ,(Emu Chair),ไม้โอ๊ค ,สีวอลนัท,ผ้า A ,เลือกสีได้,W52,D53,H80,cm,10061302,B 9300.00,15%,B 7905.00,0%,B 7905.00
ฌ เฌอ | โคซี่แชร์ ฐานหมุนได้ ฮูก (Hook Cozy Chair)   ผ้า A เลือกสีได้ | ขนาด W79 D92 H72 cm,ฌ เฌอ | โคซี่แชร์ ฐานหมุนได้ ฮูก (Hook Cozy Chair)   ผ้า A เลือกสีได้ | ขนาด W79 D92 H72 cm ราคา 38200 ลด 30% เหลือ 26740 ชำระเป็นเงินสด ลด on top เพิ่ม 10% เหลือ 24066 ภายใน เดือนกันยายน 2569 และส่วนลดเพิ่มเติมตามโปรฯ ได้ที่ https://chawcher.com/category/promotion/,ฌ เฌอ,โคซี่แชร์,ฐานหมุนได้,ฮูก,(Hook Cozy Chair),,,ผ้า A ,เลือกสีได้,W79,D92,H72,cm,10029848,B 38200.00,30%,B 26740.00,10%,B 24066.00
ฌ เฌอ | โคซี่แชร์ ฐานหมุนได้ ฮูก (Hook Cozy Chair)   ผ้า B เลือกสีได้ | ขนาด W79 D92 H72 cm,ฌ เฌอ | โคซี่แชร์ ฐานหมุนได้ ฮูก (Hook Cozy Chair)   ผ้า B เลือกสีได้ | ขนาด W79 D92 H72 cm ราคา 42000 ลด 30% เหลือ 29400 ชำระเป็นเงินสด ลด on top เพิ่ม 10% เหลือ 26460 ภายใน เดือนกันยายน 2569 และส่วนลดเพิ่มเติมตามโปรฯ ได้ที่ https://chawcher.com/category/promotion/,ฌ เฌอ,โคซี่แชร์,ฐานหมุนได้,ฮูก,(Hook Cozy Chair),,,ผ้า B ,เลือกสีได้,W79,D92,H72,cm,xxxxxxxx,B 42000.00,30%,B 29400.00,10%,B 26460.00
ฌ เฌอ | โคซี่แชร์ ฐานหมุนได้ ฮูก (Hook Cozy Chair)   ผ้า C เลือกสีได้ | ขนาด W79 D92 H72 cm,ฌ เฌอ | โคซี่แชร์ ฐานหมุนได้ ฮูก (Hook Cozy Chair)   ผ้า C เลือกสีได้ | ขนาด W79 D92 H72 cm ราคา 48000 ลด 30% เหลือ 33600 ชำระเป็นเงินสด ลด on top เพิ่ม 10% เหลือ 30240 ภายใน เดือนกันยายน 2569 และส่วนลดเพิ่มเติมตามโปรฯ ได้ที่ https://chawcher.com/category/promotion/,ฌ เฌอ,โคซี่แชร์,ฐานหมุนได้,ฮูก,(Hook Cozy Chair),,,ผ้า C ,เลือกสีได้,W79,D92,H72,cm,xxxxxxxx,B 48000.00,30%,B 33600.00,10%,B 30240.00
ฌ เฌอ | โคซี่แชร์ ฐานหมุนได้ ฮูก (Hook Cozy Chair)   หนังแท้ (ออย)เลือกสีได้ | ขนาด W79 D92 H72 cm,ฌ เฌอ | โคซี่แชร์ ฐานหมุนได้ ฮูก (Hook Cozy Chair)   หนังแท้ (ออย)เลือกสีได้ | ขนาด W79 D92 H72 cm ราคา 68500 ลด 30% เหลือ 47950 ชำระเป็นเงินสด ลด on top เพิ่ม 10% เหลือ 43155 ภายใน เดือนกันยายน 2569 และส่วนลดเพิ่มเติมตามโปรฯ ได้ที่ https://chawcher.com/category/promotion/,ฌ เฌอ,โคซี่แชร์,ฐานหมุนได้,ฮูก,(Hook Cozy Chair),,,หนังแท้ (ออย),เลือกสีได้,W79,D92,H72,cm,xxxxxxxx,B 68500.00,30%,B 47950.00,10%,B 43155.00
ฌ เฌอ | โคซี่แชร์ ฐานหมุนได้ ฮูก (Hook Cozy Chair)   หนังแท้เลือกสีได้ | ขนาด W79 D92 H72 cm,ฌ เฌอ | โคซี่แชร์ ฐานหมุนได้ ฮูก (Hook Cozy Chair)   หนังแท้เลือกสีได้ | ขนาด W79 D92 H72 cm ราคา 54800 ลด 30% เหลือ 38360 ชำระเป็นเงินสด ลด on top เพิ่ม 10% เหลือ 34524 ภายใน เดือนกันยายน 2569 และส่วนลดเพิ่มเติมตามโปรฯ ได้ที่ https://chawcher.com/category/promotion/,ฌ เฌอ,โคซี่แชร์,ฐานหมุนได้,ฮูก,(Hook Cozy Chair),,,หนังแท้,เลือกสีได้,W79,D92,H72,cm,10029847,B 54800.00,30%,B 38360.00,10%,B 34524.00
ฌ เฌอ | ชั้นวางทีวี  กระสา (Krasa TV cabinet)  ไม้โอ๊ค  สีธรรมชาติ  | ขนาด W180 D44.5 H45 cm,ฌ เฌอ | ชั้นวางทีวี  กระสา (Krasa TV cabinet)  ไม้โอ๊ค  สีธรรมชาติ  | ขนาด W180 D44.5 H45 cm ราคา 49900 ลด 20% เหลือ 39920 ชำระเป็นเงินสด ลด on top เพิ่ม 10% เหลือ 35928 ภายใน เดือนกันยายน 2569 และส่วนลดเพิ่มเติมตามโปรฯ ได้ที่ https://chawcher.com/category/promotion/,ฌ เฌอ,ชั้นวางทีวี,,กระสา ,(Krasa TV cabinet) ,ไม้โอ๊ค ,สีธรรมชาติ,,,W180,D44.5,H45,cm,10023918,B 49900.00,20%,B 39920.00,10%,B 35928.00
ฌ เฌอ | ชั้นวางทีวี  กระสา (Krasa TV cabinet)  ไม้โอ๊ค  สีธรรมชาติ  | ขนาด W200 D44.5 H45 cm,ฌ เฌอ | ชั้นวางทีวี  กระสา (Krasa TV cabinet)  ไม้โอ๊ค  สีธรรมชาติ  | ขนาด W200 D44.5 H45 cm ราคา 55000 ลด 20% เหลือ 44000 ชำระเป็นเงินสด ลด on top เพิ่ม 10% เหลือ 39600 ภายใน เดือนกันยายน 2569 และส่วนลดเพิ่มเติมตามโปรฯ ได้ที่ https://chawcher.com/category/promotion/,ฌ เฌอ,ชั้นวางทีวี,,กระสา ,(Krasa TV cabinet) ,ไม้โอ๊ค ,สีธรรมชาติ,,,W200,D44.5,H45,cm,10777135,B 55000.00,20%,B 44000.00,10%,B 39600.00
ฌ เฌอ | ชั้นวางทีวี  กระสา (Krasa TV cabinet)  ไม้โอ๊ค  สีวอลนัท  | ขนาด W180 D44.5 H45 cm,ฌ เฌอ | ชั้นวางทีวี  กระสา (Krasa TV cabinet)  ไม้โอ๊ค  สีวอลนัท  | ขนาด W180 D44.5 H45 cm ราคา 49900 ลด 20% เหลือ 39920 ชำระเป็นเงินสด ลด on top เพิ่ม 10% เหลือ 35928 ภายใน เดือนกันยายน 2569 และส่วนลดเพิ่มเติมตามโปรฯ ได้ที่ https://chawcher.com/category/promotion/,ฌ เฌอ,ชั้นวางทีวี,,กระสา ,(Krasa TV cabinet) ,ไม้โอ๊ค ,สีวอลนัท,,,W180,D44.5,H45,cm,10023919,B 49900.00,20%,B 39920.00,10%,B 35928.00
ฌ เฌอ | ชั้นวางทีวี  กระสา (Krasa TV cabinet)  ไม้โอ๊ค  สีวอลนัท  | ขนาด W200 D44.5 H45 cm,ฌ เฌอ | ชั้นวางทีวี  กระสา (Krasa TV cabinet)  ไม้โอ๊ค  สีวอลนัท  | ขนาด W200 D44.5 H45 cm ราคา 55000 ลด 20% เหลือ 44000 ชำระเป็นเงินสด ลด on top เพิ่ม 10% เหลือ 39600 ภายใน เดือนกันยายน 2569 และส่วนลดเพิ่มเติมตามโปรฯ ได้ที่ https://chawcher.com/category/promotion/,ฌ เฌอ,ชั้นวางทีวี,,กระสา ,(Krasa TV cabinet) ,ไม้โอ๊ค ,สีวอลนัท,,,W200,D44.5,H45,cm,10777136,B 55000.00,20%,B 44000.00,10%,B 39600.00
ฌ เฌอ | ชั้นวางทีวี  กางเขน (Kangkaen TV cabinet) ไม้โอ๊ค  สีธรรมชาติ  | ขนาด W160 D44.5 H43 cm,ฌ เฌอ | ชั้นวางทีวี  กางเขน (Kangkaen TV cabinet) ไม้โอ๊ค  สีธรรมชาติ  | ขนาด W160 D44.5 H43 cm ราคา 34400 ลด 20% เหลือ 27520 ชำระเป็นเงินสด ลด on top เพิ่ม 10% เหลือ 24768 ภายใน เดือนกันยายน 2569 และส่วนลดเพิ่มเติมตามโปรฯ ได้ที่ https://chawcher.com/category/promotion/,ฌ เฌอ,ชั้นวางทีวี,,กางเขน ,(Kangkaen TV cabinet),ไม้โอ๊ค ,สีธรรมชาติ,,,W160,D44.5,H43,cm,10023265,B 34400.00,20%,B 27520.00,10%,B 24768.00
ฌ เฌอ | ชั้นวางทีวี  ขมิ้น (Kamin TV cabinet) ไม้โอ๊ค  สีธรรมชาติ  | ขนาด W160 D44.5 H45 cm,ฌ เฌอ | ชั้นวางทีวี  ขมิ้น (Kamin TV cabinet) ไม้โอ๊ค  สีธรรมชาติ  | ขนาด W160 D44.5 H45 cm ราคา 43000 ลด 15% เหลือ 36550 ชำระเป็นเงินสด ลด on top เพิ่ม 10% เหลือ 32895 ภายใน เดือนกันยายน 2569 และส่วนลดเพิ่มเติมตามโปรฯ ได้ที่ https://chawcher.com/category/promotion/,ฌ เฌอ,ชั้นวางทีวี,,ขมิ้น,(Kamin TV cabinet),ไม้โอ๊ค ,สีธรรมชาติ,,,W160,D44.5,H45,cm,10027766,B 43000.00,15%,B 36550.00,10%,B 32895.00
ฌ เฌอ | ชั้นวางทีวี  ขมิ้น (Kamin TV cabinet) ไม้โอ๊ค  สีวอลนัท  | ขนาด W160 D44.5 H45 cm,ฌ เฌอ | ชั้นวางทีวี  ขมิ้น (Kamin TV cabinet) ไม้โอ๊ค  สีวอลนัท  | ขนาด W160 D44.5 H45 cm ราคา 43000 ลด 15% เหลือ 36550 ชำระเป็นเงินสด ลด on top เพิ่ม 10% เหลือ 32895 ภายใน เดือนกันยายน 2569 และส่วนลดเพิ่มเติมตามโปรฯ ได้ที่ https://chawcher.com/category/promotion/,ฌ เฌอ,ชั้นวางทีวี,,ขมิ้น,(Kamin TV cabinet),ไม้โอ๊ค ,สีวอลนัท,,,W160,D44.5,H45,cm,10027767,B 43000.00,15%,B 36550.00,10%,B 32895.00
ฌ เฌอ | ชั้นวางทีวี  ขุนทอง (Koontong TV cabinet)  ไม้โอ๊ค  สีธรรมชาติ  | ขนาด W150 D43.5 H45 cm,ฌ เฌอ | ชั้นวางทีวี  ขุนทอง (Koontong TV cabinet)  ไม้โอ๊ค  สีธรรมชาติ  | ขนาด W150 D43.5 H45 cm ราคา 42200 ลด 15% เหลือ 35870 ชำระเป็นเงินสด ลด on top เพิ่ม 10% เหลือ 32283 ภายใน เดือนกันยายน 2569 และส่วนลดเพิ่มเติมตามโปรฯ ได้ที่ https://chawcher.com/category/promotion/,ฌ เฌอ,ชั้นวางทีวี,,ขุนทอง,(Koontong TV cabinet) ,ไม้โอ๊ค ,สีธรรมชาติ,,,W150,D43.5,H45,cm,10027764,B 42200.00,15%,B 35870.00,10%,B 32283.00
ฌ เฌอ | ชั้นวางทีวี  ขุนทอง (Koontong TV cabinet)  ไม้โอ๊ค  สีธรรมชาติ  | ขนาด W180 D43.5 H45 cm,ฌ เฌอ | ชั้นวางทีวี  ขุนทอง (Koontong TV cabinet)  ไม้โอ๊ค  สีธรรมชาติ  | ขนาด W180 D43.5 H45 cm ราคา 49900 ลด 15% เหลือ 42415 ชำระเป็นเงินสด ลด on top เพิ่ม 10% เหลือ 38173.5 ภายใน เดือนกันยายน 2569 และส่วนลดเพิ่มเติมตามโปรฯ ได้ที่ https://chawcher.com/category/promotion/,ฌ เฌอ,ชั้นวางทีวี,,ขุนทอง,(Koontong TV cabinet) ,ไม้โอ๊ค ,สีธรรมชาติ,,,W180,D43.5,H45,cm,10802098,B 49900.00,15%,B 42415.00,10%,B 38173.50
ฌ เฌอ | ชั้นวางทีวี  ขุนทอง (Koontong TV cabinet)  ไม้โอ๊ค  สีวอลนัท  | ขนาด W150 D43.5 H45 cm,ฌ เฌอ | ชั้นวางทีวี  ขุนทอง (Koontong TV cabinet)  ไม้โอ๊ค  สีวอลนัท  | ขนาด W150 D43.5 H45 cm ราคา 42200 ลด 15% เหลือ 35870 ชำระเป็นเงินสด ลด on top เพิ่ม 10% เหลือ 32283 ภายใน เดือนกันยายน 2569 และส่วนลดเพิ่มเติมตามโปรฯ ได้ที่ https://chawcher.com/category/promotion/,ฌ เฌอ,ชั้นวางทีวี,,ขุนทอง,(Koontong TV cabinet) ,ไม้โอ๊ค ,สีวอลนัท,,,W150,D43.5,H45,cm,10027765,B 42200.00,15%,B 35870.00,10%,B 32283.00
ฌ เฌอ | ชั้นวางทีวี  ขุนทอง (Koontong TV cabinet)  ไม้โอ๊ค  สีวอลนัท  | ขนาด W180 D43.5 H45 cm,ฌ เฌอ | ชั้นวางทีวี  ขุนทอง (Koontong TV cabinet)  ไม้โอ๊ค  สีวอลนัท  | ขนาด W180 D43.5 H45 cm ราคา 49900 ลด 20% เหลือ 39920 ชำระเป็นเงินสด ลด on top เพิ่ม 10% เหลือ 35928 ภายใน เดือนกันยายน 2569 และส่วนลดเพิ่มเติมตามโปรฯ ได้ที่ https://chawcher.com/category/promotion/,ฌ เฌอ,ชั้นวางทีวี,,ขุนทอง,(Koontong TV cabinet) ,ไม้โอ๊ค ,สีวอลนัท,,,W180,D43.5,H45,cm,10802099,B 49900.00,20%,B 39920.00,10%,B 35928.00
ฌ เฌอ | ชั้นวางหนังสือ  เบิร์ด (Bird Bookshelf) ไม้วอลนัท สีธรรมชาติ  | ขนาด W80 D43 H180 cm,ฌ เฌอ | ชั้นวางหนังสือ  เบิร์ด (Bird Bookshelf) ไม้วอลนัท สีธรรมชาติ  | ขนาด W80 D43 H180 cm ราคา 33900 ลด 15% เหลือ 28815 ชำระเป็นเงินสด ลด on top เพิ่ม 10% เหลือ 25933.5 ภายใน เดือนกันยายน 2569 และส่วนลดเพิ่มเติมตามโปรฯ ได้ที่ https://chawcher.com/category/promotion/,ฌ เฌอ,ชั้นวางหนังสือ,,เบิร์ด,(Bird Bookshelf),ไม้วอลนัท,สีธรรมชาติ,,,W80,D43,H180,cm,10023917,B 33900.00,15%,B 28815.00,10%,B 25933.50
ฌ เฌอ | ชั้นวางหนังสือ  เบิร์ด (Bird Bookshelf) ไม้โอ๊ค  สีธรรมชาติ  | ขนาด W80 D43 H180 cm,ฌ เฌอ | ชั้นวางหนังสือ  เบิร์ด (Bird Bookshelf) ไม้โอ๊ค  สีธรรมชาติ  | ขนาด W80 D43 H180 cm ราคา 30100 ลด 15% เหลือ 25585 ชำระเป็นเงินสด ลด on top เพิ่ม 10% เหลือ 23026.5 ภายใน เดือนกันยายน 2569 และส่วนลดเพิ่มเติมตามโปรฯ ได้ที่ https://chawcher.com/category/promotion/,ฌ เฌอ,ชั้นวางหนังสือ,,เบิร์ด,(Bird Bookshelf),ไม้โอ๊ค ,สีธรรมชาติ,,,W80,D43,H180,cm,10023916,B 30100.00,15%,B 25585.00,10%,B 23026.50
ฌ เฌอ | โซฟา  กระเรียน (Krarean Sofa)   ผ้า A เลือกสีได้ | ขนาด W160 D97 H78 ,ฌ เฌอ | โซฟา  กระเรียน (Krarean Sofa)   ผ้า A เลือกสีได้ | ขนาด W160 D97 H78  ราคา 55000 ลด 25% เหลือ 41250 ชำระเป็นเงินสด ลด on top เพิ่ม 10% เหลือ 37125 ภายใน เดือนกันยายน 2569 และส่วนลดเพิ่มเติมตามโปรฯ ได้ที่ https://chawcher.com/category/promotion/,ฌ เฌอ,โซฟา,,กระเรียน,(Krarean Sofa),,,ผ้า A ,เลือกสีได้,W160,D97,H78,,,B 55000.00,25%,B 41250.00,10%,B 37125.00
ฌ เฌอ | โซฟา  กระเรียน (Krarean Sofa)   ผ้า A เลือกสีได้ | ขนาด W240 D97 H78 ,ฌ เฌอ | โซฟา  กระเรียน (Krarean Sofa)   ผ้า A เลือกสีได้ | ขนาด W240 D97 H78  ราคา 74500 ลด 25% เหลือ 55875 ชำระเป็นเงินสด ลด on top เพิ่ม 10% เหลือ 50287.5 ภายใน เดือนกันยายน 2569 และส่วนลดเพิ่มเติมตามโปรฯ ได้ที่ https://chawcher.com/category/promotion/,ฌ เฌอ,โซฟา,,กระเรียน,(Krarean Sofa),,,ผ้า A ,เลือกสีได้,W240,D97,H78,,,B 74500.00,25%,B 55875.00,10%,B 50287.50
ฌ เฌอ | โซฟา  กระเรียน (Krarean Sofa)   ผ้า B เลือกสีได้ | ขนาด W160 D97 H78 ,ฌ เฌอ | โซฟา  กระเรียน (Krarean Sofa)   ผ้า B เลือกสีได้ | ขนาด W160 D97 H78  ราคา 64900 ลด 25% เหลือ 48675 ชำระเป็นเงินสด ลด on top เพิ่ม 10% เหลือ 43807.5 ภายใน เดือนกันยายน 2569 และส่วนลดเพิ่มเติมตามโปรฯ ได้ที่ https://chawcher.com/category/promotion/,ฌ เฌอ,โซฟา,,กระเรียน,(Krarean Sofa),,,ผ้า B ,เลือกสีได้,W160,D97,H78,,,B 64900.00,25%,B 48675.00,10%,B 43807.50
ฌ เฌอ | โซฟา  กระเรียน (Krarean Sofa)   ผ้า B เลือกสีได้ | ขนาด W240 D97 H78 ,ฌ เฌอ | โซฟา  กระเรียน (Krarean Sofa)   ผ้า B เลือกสีได้ | ขนาด W240 D97 H78  ราคา 84500 ลด 25% เหลือ 63375 ชำระเป็นเงินสด ลด on top เพิ่ม 10% เหลือ 57037.5 ภายใน เดือนกันยายน 2569 และส่วนลดเพิ่มเติมตามโปรฯ ได้ที่ https://chawcher.com/category/promotion/,ฌ เฌอ,โซฟา,,กระเรียน,(Krarean Sofa),,,ผ้า B ,เลือกสีได้,W240,D97,H78,,,B 84500.00,25%,B 63375.00,10%,B 57037.50
ฌ เฌอ | โซฟา  กระเรียน (Krarean Sofa)   ผ้า C เลือกสีได้ | ขนาด W160 D97 H78 ,ฌ เฌอ | โซฟา  กระเรียน (Krarean Sofa)   ผ้า C เลือกสีได้ | ขนาด W160 D97 H78  ราคา 74900 ลด 25% เหลือ 56175 ชำระเป็นเงินสด ลด on top เพิ่ม 10% เหลือ 50557.5 ภายใน เดือนกันยายน 2569 และส่วนลดเพิ่มเติมตามโปรฯ ได้ที่ https://chawcher.com/category/promotion/,ฌ เฌอ,โซฟา,,กระเรียน,(Krarean Sofa),,,ผ้า C ,เลือกสีได้,W160,D97,H78,,,B 74900.00,25%,B 56175.00,10%,B 50557.50
ฌ เฌอ | โซฟา  กระเรียน (Krarean Sofa)   ผ้า C เลือกสีได้ | ขนาด W240 D97 H78 ,ฌ เฌอ | โซฟา  กระเรียน (Krarean Sofa)   ผ้า C เลือกสีได้ | ขนาด W240 D97 H78  ราคา 105900 ลด 25% เหลือ 79425 ชำระเป็นเงินสด ลด on top เพิ่ม 10% เหลือ 71482.5 ภายใน เดือนกันยายน 2569 และส่วนลดเพิ่มเติมตามโปรฯ ได้ที่ https://chawcher.com/category/promotion/,ฌ เฌอ,โซฟา,,กระเรียน,(Krarean Sofa),,,ผ้า C ,เลือกสีได้,W240,D97,H78,,,B 105900.00,25%,B 79425.00,10%,B 71482.50
ฌ เฌอ | โซฟา  กระเรียน (Krarean Sofa)   หนังแท้ (ออย)เลือกสีได้ | ขนาด W160 D97 H78 ,ฌ เฌอ | โซฟา  กระเรียน (Krarean Sofa)   หนังแท้ (ออย)เลือกสีได้ | ขนาด W160 D97 H78  ราคา 119000 ลด 25% เหลือ 89250 ชำระเป็นเงินสด ลด on top เพิ่ม 10% เหลือ 80325 ภายใน เดือนกันยายน 2569 และส่วนลดเพิ่มเติมตามโปรฯ ได้ที่ https://chawcher.com/category/promotion/,ฌ เฌอ,โซฟา,,กระเรียน,(Krarean Sofa),,,หนังแท้ (ออย),เลือกสีได้,W160,D97,H78,,,B 119000.00,25%,B 89250.00,10%,B 80325.00
ฌ เฌอ | โซฟา  กระเรียน (Krarean Sofa)   หนังแท้ (ออย)เลือกสีได้ | ขนาด W240 D97 H78 ,ฌ เฌอ | โซฟา  กระเรียน (Krarean Sofa)   หนังแท้ (ออย)เลือกสีได้ | ขนาด W240 D97 H78  ราคา 159000 ลด 25% เหลือ 119250 ชำระเป็นเงินสด ลด on top เพิ่ม 10% เหลือ 107325 ภายใน เดือนกันยายน 2569 และส่วนลดเพิ่มเติมตามโปรฯ ได้ที่ https://chawcher.com/category/promotion/,ฌ เฌอ,โซฟา,,กระเรียน,(Krarean Sofa),,,หนังแท้ (ออย),เลือกสีได้,W240,D97,H78,,,B 159000.00,25%,B 119250.00,10%,B 107325.00
ฌ เฌอ | โซฟา  กระเรียน (Krarean Sofa)   หนังแท้เลือกสีได้ | ขนาด W160 D97 H78 ,ฌ เฌอ | โซฟา  กระเรียน (Krarean Sofa)   หนังแท้เลือกสีได้ | ขนาด W160 D97 H78  ราคา 99900 ลด 25% เหลือ 74925 ชำระเป็นเงินสด ลด on top เพิ่ม 10% เหลือ 67432.5 ภายใน เดือนกันยายน 2569 และส่วนลดเพิ่มเติมตามโปรฯ ได้ที่ https://chawcher.com/category/promotion/,ฌ เฌอ,โซฟา,,กระเรียน,(Krarean Sofa),,,หนังแท้,เลือกสีได้,W160,D97,H78,,,B 99900.00,25%,B 74925.00,10%,B 67432.50
ฌ เฌอ | โซฟา  กระเรียน (Krarean Sofa)   หนังแท้เลือกสีได้ | ขนาด W240 D97 H78 ,ฌ เฌอ | โซฟา  กระเรียน (Krarean Sofa)   หนังแท้เลือกสีได้ | ขนาด W240 D97 H78  ราคา 139000 ลด 25% เหลือ 104250 ชำระเป็นเงินสด ลด on top เพิ่ม 10% เหลือ 93825 ภายใน เดือนกันยายน 2569 และส่วนลดเพิ่มเติมตามโปรฯ ได้ที่ https://chawcher.com/category/promotion/,ฌ เฌอ,โซฟา,,กระเรียน,(Krarean Sofa),,,หนังแท้,เลือกสีได้,W240,D97,H78,,,B 139000.00,25%,B 104250.00,10%,B 93825.00
ฌ เฌอ | โซฟา  ทากะ (Taka Corner Sofa)   ผ้า A เลือกสีได้ | ขนาด W170 D92 H72 (46) ,ฌ เฌอ | โซฟา  ทากะ (Taka Corner Sofa)   ผ้า A เลือกสีได้ | ขนาด W170 D92 H72 (46)  ราคา 75600 ลด 30% เหลือ 52920 ชำระเป็นเงินสด ลด on top เพิ่ม 10% เหลือ 47628 ภายใน เดือนกันยายน 2569 และส่วนลดเพิ่มเติมตามโปรฯ ได้ที่ https://chawcher.com/category/promotion/,ฌ เฌอ,โซฟา,,ทากะ,(Taka Corner Sofa),,,ผ้า A ,เลือกสีได้,W170,D92,H72 (46),,,B 75600.00,30%,B 52920.00,10%,B 47628.00
ฌ เฌอ | โซฟา  ทากะ (Taka Corner Sofa)   ผ้า B เลือกสีได้ | ขนาด W170 D92 H72 (46) ,ฌ เฌอ | โซฟา  ทากะ (Taka Corner Sofa)   ผ้า B เลือกสีได้ | ขนาด W170 D92 H72 (46)  ราคา 82350 ลด 30% เหลือ 57645 ชำระเป็นเงินสด ลด on top เพิ่ม 10% เหลือ 51880.5 ภายใน เดือนกันยายน 2569 และส่วนลดเพิ่มเติมตามโปรฯ ได้ที่ https://chawcher.com/category/promotion/,ฌ เฌอ,โซฟา,,ทากะ,(Taka Corner Sofa),,,ผ้า B ,เลือกสีได้,W170,D92,H72 (46),,,B 82350.00,30%,B 57645.00,10%,B 51880.50
ฌ เฌอ | โซฟา  ทากะ (Taka Corner Sofa)   ผ้า C เลือกสีได้ | ขนาด W170 D92 H72 (46) ,ฌ เฌอ | โซฟา  ทากะ (Taka Corner Sofa)   ผ้า C เลือกสีได้ | ขนาด W170 D92 H72 (46)  ราคา 93150 ลด 30% เหลือ 65205 ชำระเป็นเงินสด ลด on top เพิ่ม 10% เหลือ 58684.5 ภายใน เดือนกันยายน 2569 และส่วนลดเพิ่มเติมตามโปรฯ ได้ที่ https://chawcher.com/category/promotion/,ฌ เฌอ,โซฟา,,ทากะ,(Taka Corner Sofa),,,ผ้า C ,เลือกสีได้,W170,D92,H72 (46),,,B 93150.00,30%,B 65205.00,10%,B 58684.50
ฌ เฌอ | โซฟา  ทากะ (Taka Corner Sofa)   หนังแท้ (ออย)เลือกสีได้ | ขนาด W170 D92 H72 (46) ,ฌ เฌอ | โซฟา  ทากะ (Taka Corner Sofa)   หนังแท้ (ออย)เลือกสีได้ | ขนาด W170 D92 H72 (46)  ราคา 150300 ลด 30% เหลือ 105210 ชำระเป็นเงินสด ลด on top เพิ่ม 10% เหลือ 94689 ภายใน เดือนกันยายน 2569 และส่วนลดเพิ่มเติมตามโปรฯ ได้ที่ https://chawcher.com/category/promotion/,ฌ เฌอ,โซฟา,,ทากะ,(Taka Corner Sofa),,,หนังแท้ (ออย),เลือกสีได้,W170,D92,H72 (46),,,B 150300.00,30%,B 105210.00,10%,B 94689.00
ฌ เฌอ | โซฟา  ทากะ (Taka Corner Sofa)   หนังแท้เลือกสีได้ | ขนาด W170 D92 H72 (46) ,ฌ เฌอ | โซฟา  ทากะ (Taka Corner Sofa)   หนังแท้เลือกสีได้ | ขนาด W170 D92 H72 (46)  ราคา 114750 ลด 30% เหลือ 80325 ชำระเป็นเงินสด ลด on top เพิ่ม 10% เหลือ 72292.5 ภายใน เดือนกันยายน 2569 และส่วนลดเพิ่มเติมตามโปรฯ ได้ที่ https://chawcher.com/category/promotion/,ฌ เฌอ,โซฟา,,ทากะ,(Taka Corner Sofa),,,หนังแท้,เลือกสีได้,W170,D92,H72 (46),,,B 114750.00,30%,B 80325.00,10%,B 72292.50
ฌ เฌอ | โซฟา 1 ที่นั่ง 1 แขน พัฟฟิน (Puffin Sofa)   ผ้า A เลือกสีได้ | ขนาด W92 D83 H78 cm,ฌ เฌอ | โซฟา 1 ที่นั่ง 1 แขน พัฟฟิน (Puffin Sofa)   ผ้า A เลือกสีได้ | ขนาด W92 D83 H78 cm ราคา 32000 ลด 35% เหลือ 20800 ชำระเป็นเงินสด ลด on top เพิ่ม 10% เหลือ 18720 ภายใน เดือนกันยายน 2569 และส่วนลดเพิ่มเติมตามโปรฯ ได้ที่ https://chawcher.com/category/promotion/,ฌ เฌอ,โซฟา,1 ที่นั่ง 1 แขน,พัฟฟิน,(Puffin Sofa),,,ผ้า A ,เลือกสีได้,W92,D83,H78,cm,xxxxxxxx,B 32000.00,35%,B 20800.00,10%,B 18720.00
ฌ เฌอ | โซฟา 1 ที่นั่ง 1 แขน พัฟฟิน (Puffin Sofa)   ผ้า A เลือกสีได้ | ขนาด W110 D83 H78 cm,ฌ เฌอ | โซฟา 1 ที่นั่ง 1 แขน พัฟฟิน (Puffin Sofa)   ผ้า A เลือกสีได้ | ขนาด W110 D83 H78 cm ราคา 36800 ลด 35% เหลือ 23920 ชำระเป็นเงินสด ลด on top เพิ่ม 10% เหลือ 21528 ภายใน เดือนกันยายน 2569 และส่วนลดเพิ่มเติมตามโปรฯ ได้ที่ https://chawcher.com/category/promotion/,ฌ เฌอ,โซฟา,1 ที่นั่ง 1 แขน,พัฟฟิน,(Puffin Sofa),,,ผ้า A ,เลือกสีได้,W110,D83,H78,cm,xxxxxxxx,B 36800.00,35%,B 23920.00,10%,B 21528.00
ฌ เฌอ | โซฟา 1 ที่นั่ง 1 แขน พัฟฟิน (Puffin Sofa)   ผ้า B เลือกสีได้ | ขนาด W92 D83 H78 cm,ฌ เฌอ | โซฟา 1 ที่นั่ง 1 แขน พัฟฟิน (Puffin Sofa)   ผ้า B เลือกสีได้ | ขนาด W92 D83 H78 cm ราคา 35000 ลด 35% เหลือ 22750 ชำระเป็นเงินสด ลด on top เพิ่ม 10% เหลือ 20475 ภายใน เดือนกันยายน 2569 และส่วนลดเพิ่มเติมตามโปรฯ ได้ที่ https://chawcher.com/category/promotion/,ฌ เฌอ,โซฟา,1 ที่นั่ง 1 แขน,พัฟฟิน,(Puffin Sofa),,,ผ้า B ,เลือกสีได้,W92,D83,H78,cm,xxxxxxxx,B 35000.00,35%,B 22750.00,10%,B 20475.00
ฌ เฌอ | โซฟา 1 ที่นั่ง 1 แขน พัฟฟิน (Puffin Sofa)   ผ้า B เลือกสีได้ | ขนาด W110 D83 H78 cm,ฌ เฌอ | โซฟา 1 ที่นั่ง 1 แขน พัฟฟิน (Puffin Sofa)   ผ้า B เลือกสีได้ | ขนาด W110 D83 H78 cm ราคา 40200 ลด 35% เหลือ 26130 ชำระเป็นเงินสด ลด on top เพิ่ม 10% เหลือ 23517 ภายใน เดือนกันยายน 2569 และส่วนลดเพิ่มเติมตามโปรฯ ได้ที่ https://chawcher.com/category/promotion/,ฌ เฌอ,โซฟา,1 ที่นั่ง 1 แขน,พัฟฟิน,(Puffin Sofa),,,ผ้า B ,เลือกสีได้,W110,D83,H78,cm,xxxxxxxx,B 40200.00,35%,B 26130.00,10%,B 23517.00
ฌ เฌอ | โซฟา 1 ที่นั่ง 1 แขน พัฟฟิน (Puffin Sofa)   ผ้า Cเลือกสีได้ | ขนาด W92 D83 H78 cm,ฌ เฌอ | โซฟา 1 ที่นั่ง 1 แขน พัฟฟิน (Puffin Sofa)   ผ้า Cเลือกสีได้ | ขนาด W92 D83 H78 cm ราคา 40000 ลด 35% เหลือ 26000 ชำระเป็นเงินสด ลด on top เพิ่ม 10% เหลือ 23400 ภายใน เดือนกันยายน 2569 และส่วนลดเพิ่มเติมตามโปรฯ ได้ที่ https://chawcher.com/category/promotion/,ฌ เฌอ,โซฟา,1 ที่นั่ง 1 แขน,พัฟฟิน,(Puffin Sofa),,,ผ้า C ,เลือกสีได้,W92,D83,H78,cm,xxxxxxxx,B 40000.00,35%,B 26000.00,10%,B 23400.00
ฌ เฌอ | โซฟา 1 ที่นั่ง 1 แขน พัฟฟิน (Puffin Sofa)   ผ้า Cเลือกสีได้ | ขนาด W110 D83 H78 cm,ฌ เฌอ | โซฟา 1 ที่นั่ง 1 แขน พัฟฟิน (Puffin Sofa)   ผ้า Cเลือกสีได้ | ขนาด W110 D83 H78 cm ราคา 46000 ลด 35% เหลือ 29900 ชำระเป็นเงินสด ลด on top เพิ่ม 10% เหลือ 26910 ภายใน เดือนกันยายน 2569 และส่วนลดเพิ่มเติมตามโปรฯ ได้ที่ https://chawcher.com/category/promotion/,ฌ เฌอ,โซฟา,1 ที่นั่ง 1 แขน,พัฟฟิน,(Puffin Sofa),,,ผ้า C ,เลือกสีได้,W110,D83,H78,cm,xxxxxxxx,B 46000.00,35%,B 29900.00,10%,B 26910.00
ฌ เฌอ | โซฟา 1 ที่นั่ง 1 แขน พัฟฟิน (Puffin Sofa)   หนังแท้ (ออย)เลือกสีได้ | ขนาด W92 D83 H78 cm,ฌ เฌอ | โซฟา 1 ที่นั่ง 1 แขน พัฟฟิน (Puffin Sofa)   หนังแท้ (ออย)เลือกสีได้ | ขนาด W92 D83 H78 cm ราคา 72600 ลด 35% เหลือ 47190 ชำระเป็นเงินสด ลด on top เพิ่ม 10% เหลือ 42471 ภายใน เดือนกันยายน 2569 และส่วนลดเพิ่มเติมตามโปรฯ ได้ที่ https://chawcher.com/category/promotion/,ฌ เฌอ,โซฟา,1 ที่นั่ง 1 แขน,พัฟฟิน,(Puffin Sofa),,,หนังแท้ (ออย),เลือกสีได้,W92,D83,H78,cm,xxxxxxxx,B 72600.00,35%,B 47190.00,10%,B 42471.00
ฌ เฌอ | โซฟา 1 ที่นั่ง 1 แขน พัฟฟิน (Puffin Sofa)   หนังแท้ (ออย)เลือกสีได้ | ขนาด W110 D83 H78 cm,ฌ เฌอ | โซฟา 1 ที่นั่ง 1 แขน พัฟฟิน (Puffin Sofa)   หนังแท้ (ออย)เลือกสีได้ | ขนาด W110 D83 H78 cm ราคา 83600 ลด 35% เหลือ 54340 ชำระเป็นเงินสด ลด on top เพิ่ม 10% เหลือ 48906 ภายใน เดือนกันยายน 2569 และส่วนลดเพิ่มเติมตามโปรฯ ได้ที่ https://chawcher.com/category/promotion/,ฌ เฌอ,โซฟา,1 ที่นั่ง 1 แขน,พัฟฟิน,(Puffin Sofa),,,หนังแท้ (ออย),เลือกสีได้,W110,D83,H78,cm,xxxxxxxx,B 83600.00,35%,B 54340.00,10%,B 48906.00
ฌ เฌอ | โซฟา 1 ที่นั่ง 1 แขน พัฟฟิน (Puffin Sofa)   หนังแท้เลือกสีได้ | ขนาด W92 D83 H78 cm,ฌ เฌอ | โซฟา 1 ที่นั่ง 1 แขน พัฟฟิน (Puffin Sofa)   หนังแท้เลือกสีได้ | ขนาด W92 D83 H78 cm ราคา 58000 ลด 35% เหลือ 37700 ชำระเป็นเงินสด ลด on top เพิ่ม 10% เหลือ 33930 ภายใน เดือนกันยายน 2569 และส่วนลดเพิ่มเติมตามโปรฯ ได้ที่ https://chawcher.com/category/promotion/,ฌ เฌอ,โซฟา,1 ที่นั่ง 1 แขน,พัฟฟิน,(Puffin Sofa),,,หนังแท้,เลือกสีได้,W92,D83,H78,cm,xxxxxxxx,B 58000.00,35%,B 37700.00,10%,B 33930.00
ฌ เฌอ | โซฟา 1 ที่นั่ง 1 แขน พัฟฟิน (Puffin Sofa)   หนังแท้เลือกสีได้ | ขนาด W110 D83 H78 cm,ฌ เฌอ | โซฟา 1 ที่นั่ง 1 แขน พัฟฟิน (Puffin Sofa)   หนังแท้เลือกสีได้ | ขนาด W110 D83 H78 cm ราคา 66800 ลด 35% เหลือ 43420 ชำระเป็นเงินสด ลด on top เพิ่ม 10% เหลือ 39078 ภายใน เดือนกันยายน 2569 และส่วนลดเพิ่มเติมตามโปรฯ ได้ที่ https://chawcher.com/category/promotion/,ฌ เฌอ,โซฟา,1 ที่นั่ง 1 แขน,พัฟฟิน,(Puffin Sofa),,,หนังแท้,เลือกสีได้,W110,D83,H78,cm,xxxxxxxx,B 66800.00,35%,B 43420.00,10%,B 39078.00
ฌ เฌอ | โซฟา 1 ที่นั่ง ไม่มีแขน พัฟฟิน (Puffin Sofa)   ผ้า A เลือกสีได้ | ขนาด W81 D83 H78 cm,ฌ เฌอ | โซฟา 1 ที่นั่ง ไม่มีแขน พัฟฟิน (Puffin Sofa)   ผ้า A เลือกสีได้ | ขนาด W81 D83 H78 cm ราคา 26000 ลด 35% เหลือ 16900 ชำระเป็นเงินสด ลด on top เพิ่ม 10% เหลือ 15210 ภายใน เดือนกันยายน 2569 และส่วนลดเพิ่มเติมตามโปรฯ ได้ที่ https://chawcher.com/category/promotion/,ฌ เฌอ,โซฟา,1 ที่นั่ง ไม่มีแขน,พัฟฟิน,(Puffin Sofa),,,ผ้า A ,เลือกสีได้,W81,D83,H78,cm,xxxxxxxx,B 26000.00,35%,B 16900.00,10%,B 15210.00
ฌ เฌอ | โซฟา 1 ที่นั่ง ไม่มีแขน พัฟฟิน (Puffin Sofa)   ผ้า B เลือกสีได้ | ขนาด W81 D83 H78 cm,ฌ เฌอ | โซฟา 1 ที่นั่ง ไม่มีแขน พัฟฟิน (Puffin Sofa)   ผ้า B เลือกสีได้ | ขนาด W81 D83 H78 cm ราคา 28400 ลด 35% เหลือ 18460 ชำระเป็นเงินสด ลด on top เพิ่ม 10% เหลือ 16614 ภายใน เดือนกันยายน 2569 และส่วนลดเพิ่มเติมตามโปรฯ ได้ที่ https://chawcher.com/category/promotion/,ฌ เฌอ,โซฟา,1 ที่นั่ง ไม่มีแขน,พัฟฟิน,(Puffin Sofa),,,ผ้า B ,เลือกสีได้,W81,D83,H78,cm,xxxxxxxx,B 28400.00,35%,B 18460.00,10%,B 16614.00
ฌ เฌอ | โซฟา 1 ที่นั่ง ไม่มีแขน พัฟฟิน (Puffin Sofa)   ผ้า C เลือกสีได้ | ขนาด W81 D83 H78 cm,ฌ เฌอ | โซฟา 1 ที่นั่ง ไม่มีแขน พัฟฟิน (Puffin Sofa)   ผ้า C เลือกสีได้ | ขนาด W81 D83 H78 cm ราคา 32600 ลด 35% เหลือ 21190 ชำระเป็นเงินสด ลด on top เพิ่ม 10% เหลือ 19071 ภายใน เดือนกันยายน 2569 และส่วนลดเพิ่มเติมตามโปรฯ ได้ที่ https://chawcher.com/category/promotion/,ฌ เฌอ,โซฟา,1 ที่นั่ง ไม่มีแขน,พัฟฟิน,(Puffin Sofa),,,ผ้า C ,เลือกสีได้,W81,D83,H78,cm,xxxxxxxx,B 32600.00,35%,B 21190.00,10%,B 19071.00
ฌ เฌอ | โซฟา 1 ที่นั่ง ไม่มีแขน พัฟฟิน (Puffin Sofa)   หนังแท้ (ออย)เลือกสีได้ | ขนาด W81 D83 H78 cm,ฌ เฌอ | โซฟา 1 ที่นั่ง ไม่มีแขน พัฟฟิน (Puffin Sofa)   หนังแท้ (ออย)เลือกสีได้ | ขนาด W81 D83 H78 cm ราคา 59400 ลด 35% เหลือ 38610 ชำระเป็นเงินสด ลด on top เพิ่ม 10% เหลือ 34749 ภายใน เดือนกันยายน 2569 และส่วนลดเพิ่มเติมตามโปรฯ ได้ที่ https://chawcher.com/category/promotion/,ฌ เฌอ,โซฟา,1 ที่นั่ง ไม่มีแขน,พัฟฟิน,(Puffin Sofa),,,หนังแท้ (ออย),เลือกสีได้,W81,D83,H78,cm,xxxxxxxx,B 59400.00,35%,B 38610.00,10%,B 34749.00
ฌ เฌอ | โซฟา 1 ที่นั่ง ไม่มีแขน พัฟฟิน (Puffin Sofa)   หนังแท้เลือกสีได้ | ขนาด W81 D83 H78 cm,ฌ เฌอ | โซฟา 1 ที่นั่ง ไม่มีแขน พัฟฟิน (Puffin Sofa)   หนังแท้เลือกสีได้ | ขนาด W81 D83 H78 cm ราคา 47400 ลด 35% เหลือ 30810 ชำระเป็นเงินสด ลด on top เพิ่ม 10% เหลือ 27729 ภายใน เดือนกันยายน 2569 และส่วนลดเพิ่มเติมตามโปรฯ ได้ที่ https://chawcher.com/category/promotion/,ฌ เฌอ,โซฟา,1 ที่นั่ง ไม่มีแขน,พัฟฟิน,(Puffin Sofa),,,หนังแท้,เลือกสีได้,W81,D83,H78,cm,xxxxxxxx,B 47400.00,35%,B 30810.00,10%,B 27729.00
ฌ เฌอ | โซฟา 1 ที่นั่ง อัญชัน (Aunchan Arm Chair)   ผ้า A เลือกสีได้ | ขนาด W85 D91 H93 ,ฌ เฌอ | โซฟา 1 ที่นั่ง อัญชัน (Aunchan Arm Chair)   ผ้า A เลือกสีได้ | ขนาด W85 D91 H93  ราคา 36500 ลด 30% เหลือ 25550 ชำระเป็นเงินสด ลด on top เพิ่ม 10% เหลือ 22995 ภายใน เดือนกันยายน 2569 และส่วนลดเพิ่มเติมตามโปรฯ ได้ที่ https://chawcher.com/category/promotion/,ฌ เฌอ,โซฟา,1 ที่นั่ง,อัญชัน,(Aunchan Arm Chair),,,ผ้า A ,เลือกสีได้,W85,D91,H93,,,B 36500.00,30%,B 25550.00,10%,B 22995.00
ฌ เฌอ | โซฟา 1 ที่นั่ง อัญชัน (Aunchan Arm Chair)   ผ้า B เลือกสีได้ | ขนาด W85 D91 H93 ,ฌ เฌอ | โซฟา 1 ที่นั่ง อัญชัน (Aunchan Arm Chair)   ผ้า B เลือกสีได้ | ขนาด W85 D91 H93  ราคา 40000 ลด 30% เหลือ 28000 ชำระเป็นเงินสด ลด on top เพิ่ม 10% เหลือ 25200 ภายใน เดือนกันยายน 2569 และส่วนลดเพิ่มเติมตามโปรฯ ได้ที่ https://chawcher.com/category/promotion/,ฌ เฌอ,โซฟา,1 ที่นั่ง,อัญชัน,(Aunchan Arm Chair),,,ผ้า B ,เลือกสีได้,W85,D91,H93,,,B 40000.00,30%,B 28000.00,10%,B 25200.00
ฌ เฌอ | โซฟา 1 ที่นั่ง อัญชัน (Aunchan Arm Chair)   ผ้า C เลือกสีได้ | ขนาด W85 D91 H93 ,ฌ เฌอ | โซฟา 1 ที่นั่ง อัญชัน (Aunchan Arm Chair)   ผ้า C เลือกสีได้ | ขนาด W85 D91 H93  ราคา 45700 ลด 30% เหลือ 31990 ชำระเป็นเงินสด ลด on top เพิ่ม 10% เหลือ 28791 ภายใน เดือนกันยายน 2569 และส่วนลดเพิ่มเติมตามโปรฯ ได้ที่ https://chawcher.com/category/promotion/,ฌ เฌอ,โซฟา,1 ที่นั่ง,อัญชัน,(Aunchan Arm Chair),,,ผ้า C ,เลือกสีได้,W85,D91,H93,,,B 45700.00,30%,B 31990.00,10%,B 28791.00
ฌ เฌอ | โซฟา 1 ที่นั่ง อัญชัน (Aunchan Arm Chair)   หนังแท้ (ออย)เลือกสีได้ | ขนาด W85 D91 H93 ,ฌ เฌอ | โซฟา 1 ที่นั่ง อัญชัน (Aunchan Arm Chair)   หนังแท้ (ออย)เลือกสีได้ | ขนาด W85 D91 H93  ราคา 61400 ลด 30% เหลือ 42980 ชำระเป็นเงินสด ลด on top เพิ่ม 10% เหลือ 38682 ภายใน เดือนกันยายน 2569 และส่วนลดเพิ่มเติมตามโปรฯ ได้ที่ https://chawcher.com/category/promotion/,ฌ เฌอ,โซฟา,1 ที่นั่ง,อัญชัน,(Aunchan Arm Chair),,,หนังแท้ (ออย),เลือกสีได้,W85,D91,H93,,,B 61400.00,30%,B 42980.00,10%,B 38682.00
ฌ เฌอ | โซฟา 1 ที่นั่ง อัญชัน (Aunchan Arm Chair)   หนังแท้เลือกสีได้ | ขนาด W85 D91 H93 ,ฌ เฌอ | โซฟา 1 ที่นั่ง อัญชัน (Aunchan Arm Chair)   หนังแท้เลือกสีได้ | ขนาด W85 D91 H93  ราคา 49000 ลด 30% เหลือ 34300 ชำระเป็นเงินสด ลด on top เพิ่ม 10% เหลือ 30870 ภายใน เดือนกันยายน 2569 และส่วนลดเพิ่มเติมตามโปรฯ ได้ที่ https://chawcher.com/category/promotion/,ฌ เฌอ,โซฟา,1 ที่นั่ง,อัญชัน,(Aunchan Arm Chair),,,หนังแท้,เลือกสีได้,W85,D91,H93,,,B 49000.00,30%,B 34300.00,10%,B 30870.00
ฌ เฌอ | โซฟา 2 ที่นั่ง กระทา  (Krata Sofa)   ผ้า A เลือกสีได้ | ขนาด W160 D90 H76 cm,ฌ เฌอ | โซฟา 2 ที่นั่ง กระทา  (Krata Sofa)   ผ้า A เลือกสีได้ | ขนาด W160 D90 H76 cm ราคา 43200 ลด 35% เหลือ 28080 ชำระเป็นเงินสด ลด on top เพิ่ม 10% เหลือ 25272 ภายใน เดือนกันยายน 2569 และส่วนลดเพิ่มเติมตามโปรฯ ได้ที่ https://chawcher.com/category/promotion/,ฌ เฌอ,โซฟา,2 ที่นั่ง,กระทา ,(Krata Sofa),,,ผ้า A ,เลือกสีได้,W160,D90,H76,cm,xxxxxxxx,B 43200.00,35%,B 28080.00,10%,B 25272.00
ฌ เฌอ | โซฟา 2 ที่นั่ง กระทา  (Krata Sofa)   ผ้า B เลือกสีได้ | ขนาด W160 D90 H76 cm,ฌ เฌอ | โซฟา 2 ที่นั่ง กระทา  (Krata Sofa)   ผ้า B เลือกสีได้ | ขนาด W160 D90 H76 cm ราคา 52000 ลด 35% เหลือ 33800 ชำระเป็นเงินสด ลด on top เพิ่ม 10% เหลือ 30420 ภายใน เดือนกันยายน 2569 และส่วนลดเพิ่มเติมตามโปรฯ ได้ที่ https://chawcher.com/category/promotion/,ฌ เฌอ,โซฟา,2 ที่นั่ง,กระทา ,(Krata Sofa),,,ผ้า B ,เลือกสีได้,W160,D90,H76,cm,xxxxxxxx,B 52000.00,35%,B 33800.00,10%,B 30420.00
ฌ เฌอ | โซฟา 2 ที่นั่ง กระทา  (Krata Sofa)   ผ้า C เลือกสีได้ | ขนาด W160 D90 H76 cm,ฌ เฌอ | โซฟา 2 ที่นั่ง กระทา  (Krata Sofa)   ผ้า C เลือกสีได้ | ขนาด W160 D90 H76 cm ราคา 59000 ลด 30% เหลือ 41300 ชำระเป็นเงินสด ลด on top เพิ่ม 10% เหลือ 37170 ภายใน เดือนกันยายน 2569 และส่วนลดเพิ่มเติมตามโปรฯ ได้ที่ https://chawcher.com/category/promotion/,ฌ เฌอ,โซฟา,2 ที่นั่ง,กระทา ,(Krata Sofa),,,ผ้า C ,เลือกสีได้,W160,D90,H76,cm,xxxxxxxx,B 59000.00,30%,B 41300.00,10%,B 37170.00
ฌ เฌอ | โซฟา 2 ที่นั่ง กระทา  (Krata Sofa)   หนังแท้ (ออย)เลือกสีได้ | ขนาด W160 D90 H76 cm,ฌ เฌอ | โซฟา 2 ที่นั่ง กระทา  (Krata Sofa)   หนังแท้ (ออย)เลือกสีได้ | ขนาด W160 D90 H76 cm ราคา 87500 ลด 30% เหลือ 61250 ชำระเป็นเงินสด ลด on top เพิ่ม 10% เหลือ 55125 ภายใน เดือนกันยายน 2569 และส่วนลดเพิ่มเติมตามโปรฯ ได้ที่ https://chawcher.com/category/promotion/,ฌ เฌอ,โซฟา,2 ที่นั่ง,กระทา ,(Krata Sofa),,,หนังแท้ (ออย),เลือกสีได้,W160,D90,H76,cm,xxxxxxxx,B 87500.00,30%,B 61250.00,10%,B 55125.00
ฌ เฌอ | โซฟา 2 ที่นั่ง กระทา  (Krata Sofa)   หนังแท้เลือกสีได้ | ขนาด W160 D90 H76 cm,ฌ เฌอ | โซฟา 2 ที่นั่ง กระทา  (Krata Sofa)   หนังแท้เลือกสีได้ | ขนาด W160 D90 H76 cm ราคา 70000 ลด 35% เหลือ 45500 ชำระเป็นเงินสด ลด on top เพิ่ม 10% เหลือ 40950 ภายใน เดือนกันยายน 2569 และส่วนลดเพิ่มเติมตามโปรฯ ได้ที่ https://chawcher.com/category/promotion/,ฌ เฌอ,โซฟา,2 ที่นั่ง,กระทา ,(Krata Sofa),,,หนังแท้,เลือกสีได้,W160,D90,H76,cm,xxxxxxxx,B 70000.00,35%,B 45500.00,10%,B 40950.00
ฌ เฌอ | โซฟา 2 ที่นั่ง กระเรียน (Krarean Sofa)   ผ้า A เลือกสีได้ | ขนาด W135 D97 H76 cm,ฌ เฌอ | โซฟา 2 ที่นั่ง กระเรียน (Krarean Sofa)   ผ้า A เลือกสีได้ | ขนาด W135 D97 H76 cm ราคา 47800 ลด 25% เหลือ 35850 ชำระเป็นเงินสด ลด on top เพิ่ม 10% เหลือ 32265 ภายใน เดือนกันยายน 2569 และส่วนลดเพิ่มเติมตามโปรฯ ได้ที่ https://chawcher.com/category/promotion/,ฌ เฌอ,โซฟา,2 ที่นั่ง,กระเรียน,(Krarean Sofa),,,ผ้า A ,เลือกสีได้,W135,D97,H76,cm,10112773,B 47800.00,25%,B 35850.00,10%,B 32265.00
ฌ เฌอ | โซฟา 2 ที่นั่ง กระเรียน (Krarean Sofa)   ผ้า B เลือกสีได้ | ขนาด W135 D97 H76 cm,ฌ เฌอ | โซฟา 2 ที่นั่ง กระเรียน (Krarean Sofa)   ผ้า B เลือกสีได้ | ขนาด W135 D97 H76 cm ราคา 56900 ลด 25% เหลือ 42675 ชำระเป็นเงินสด ลด on top เพิ่ม 10% เหลือ 38407.5 ภายใน เดือนกันยายน 2569 และส่วนลดเพิ่มเติมตามโปรฯ ได้ที่ https://chawcher.com/category/promotion/,ฌ เฌอ,โซฟา,2 ที่นั่ง,กระเรียน,(Krarean Sofa),,,ผ้า B ,เลือกสีได้,W135,D97,H76,cm,xxxxxxxx,B 56900.00,25%,B 42675.00,10%,B 38407.50
ฌ เฌอ | โซฟา 2 ที่นั่ง กระเรียน (Krarean Sofa)   ผ้า C เลือกสีได้ | ขนาด W135 D97 H76 cm,ฌ เฌอ | โซฟา 2 ที่นั่ง กระเรียน (Krarean Sofa)   ผ้า C เลือกสีได้ | ขนาด W135 D97 H76 cm ราคา 67100 ลด 25% เหลือ 50325 ชำระเป็นเงินสด ลด on top เพิ่ม 10% เหลือ 45292.5 ภายใน เดือนกันยายน 2569 และส่วนลดเพิ่มเติมตามโปรฯ ได้ที่ https://chawcher.com/category/promotion/,ฌ เฌอ,โซฟา,2 ที่นั่ง,กระเรียน,(Krarean Sofa),,,ผ้า C ,เลือกสีได้,W135,D97,H76,cm,xxxxxxxx,B 67100.00,25%,B 50325.00,10%,B 45292.50
ฌ เฌอ | โซฟา 2 ที่นั่ง กระเรียน (Krarean Sofa)   หนังแท้ (ออย)เลือกสีได้ | ขนาด W135 D97 H76 cm,ฌ เฌอ | โซฟา 2 ที่นั่ง กระเรียน (Krarean Sofa)   หนังแท้ (ออย)เลือกสีได้ | ขนาด W135 D97 H76 cm ราคา 109500 ลด 25% เหลือ 82125 ชำระเป็นเงินสด ลด on top เพิ่ม 10% เหลือ 73912.5 ภายใน เดือนกันยายน 2569 และส่วนลดเพิ่มเติมตามโปรฯ ได้ที่ https://chawcher.com/category/promotion/,ฌ เฌอ,โซฟา,2 ที่นั่ง,กระเรียน,(Krarean Sofa),,,หนังแท้ (ออย),เลือกสีได้,W135,D97,H76,cm,xxxxxxxx,B 109500.00,25%,B 82125.00,10%,B 73912.50
ฌ เฌอ | โซฟา 2 ที่นั่ง กระเรียน (Krarean Sofa)   หนังแท้เลือกสีได้ | ขนาด W135 D97 H76 cm,ฌ เฌอ | โซฟา 2 ที่นั่ง กระเรียน (Krarean Sofa)   หนังแท้เลือกสีได้ | ขนาด W135 D97 H76 cm ราคา 87500 ลด 25% เหลือ 65625 ชำระเป็นเงินสด ลด on top เพิ่ม 10% เหลือ 59062.5 ภายใน เดือนกันยายน 2569 และส่วนลดเพิ่มเติมตามโปรฯ ได้ที่ https://chawcher.com/category/promotion/,ฌ เฌอ,โซฟา,2 ที่นั่ง,กระเรียน,(Krarean Sofa),,,หนังแท้,เลือกสีได้,W135,D97,H76,cm,10112770,B 87500.00,25%,B 65625.00,10%,B 59062.50
ฌ เฌอ | โซฟา 2 ที่นั่ง ขุนทอง (Koontong Sofa)   เบาะหนังแท้ ฐานหนังเทียมเลือกสีได้ | ขนาด W140 D80 H87 cm,ฌ เฌอ | โซฟา 2 ที่นั่ง ขุนทอง (Koontong Sofa)   เบาะหนังแท้ ฐานหนังเทียมเลือกสีได้ | ขนาด W140 D80 H87 cm ราคา 60800 ลด 30% เหลือ 42560 ชำระเป็นเงินสด ลด on top เพิ่ม 10% เหลือ 38304 ภายใน เดือนกันยายน 2569 และส่วนลดเพิ่มเติมตามโปรฯ ได้ที่ https://chawcher.com/category/promotion/,ฌ เฌอ,โซฟา,2 ที่นั่ง,ขุนทอง,(Koontong Sofa),,,เบาะหนังแท้ ฐานหนังเทียม,เลือกสีได้,W140,D80,H87,cm,10117628,B 60800.00,30%,B 42560.00,10%,B 38304.00
ฌ เฌอ | โซฟา 2 ที่นั่ง ขุนทอง (Koontong Sofa)   เบาะหนังแท้ ฐานหนังเทียมเลือกสีได้ | ขนาด W160 D80 H87 cm,ฌ เฌอ | โซฟา 2 ที่นั่ง ขุนทอง (Koontong Sofa)   เบาะหนังแท้ ฐานหนังเทียมเลือกสีได้ | ขนาด W160 D80 H87 cm ราคา 65800 ลด 30% เหลือ 46060 ชำระเป็นเงินสด ลด on top เพิ่ม 10% เหลือ 41454 ภายใน เดือนกันยายน 2569 และส่วนลดเพิ่มเติมตามโปรฯ ได้ที่ https://chawcher.com/category/promotion/,ฌ เฌอ,โซฟา,2 ที่นั่ง,ขุนทอง,(Koontong Sofa),,,เบาะหนังแท้ ฐานหนังเทียม,เลือกสีได้,W160,D80,H87,cm,10117629,B 65800.00,30%,B 46060.00,10%,B 41454.00
ฌ เฌอ | โซฟา 2 ที่นั่ง ขุนทอง (Koontong Sofa)   ผ้า A เลือกสีได้ | ขนาด W140 D80 H87 cm,ฌ เฌอ | โซฟา 2 ที่นั่ง ขุนทอง (Koontong Sofa)   ผ้า A เลือกสีได้ | ขนาด W140 D80 H87 cm ราคา 42500 ลด 30% เหลือ 29750 ชำระเป็นเงินสด ลด on top เพิ่ม 10% เหลือ 26775 ภายใน เดือนกันยายน 2569 และส่วนลดเพิ่มเติมตามโปรฯ ได้ที่ https://chawcher.com/category/promotion/,ฌ เฌอ,โซฟา,2 ที่นั่ง,ขุนทอง,(Koontong Sofa),,,ผ้า A ,เลือกสีได้,W140,D80,H87,cm,10117623,B 42500.00,30%,B 29750.00,10%,B 26775.00
ฌ เฌอ | โซฟา 2 ที่นั่ง ขุนทอง (Koontong Sofa)   ผ้า A เลือกสีได้ | ขนาด W160 D80 H87 cm,ฌ เฌอ | โซฟา 2 ที่นั่ง ขุนทอง (Koontong Sofa)   ผ้า A เลือกสีได้ | ขนาด W160 D80 H87 cm ราคา 48000 ลด 30% เหลือ 33600 ชำระเป็นเงินสด ลด on top เพิ่ม 10% เหลือ 30240 ภายใน เดือนกันยายน 2569 และส่วนลดเพิ่มเติมตามโปรฯ ได้ที่ https://chawcher.com/category/promotion/,ฌ เฌอ,โซฟา,2 ที่นั่ง,ขุนทอง,(Koontong Sofa),,,ผ้า A ,เลือกสีได้,W160,D80,H87,cm,10117624,B 48000.00,30%,B 33600.00,10%,B 30240.00
ฌ เฌอ | โซฟา 2 ที่นั่ง ขุนทอง (Koontong Sofa)   ผ้า C เลือกสีได้ | ขนาด W140 D80 H87 cm,ฌ เฌอ | โซฟา 2 ที่นั่ง ขุนทอง (Koontong Sofa)   ผ้า C เลือกสีได้ | ขนาด W140 D80 H87 cm ราคา 53200 ลด 30% เหลือ 37240 ชำระเป็นเงินสด ลด on top เพิ่ม 10% เหลือ 33516 ภายใน เดือนกันยายน 2569 และส่วนลดเพิ่มเติมตามโปรฯ ได้ที่ https://chawcher.com/category/promotion/,ฌ เฌอ,โซฟา,2 ที่นั่ง,ขุนทอง,(Koontong Sofa),,,ผ้า C ,เลือกสีได้,W140,D80,H87,cm,xxxxxxxx,B 53200.00,30%,B 37240.00,10%,B 33516.00
ฌ เฌอ | โซฟา 2 ที่นั่ง ขุนทอง (Koontong Sofa)   ผ้า C เลือกสีได้ | ขนาด W160 D80 H87 cm,ฌ เฌอ | โซฟา 2 ที่นั่ง ขุนทอง (Koontong Sofa)   ผ้า C เลือกสีได้ | ขนาด W160 D80 H87 cm ราคา 60000 ลด 30% เหลือ 42000 ชำระเป็นเงินสด ลด on top เพิ่ม 10% เหลือ 37800 ภายใน เดือนกันยายน 2569 และส่วนลดเพิ่มเติมตามโปรฯ ได้ที่ https://chawcher.com/category/promotion/,ฌ เฌอ,โซฟา,2 ที่นั่ง,ขุนทอง,(Koontong Sofa),,,ผ้า C ,เลือกสีได้,W160,D80,H87,cm,xxxxxxxx,B 60000.00,30%,B 42000.00,10%,B 37800.00
ฌ เฌอ | โซฟา 2 ที่นั่ง ขุนทอง (Koontong Sofa)   หนังแท้ (ออย)เลือกสีได้ | ขนาด W140 D80 H87 cm,ฌ เฌอ | โซฟา 2 ที่นั่ง ขุนทอง (Koontong Sofa)   หนังแท้ (ออย)เลือกสีได้ | ขนาด W140 D80 H87 cm ราคา 92700 ลด 30% เหลือ 64890 ชำระเป็นเงินสด ลด on top เพิ่ม 10% เหลือ 58401 ภายใน เดือนกันยายน 2569 และส่วนลดเพิ่มเติมตามโปรฯ ได้ที่ https://chawcher.com/category/promotion/,ฌ เฌอ,โซฟา,2 ที่นั่ง,ขุนทอง,(Koontong Sofa),,,หนังแท้ (ออย),เลือกสีได้,W140,D80,H87,cm,xxxxxxxx,B 92700.00,30%,B 64890.00,10%,B 58401.00
ฌ เฌอ | โซฟา 2 ที่นั่ง ขุนทอง (Koontong Sofa)   หนังแท้ (ออย)เลือกสีได้ | ขนาด W160 D80 H87 cm,ฌ เฌอ | โซฟา 2 ที่นั่ง ขุนทอง (Koontong Sofa)   หนังแท้ (ออย)เลือกสีได้ | ขนาด W160 D80 H87 cm ราคา 105500 ลด 30% เหลือ 73850 ชำระเป็นเงินสด ลด on top เพิ่ม 10% เหลือ 66465 ภายใน เดือนกันยายน 2569 และส่วนลดเพิ่มเติมตามโปรฯ ได้ที่ https://chawcher.com/category/promotion/,ฌ เฌอ,โซฟา,2 ที่นั่ง,ขุนทอง,(Koontong Sofa),,,หนังแท้ (ออย),เลือกสีได้,W160,D80,H87,cm,xxxxxxxx,B 105500.00,30%,B 73850.00,10%,B 66465.00
ฌ เฌอ | โซฟา 2 ที่นั่ง ขุนทอง (Koontong Sofa)   หนังแท้เลือกสีได้ | ขนาด W140 D80 H87 cm,ฌ เฌอ | โซฟา 2 ที่นั่ง ขุนทอง (Koontong Sofa)   หนังแท้เลือกสีได้ | ขนาด W140 D80 H87 cm ราคา 72200 ลด 30% เหลือ 50540 ชำระเป็นเงินสด ลด on top เพิ่ม 10% เหลือ 45486 ภายใน เดือนกันยายน 2569 และส่วนลดเพิ่มเติมตามโปรฯ ได้ที่ https://chawcher.com/category/promotion/,ฌ เฌอ,โซฟา,2 ที่นั่ง,ขุนทอง,(Koontong Sofa),,,หนังแท้,เลือกสีได้,W140,D80,H87,cm,10117633,B 72200.00,30%,B 50540.00,10%,B 45486.00
ฌ เฌอ | โซฟา 2 ที่นั่ง ขุนทอง (Koontong Sofa)   หนังแท้เลือกสีได้ | ขนาด W160 D80 H87 cm,ฌ เฌอ | โซฟา 2 ที่นั่ง ขุนทอง (Koontong Sofa)   หนังแท้เลือกสีได้ | ขนาด W160 D80 H87 cm ราคา 76700 ลด 30% เหลือ 53690 ชำระเป็นเงินสด ลด on top เพิ่ม 10% เหลือ 48321 ภายใน เดือนกันยายน 2569 และส่วนลดเพิ่มเติมตามโปรฯ ได้ที่ https://chawcher.com/category/promotion/,ฌ เฌอ,โซฟา,2 ที่นั่ง,ขุนทอง,(Koontong Sofa),,,หนังแท้,เลือกสีได้,W160,D80,H87,cm,10117634,B 76700.00,30%,B 53690.00,10%,B 48321.00
ฌ เฌอ | โซฟา 2 ที่นั่ง ทากะ (Taka Sofa)   ผ้า A เลือกสีได้ | ขนาด W180 D90 H72 (46) cm,ฌ เฌอ | โซฟา 2 ที่นั่ง ทากะ (Taka Sofa)   ผ้า A เลือกสีได้ | ขนาด W180 D90 H72 (46) cm ราคา 80000 ลด 30% เหลือ 56000 ชำระเป็นเงินสด ลด on top เพิ่ม 10% เหลือ 50400 ภายใน เดือนกันยายน 2569 และส่วนลดเพิ่มเติมตามโปรฯ ได้ที่ https://chawcher.com/category/promotion/,ฌ เฌอ,โซฟา,2 ที่นั่ง,ทากะ,(Taka Sofa),,,ผ้า A ,เลือกสีได้,W180,D90,H72 (46),cm,10835003,B 80000.00,30%,B 56000.00,10%,B 50400.00
ฌ เฌอ | โซฟา 2 ที่นั่ง ทากะ (Taka Sofa)   ผ้า A เลือกสีได้ | ขนาด W200 D90 H72 (46) cm,ฌ เฌอ | โซฟา 2 ที่นั่ง ทากะ (Taka Sofa)   ผ้า A เลือกสีได้ | ขนาด W200 D90 H72 (46) cm ราคา 100000 ลด 30% เหลือ 70000 ชำระเป็นเงินสด ลด on top เพิ่ม 10% เหลือ 63000 ภายใน เดือนกันยายน 2569 และส่วนลดเพิ่มเติมตามโปรฯ ได้ที่ https://chawcher.com/category/promotion/,ฌ เฌอ,โซฟา,2 ที่นั่ง,ทากะ,(Taka Sofa),,,ผ้า A ,เลือกสีได้,W200,D90,H72 (46),cm,10835004,B 100000.00,30%,B 70000.00,10%,B 63000.00
ฌ เฌอ | โซฟา 2 ที่นั่ง ทากะ (Taka Sofa)   ผ้า B เลือกสีได้ | ขนาด W180 D90 H72 (46) cm,ฌ เฌอ | โซฟา 2 ที่นั่ง ทากะ (Taka Sofa)   ผ้า B เลือกสีได้ | ขนาด W180 D90 H72 (46) cm ราคา 95000 ลด 30% เหลือ 66500 ชำระเป็นเงินสด ลด on top เพิ่ม 10% เหลือ 59850 ภายใน เดือนกันยายน 2569 และส่วนลดเพิ่มเติมตามโปรฯ ได้ที่ https://chawcher.com/category/promotion/,ฌ เฌอ,โซฟา,2 ที่นั่ง,ทากะ,(Taka Sofa),,,ผ้า B ,เลือกสีได้,W180,D90,H72 (46),cm,10835005,B 95000.00,30%,B 66500.00,10%,B 59850.00
ฌ เฌอ | โซฟา 2 ที่นั่ง ทากะ (Taka Sofa)   ผ้า B เลือกสีได้ | ขนาด W200 D90 H72 (46) cm,ฌ เฌอ | โซฟา 2 ที่นั่ง ทากะ (Taka Sofa)   ผ้า B เลือกสีได้ | ขนาด W200 D90 H72 (46) cm ราคา 115000 ลด 30% เหลือ 80500 ชำระเป็นเงินสด ลด on top เพิ่ม 10% เหลือ 72450 ภายใน เดือนกันยายน 2569 และส่วนลดเพิ่มเติมตามโปรฯ ได้ที่ https://chawcher.com/category/promotion/,ฌ เฌอ,โซฟา,2 ที่นั่ง,ทากะ,(Taka Sofa),,,ผ้า B ,เลือกสีได้,W200,D90,H72 (46),cm,10835006,B 115000.00,30%,B 80500.00,10%,B 72450.00
ฌ เฌอ | โซฟา 2 ที่นั่ง ทากะ (Taka Sofa)   ผ้า C เลือกสีได้ | ขนาด W180 D90 H72 (46) cm,ฌ เฌอ | โซฟา 2 ที่นั่ง ทากะ (Taka Sofa)   ผ้า C เลือกสีได้ | ขนาด W180 D90 H72 (46) cm ราคา 110000 ลด 30% เหลือ 77000 ชำระเป็นเงินสด ลด on top เพิ่ม 10% เหลือ 69300 ภายใน เดือนกันยายน 2569 และส่วนลดเพิ่มเติมตามโปรฯ ได้ที่ https://chawcher.com/category/promotion/,ฌ เฌอ,โซฟา,2 ที่นั่ง,ทากะ,(Taka Sofa),,,ผ้า C ,เลือกสีได้,W180,D90,H72 (46),cm,10835007,B 110000.00,30%,B 77000.00,10%,B 69300.00
ฌ เฌอ | โซฟา 2 ที่นั่ง ทากะ (Taka Sofa)   ผ้า C เลือกสีได้ | ขนาด W200 D90 H72 (46) cm,ฌ เฌอ | โซฟา 2 ที่นั่ง ทากะ (Taka Sofa)   ผ้า C เลือกสีได้ | ขนาด W200 D90 H72 (46) cm ราคา 135000 ลด 30% เหลือ 94500 ชำระเป็นเงินสด ลด on top เพิ่ม 10% เหลือ 85050 ภายใน เดือนกันยายน 2569 และส่วนลดเพิ่มเติมตามโปรฯ ได้ที่ https://chawcher.com/category/promotion/,ฌ เฌอ,โซฟา,2 ที่นั่ง,ทากะ,(Taka Sofa),,,ผ้า C ,เลือกสีได้,W200,D90,H72 (46),cm,10835008,B 135000.00,30%,B 94500.00,10%,B 85050.00
ฌ เฌอ | โซฟา 2 ที่นั่ง ทากะ (Taka Sofa)   หนังแท้ (ออย)เลือกสีได้ | ขนาด W180 D90 H72 (46) cm,ฌ เฌอ | โซฟา 2 ที่นั่ง ทากะ (Taka Sofa)   หนังแท้ (ออย)เลือกสีได้ | ขนาด W180 D90 H72 (46) cm ราคา 160000 ลด 30% เหลือ 112000 ชำระเป็นเงินสด ลด on top เพิ่ม 10% เหลือ 100800 ภายใน เดือนกันยายน 2569 และส่วนลดเพิ่มเติมตามโปรฯ ได้ที่ https://chawcher.com/category/promotion/,ฌ เฌอ,โซฟา,2 ที่นั่ง,ทากะ,(Taka Sofa),,,หนังแท้ (ออย),เลือกสีได้,W180,D90,H72 (46),cm,10835011,B 160000.00,30%,B 112000.00,10%,B 100800.00
ฌ เฌอ | โซฟา 2 ที่นั่ง ทากะ (Taka Sofa)   หนังแท้ (ออย)เลือกสีได้ | ขนาด W200 D90 H72 (46) cm,ฌ เฌอ | โซฟา 2 ที่นั่ง ทากะ (Taka Sofa)   หนังแท้ (ออย)เลือกสีได้ | ขนาด W200 D90 H72 (46) cm ราคา 200000 ลด 30% เหลือ 140000 ชำระเป็นเงินสด ลด on top เพิ่ม 10% เหลือ 126000 ภายใน เดือนกันยายน 2569 และส่วนลดเพิ่มเติมตามโปรฯ ได้ที่ https://chawcher.com/category/promotion/,ฌ เฌอ,โซฟา,2 ที่นั่ง,ทากะ,(Taka Sofa),,,หนังแท้ (ออย),เลือกสีได้,W200,D90,H72 (46),cm,10835012,B 200000.00,30%,B 140000.00,10%,B 126000.00
ฌ เฌอ | โซฟา 2 ที่นั่ง ทากะ (Taka Sofa)   หนังแท้เลือกสีได้ | ขนาด W180 D90 H72 (46) cm,ฌ เฌอ | โซฟา 2 ที่นั่ง ทากะ (Taka Sofa)   หนังแท้เลือกสีได้ | ขนาด W180 D90 H72 (46) cm ราคา 120000 ลด 30% เหลือ 84000 ชำระเป็นเงินสด ลด on top เพิ่ม 10% เหลือ 75600 ภายใน เดือนกันยายน 2569 และส่วนลดเพิ่มเติมตามโปรฯ ได้ที่ https://chawcher.com/category/promotion/,ฌ เฌอ,โซฟา,2 ที่นั่ง,ทากะ,(Taka Sofa),,,หนังแท้,เลือกสีได้,W180,D90,H72 (46),cm,10835009,B 120000.00,30%,B 84000.00,10%,B 75600.00
ฌ เฌอ | โซฟา 2 ที่นั่ง ทากะ (Taka Sofa)   หนังแท้เลือกสีได้ | ขนาด W200 D90 H72 (46) cm,ฌ เฌอ | โซฟา 2 ที่นั่ง ทากะ (Taka Sofa)   หนังแท้เลือกสีได้ | ขนาด W200 D90 H72 (46) cm ราคา 165000 ลด 30% เหลือ 115500 ชำระเป็นเงินสด ลด on top เพิ่ม 10% เหลือ 103950 ภายใน เดือนกันยายน 2569 และส่วนลดเพิ่มเติมตามโปรฯ ได้ที่ https://chawcher.com/category/promotion/,ฌ เฌอ,โซฟา,2 ที่นั่ง,ทากะ,(Taka Sofa),,,หนังแท้,เลือกสีได้,W200,D90,H72 (46),cm,10835010,B 165000.00,30%,B 115500.00,10%,B 103950.00
ฌ เฌอ | โซฟา 2 ที่นั่ง นางแอ่น  (Nang Aaen Sofa)   ผ้า A เลือกสีได้ | ขนาด W158 D87 H73 cm,ฌ เฌอ | โซฟา 2 ที่นั่ง นางแอ่น  (Nang Aaen Sofa)   ผ้า A เลือกสีได้ | ขนาด W158 D87 H73 cm ราคา 45000 ลด 35% เหลือ 29250 ชำระเป็นเงินสด ลด on top เพิ่ม 10% เหลือ 26325 ภายใน เดือนกันยายน 2569 และส่วนลดเพิ่มเติมตามโปรฯ ได้ที่ https://chawcher.com/category/promotion/,ฌ เฌอ,โซฟา,2 ที่นั่ง,นางแอ่น ,(Nang Aaen Sofa),,,ผ้า A ,เลือกสีได้,W158,D87,H73,cm,10503004,B 45000.00,35%,B 29250.00,10%,B 26325.00
ฌ เฌอ | โซฟา 2 ที่นั่ง นางแอ่น  (Nang Aaen Sofa)   ผ้า B เลือกสีได้ | ขนาด W158 D87 H73 cm,ฌ เฌอ | โซฟา 2 ที่นั่ง นางแอ่น  (Nang Aaen Sofa)   ผ้า B เลือกสีได้ | ขนาด W158 D87 H73 cm ราคา 51500 ลด 35% เหลือ 33475 ชำระเป็นเงินสด ลด on top เพิ่ม 10% เหลือ 30127.5 ภายใน เดือนกันยายน 2569 และส่วนลดเพิ่มเติมตามโปรฯ ได้ที่ https://chawcher.com/category/promotion/,ฌ เฌอ,โซฟา,2 ที่นั่ง,นางแอ่น ,(Nang Aaen Sofa),,,ผ้า B ,เลือกสีได้,W158,D87,H73,cm,xxxxxxxx,B 51500.00,35%,B 33475.00,10%,B 30127.50
ฌ เฌอ | โซฟา 2 ที่นั่ง นางแอ่น  (Nang Aaen Sofa)   ผ้า C เลือกสีได้ | ขนาด W158 D87 H73 cm,ฌ เฌอ | โซฟา 2 ที่นั่ง นางแอ่น  (Nang Aaen Sofa)   ผ้า C เลือกสีได้ | ขนาด W158 D87 H73 cm ราคา 56400 ลด 35% เหลือ 36660 ชำระเป็นเงินสด ลด on top เพิ่ม 10% เหลือ 32994 ภายใน เดือนกันยายน 2569 และส่วนลดเพิ่มเติมตามโปรฯ ได้ที่ https://chawcher.com/category/promotion/,ฌ เฌอ,โซฟา,2 ที่นั่ง,นางแอ่น ,(Nang Aaen Sofa),,,ผ้า C ,เลือกสีได้,W158,D87,H73,cm,xxxxxxxx,B 56400.00,35%,B 36660.00,10%,B 32994.00
ฌ เฌอ | โซฟา 2 ที่นั่ง นางแอ่น  (Nang Aaen Sofa)   หนังแท้ (ออย)เลือกสีได้ | ขนาด W158 D87 H73 cm,ฌ เฌอ | โซฟา 2 ที่นั่ง นางแอ่น  (Nang Aaen Sofa)   หนังแท้ (ออย)เลือกสีได้ | ขนาด W158 D87 H73 cm ราคา 100000 ลด 35% เหลือ 65000 ชำระเป็นเงินสด ลด on top เพิ่ม 10% เหลือ 58500 ภายใน เดือนกันยายน 2569 และส่วนลดเพิ่มเติมตามโปรฯ ได้ที่ https://chawcher.com/category/promotion/,ฌ เฌอ,โซฟา,2 ที่นั่ง,นางแอ่น ,(Nang Aaen Sofa),,,หนังแท้ (ออย),เลือกสีได้,W158,D87,H73,cm,xxxxxxxx,B 100000.00,35%,B 65000.00,10%,B 58500.00
ฌ เฌอ | โซฟา 2 ที่นั่ง นางแอ่น  (Nang Aaen Sofa)   หนังแท้เลือกสีได้ | ขนาด W158 D87 H73 cm,ฌ เฌอ | โซฟา 2 ที่นั่ง นางแอ่น  (Nang Aaen Sofa)   หนังแท้เลือกสีได้ | ขนาด W158 D87 H73 cm ราคา 80000 ลด 35% เหลือ 52000 ชำระเป็นเงินสด ลด on top เพิ่ม 10% เหลือ 46800 ภายใน เดือนกันยายน 2569 และส่วนลดเพิ่มเติมตามโปรฯ ได้ที่ https://chawcher.com/category/promotion/,ฌ เฌอ,โซฟา,2 ที่นั่ง,นางแอ่น ,(Nang Aaen Sofa),,,หนังแท้,เลือกสีได้,W158,D87,H73,cm,xxxxxxxx,B 80000.00,35%,B 52000.00,10%,B 46800.00
ฌ เฌอ | โซฟา 2 ที่นั่ง เนส (Nest Sofa)   ผ้า A เลือกสีได้ | ขนาด W142 D105 H102 cm,ฌ เฌอ | โซฟา 2 ที่นั่ง เนส (Nest Sofa)   ผ้า A เลือกสีได้ | ขนาด W142 D105 H102 cm ราคา 96500 ลด 35% เหลือ 62725 ชำระเป็นเงินสด ลด on top เพิ่ม 10% เหลือ 56452.5 ภายใน เดือนกันยายน 2569 และส่วนลดเพิ่มเติมตามโปรฯ ได้ที่ https://chawcher.com/category/promotion/,ฌ เฌอ,โซฟา,2 ที่นั่ง,เนส,(Nest Sofa),,,ผ้า A ,เลือกสีได้,W142,D105,H102,cm,10112768,B 96500.00,35%,B 62725.00,10%,B 56452.50
ฌ เฌอ | โซฟา 2 ที่นั่ง เนส (Nest Sofa)   ผ้า B เลือกสีได้ | ขนาด W142 D105 H102 cm,ฌ เฌอ | โซฟา 2 ที่นั่ง เนส (Nest Sofa)   ผ้า B เลือกสีได้ | ขนาด W142 D105 H102 cm ราคา 105000 ลด 35% เหลือ 68250 ชำระเป็นเงินสด ลด on top เพิ่ม 10% เหลือ 61425 ภายใน เดือนกันยายน 2569 และส่วนลดเพิ่มเติมตามโปรฯ ได้ที่ https://chawcher.com/category/promotion/,ฌ เฌอ,โซฟา,2 ที่นั่ง,เนส,(Nest Sofa),,,ผ้า B ,เลือกสีได้,W142,D105,H102,cm,xxxxxxxx,B 105000.00,35%,B 68250.00,10%,B 61425.00
ฌ เฌอ | โซฟา 2 ที่นั่ง เนส (Nest Sofa)   ผ้า C เลือกสีได้ | ขนาด W142 D105 H102 cm,ฌ เฌอ | โซฟา 2 ที่นั่ง เนส (Nest Sofa)   ผ้า C เลือกสีได้ | ขนาด W142 D105 H102 cm ราคา 110000 ลด 35% เหลือ 71500 ชำระเป็นเงินสด ลด on top เพิ่ม 10% เหลือ 64350 ภายใน เดือนกันยายน 2569 และส่วนลดเพิ่มเติมตามโปรฯ ได้ที่ https://chawcher.com/category/promotion/,ฌ เฌอ,โซฟา,2 ที่นั่ง,เนส,(Nest Sofa),,,ผ้า C ,เลือกสีได้,W142,D105,H102,cm,xxxxxxxx,B 110000.00,35%,B 71500.00,10%,B 64350.00
ฌ เฌอ | โซฟา 2 ที่นั่ง เนส (Nest Sofa)   หนังแท้ (ออย)เลือกสีได้ | ขนาด W142 D105 H102 cm,ฌ เฌอ | โซฟา 2 ที่นั่ง เนส (Nest Sofa)   หนังแท้ (ออย)เลือกสีได้ | ขนาด W142 D105 H102 cm ราคา 162500 ลด 35% เหลือ 105625 ชำระเป็นเงินสด ลด on top เพิ่ม 10% เหลือ 95062.5 ภายใน เดือนกันยายน 2569 และส่วนลดเพิ่มเติมตามโปรฯ ได้ที่ https://chawcher.com/category/promotion/,ฌ เฌอ,โซฟา,2 ที่นั่ง,เนส,(Nest Sofa),,,หนังแท้ (ออย),เลือกสีได้,W142,D105,H102,cm,xxxxxxxx,B 162500.00,35%,B 105625.00,10%,B 95062.50
ฌ เฌอ | โซฟา 2 ที่นั่ง เนส (Nest Sofa)   หนังแท้เลือกสีได้ | ขนาด W142 D105 H102 cm,ฌ เฌอ | โซฟา 2 ที่นั่ง เนส (Nest Sofa)   หนังแท้เลือกสีได้ | ขนาด W142 D105 H102 cm ราคา 130000 ลด 35% เหลือ 84500 ชำระเป็นเงินสด ลด on top เพิ่ม 10% เหลือ 76050 ภายใน เดือนกันยายน 2569 และส่วนลดเพิ่มเติมตามโปรฯ ได้ที่ https://chawcher.com/category/promotion/,ฌ เฌอ,โซฟา,2 ที่นั่ง,เนส,(Nest Sofa),,,หนังแท้,เลือกสีได้,W142,D105,H102,cm,10112767,B 130000.00,35%,B 84500.00,10%,B 76050.00
ฌ เฌอ | โซฟา 2 ที่นั่ง อัญชัน (Aunchan Sofa)   ผ้า A เลือกสีได้ | ขนาด W155 D91 H93 ,ฌ เฌอ | โซฟา 2 ที่นั่ง อัญชัน (Aunchan Sofa)   ผ้า A เลือกสีได้ | ขนาด W155 D91 H93  ราคา 46000 ลด 30% เหลือ 32200 ชำระเป็นเงินสด ลด on top เพิ่ม 10% เหลือ 28980 ภายใน เดือนกันยายน 2569 และส่วนลดเพิ่มเติมตามโปรฯ ได้ที่ https://chawcher.com/category/promotion/,ฌ เฌอ,โซฟา,2 ที่นั่ง,อัญชัน,(Aunchan Sofa),,,ผ้า A ,เลือกสีได้,W155,D91,H93,,,B 46000.00,30%,B 32200.00,10%,B 28980.00
ฌ เฌอ | โซฟา 2 ที่นั่ง อัญชัน (Aunchan Sofa)   ผ้า B เลือกสีได้ | ขนาด W155 D91 H93 ,ฌ เฌอ | โซฟา 2 ที่นั่ง อัญชัน (Aunchan Sofa)   ผ้า B เลือกสีได้ | ขนาด W155 D91 H93  ราคา 52000 ลด 30% เหลือ 36400 ชำระเป็นเงินสด ลด on top เพิ่ม 10% เหลือ 32760 ภายใน เดือนกันยายน 2569 และส่วนลดเพิ่มเติมตามโปรฯ ได้ที่ https://chawcher.com/category/promotion/,ฌ เฌอ,โซฟา,2 ที่นั่ง,อัญชัน,(Aunchan Sofa),,,ผ้า B ,เลือกสีได้,W155,D91,H93,,,B 52000.00,30%,B 36400.00,10%,B 32760.00
ฌ เฌอ | โซฟา 2 ที่นั่ง อัญชัน (Aunchan Sofa)   ผ้า C เลือกสีได้ | ขนาด W155 D91 H93 ,ฌ เฌอ | โซฟา 2 ที่นั่ง อัญชัน (Aunchan Sofa)   ผ้า C เลือกสีได้ | ขนาด W155 D91 H93  ราคา 64000 ลด 30% เหลือ 44800 ชำระเป็นเงินสด ลด on top เพิ่ม 10% เหลือ 40320 ภายใน เดือนกันยายน 2569 และส่วนลดเพิ่มเติมตามโปรฯ ได้ที่ https://chawcher.com/category/promotion/,ฌ เฌอ,โซฟา,2 ที่นั่ง,อัญชัน,(Aunchan Sofa),,,ผ้า C ,เลือกสีได้,W155,D91,H93,,,B 64000.00,30%,B 44800.00,10%,B 40320.00
ฌ เฌอ | โซฟา 2 ที่นั่ง อัญชัน (Aunchan Sofa)   หนังแท้ (ออย)เลือกสีได้ | ขนาด W155 D91 H93 ,ฌ เฌอ | โซฟา 2 ที่นั่ง อัญชัน (Aunchan Sofa)   หนังแท้ (ออย)เลือกสีได้ | ขนาด W155 D91 H93  ราคา 95000 ลด 30% เหลือ 66500 ชำระเป็นเงินสด ลด on top เพิ่ม 10% เหลือ 59850 ภายใน เดือนกันยายน 2569 และส่วนลดเพิ่มเติมตามโปรฯ ได้ที่ https://chawcher.com/category/promotion/,ฌ เฌอ,โซฟา,2 ที่นั่ง,อัญชัน,(Aunchan Sofa),,,หนังแท้ (ออย),เลือกสีได้,W155,D91,H93,,,B 95000.00,30%,B 66500.00,10%,B 59850.00
ฌ เฌอ | โซฟา 2 ที่นั่ง อัญชัน (Aunchan Sofa)   หนังแท้เลือกสีได้ | ขนาด W155 D91 H93 ,ฌ เฌอ | โซฟา 2 ที่นั่ง อัญชัน (Aunchan Sofa)   หนังแท้เลือกสีได้ | ขนาด W155 D91 H93  ราคา 78000 ลด 30% เหลือ 54600 ชำระเป็นเงินสด ลด on top เพิ่ม 10% เหลือ 49140 ภายใน เดือนกันยายน 2569 และส่วนลดเพิ่มเติมตามโปรฯ ได้ที่ https://chawcher.com/category/promotion/,ฌ เฌอ,โซฟา,2 ที่นั่ง,อัญชัน,(Aunchan Sofa),,,หนังแท้,เลือกสีได้,W155,D91,H93,,,B 78000.00,30%,B 54600.00,10%,B 49140.00
ฌ เฌอ | โซฟา 2 ที่นั่ง อีมู  (Emu Sofa)   เบาะหนังแท้ พนักพิงผ้าเลือกสีได้ | ขนาด W145 D82 H83 cm,ฌ เฌอ | โซฟา 2 ที่นั่ง อีมู  (Emu Sofa)   เบาะหนังแท้ พนักพิงผ้าเลือกสีได้ | ขนาด W145 D82 H83 cm ราคา 66200 ลด 30% เหลือ 46340 ชำระเป็นเงินสด ลด on top เพิ่ม 10% เหลือ 41706 ภายใน เดือนกันยายน 2569 และส่วนลดเพิ่มเติมตามโปรฯ ได้ที่ https://chawcher.com/category/promotion/,ฌ เฌอ,โซฟา,2 ที่นั่ง,อีมู ,(Emu Sofa),,,เบาะหนังแท้ พนักพิงผ้า,เลือกสีได้,W145,D82,H83,cm,10029020,B 66200.00,30%,B 46340.00,10%,B 41706.00
ฌ เฌอ | โซฟา 2 ที่นั่ง อีมู  (Emu Sofa)   ผ้า A เลือกสีได้ | ขนาด W145 D82 H83 cm,ฌ เฌอ | โซฟา 2 ที่นั่ง อีมู  (Emu Sofa)   ผ้า A เลือกสีได้ | ขนาด W145 D82 H83 cm ราคา 49500 ลด 30% เหลือ 34650 ชำระเป็นเงินสด ลด on top เพิ่ม 10% เหลือ 31185 ภายใน เดือนกันยายน 2569 และส่วนลดเพิ่มเติมตามโปรฯ ได้ที่ https://chawcher.com/category/promotion/,ฌ เฌอ,โซฟา,2 ที่นั่ง,อีมู ,(Emu Sofa),,,ผ้า A ,เลือกสีได้,W145,D82,H83,cm,10113436,B 49500.00,30%,B 34650.00,10%,B 31185.00
ฌ เฌอ | โซฟา 2 ที่นั่ง อีมู  (Emu Sofa)   ผ้า B เลือกสีได้ | ขนาด W145 D82 H83 cm,ฌ เฌอ | โซฟา 2 ที่นั่ง อีมู  (Emu Sofa)   ผ้า B เลือกสีได้ | ขนาด W145 D82 H83 cm ราคา 55500 ลด 30% เหลือ 38850 ชำระเป็นเงินสด ลด on top เพิ่ม 10% เหลือ 34965 ภายใน เดือนกันยายน 2569 และส่วนลดเพิ่มเติมตามโปรฯ ได้ที่ https://chawcher.com/category/promotion/,ฌ เฌอ,โซฟา,2 ที่นั่ง,อีมู ,(Emu Sofa),,,ผ้า B ,เลือกสีได้,W145,D82,H83,cm,xxxxxxxx,B 55500.00,30%,B 38850.00,10%,B 34965.00
ฌ เฌอ | โซฟา 2 ที่นั่ง อีมู  (Emu Sofa)   ผ้า C เลือกสีได้ | ขนาด W145 D82 H83 cm,ฌ เฌอ | โซฟา 2 ที่นั่ง อีมู  (Emu Sofa)   ผ้า C เลือกสีได้ | ขนาด W145 D82 H83 cm ราคา 62000 ลด 30% เหลือ 43400 ชำระเป็นเงินสด ลด on top เพิ่ม 10% เหลือ 39060 ภายใน เดือนกันยายน 2569 และส่วนลดเพิ่มเติมตามโปรฯ ได้ที่ https://chawcher.com/category/promotion/,ฌ เฌอ,โซฟา,2 ที่นั่ง,อีมู ,(Emu Sofa),,,ผ้า C ,เลือกสีได้,W145,D82,H83,cm,xxxxxxxx,B 62000.00,30%,B 43400.00,10%,B 39060.00
ฌ เฌอ | โซฟา 2 ที่นั่ง อีมู  (Emu Sofa)   หนังแท้ (ออย)เลือกสีได้ | ขนาด W145 D82 H83 cm,ฌ เฌอ | โซฟา 2 ที่นั่ง อีมู  (Emu Sofa)   หนังแท้ (ออย)เลือกสีได้ | ขนาด W145 D82 H83 cm ราคา 98900 ลด 30% เหลือ 69230 ชำระเป็นเงินสด ลด on top เพิ่ม 10% เหลือ 62307 ภายใน เดือนกันยายน 2569 และส่วนลดเพิ่มเติมตามโปรฯ ได้ที่ https://chawcher.com/category/promotion/,ฌ เฌอ,โซฟา,2 ที่นั่ง,อีมู ,(Emu Sofa),,,หนังแท้ (ออย),เลือกสีได้,W145,D82,H83,cm,xxxxxxxx,B 98900.00,30%,B 69230.00,10%,B 62307.00
ฌ เฌอ | โซฟา 2 ที่นั่ง อีมู  (Emu Sofa)   หนังแท้เลือกสีได้ | ขนาด W145 D82 H83 cm,ฌ เฌอ | โซฟา 2 ที่นั่ง อีมู  (Emu Sofa)   หนังแท้เลือกสีได้ | ขนาด W145 D82 H83 cm ราคา 79000 ลด 30% เหลือ 55300 ชำระเป็นเงินสด ลด on top เพิ่ม 10% เหลือ 49770 ภายใน เดือนกันยายน 2569 และส่วนลดเพิ่มเติมตามโปรฯ ได้ที่ https://chawcher.com/category/promotion/,ฌ เฌอ,โซฟา,2 ที่นั่ง,อีมู ,(Emu Sofa),,,หนังแท้,เลือกสีได้,W145,D82,H83,cm,10113431,B 79000.00,30%,B 55300.00,10%,B 49770.00
ฌ เฌอ | โซฟา 2 ที่นั่ง โอบ (OAB Sofa)   ผ้า A เลือกสีได้ | ขนาด W182 D96 H95 (43) cm,ฌ เฌอ | โซฟา 2 ที่นั่ง โอบ (OAB Sofa)   ผ้า A เลือกสีได้ | ขนาด W182 D96 H95 (43) cm ราคา 65000 ลด 35% เหลือ 42250 ชำระเป็นเงินสด ลด on top เพิ่ม 10% เหลือ 38025 ภายใน เดือนกันยายน 2569 และส่วนลดเพิ่มเติมตามโปรฯ ได้ที่ https://chawcher.com/category/promotion/,ฌ เฌอ,โซฟา,2 ที่นั่ง,โอบ,(OAB Sofa),,,ผ้า A ,เลือกสีได้,W182,D96,H95 (43),cm,xxxxxxxx,B 65000.00,35%,B 42250.00,10%,B 38025.00
ฌ เฌอ | โซฟา 2 ที่นั่ง โอบ (OAB Sofa)   ผ้า B เลือกสีได้ | ขนาด W182 D96 H95 (43) cm,ฌ เฌอ | โซฟา 2 ที่นั่ง โอบ (OAB Sofa)   ผ้า B เลือกสีได้ | ขนาด W182 D96 H95 (43) cm ราคา 75000 ลด 35% เหลือ 48750 ชำระเป็นเงินสด ลด on top เพิ่ม 10% เหลือ 43875 ภายใน เดือนกันยายน 2569 และส่วนลดเพิ่มเติมตามโปรฯ ได้ที่ https://chawcher.com/category/promotion/,ฌ เฌอ,โซฟา,2 ที่นั่ง,โอบ,(OAB Sofa),,,ผ้า B ,เลือกสีได้,W182,D96,H95 (43),cm,xxxxxxxx,B 75000.00,35%,B 48750.00,10%,B 43875.00
ฌ เฌอ | โซฟา 2 ที่นั่ง โอบ (OAB Sofa)   ผ้า C เลือกสีได้ | ขนาด W182 D96 H95 (43) cm,ฌ เฌอ | โซฟา 2 ที่นั่ง โอบ (OAB Sofa)   ผ้า C เลือกสีได้ | ขนาด W182 D96 H95 (43) cm ราคา 85000 ลด 35% เหลือ 55250 ชำระเป็นเงินสด ลด on top เพิ่ม 10% เหลือ 49725 ภายใน เดือนกันยายน 2569 และส่วนลดเพิ่มเติมตามโปรฯ ได้ที่ https://chawcher.com/category/promotion/,ฌ เฌอ,โซฟา,2 ที่นั่ง,โอบ,(OAB Sofa),,,ผ้า C ,เลือกสีได้,W182,D96,H95 (43),cm,xxxxxxxx,B 85000.00,35%,B 55250.00,10%,B 49725.00
ฌ เฌอ | โซฟา 2 ที่นั่ง โอบ (OAB Sofa)   หนังแท้ (ออย)เลือกสีได้ | ขนาด W182 D96 H95 (43) cm,ฌ เฌอ | โซฟา 2 ที่นั่ง โอบ (OAB Sofa)   หนังแท้ (ออย)เลือกสีได้ | ขนาด W182 D96 H95 (43) cm ราคา 120000 ลด 35% เหลือ 78000 ชำระเป็นเงินสด ลด on top เพิ่ม 10% เหลือ 70200 ภายใน เดือนกันยายน 2569 และส่วนลดเพิ่มเติมตามโปรฯ ได้ที่ https://chawcher.com/category/promotion/,ฌ เฌอ,โซฟา,2 ที่นั่ง,โอบ,(OAB Sofa),,,หนังแท้ (ออย),เลือกสีได้,W182,D96,H95 (43),cm,xxxxxxxx,B 120000.00,35%,B 78000.00,10%,B 70200.00
ฌ เฌอ | โซฟา 2 ที่นั่ง โอบ (OAB Sofa)   หนังแท้เลือกสีได้ | ขนาด W182 D96 H95 (43) cm,ฌ เฌอ | โซฟา 2 ที่นั่ง โอบ (OAB Sofa)   หนังแท้เลือกสีได้ | ขนาด W182 D96 H95 (43) cm ราคา 95000 ลด 35% เหลือ 61750 ชำระเป็นเงินสด ลด on top เพิ่ม 10% เหลือ 55575 ภายใน เดือนกันยายน 2569 และส่วนลดเพิ่มเติมตามโปรฯ ได้ที่ https://chawcher.com/category/promotion/,ฌ เฌอ,โซฟา,2 ที่นั่ง,โอบ,(OAB Sofa),,,หนังแท้,เลือกสีได้,W182,D96,H95 (43),cm,xxxxxxxx,B 95000.00,35%,B 61750.00,10%,B 55575.00
ฌ เฌอ | โซฟา 2 ที่นั่ง โอมุ (Omu Sofa)   ผ้า A เลือกสีได้ | ขนาด W185 D167 (101) H84 (45) cm,ฌ เฌอ | โซฟา 2 ที่นั่ง โอมุ (Omu Sofa)   ผ้า A เลือกสีได้ | ขนาด W185 D167 (101) H84 (45) cm ราคา 80000 ลด 25% เหลือ 60000 ชำระเป็นเงินสด ลด on top เพิ่ม 10% เหลือ 54000 ภายใน เดือนกันยายน 2569 และส่วนลดเพิ่มเติมตามโปรฯ ได้ที่ https://chawcher.com/category/promotion/,ฌ เฌอ,โซฟา,2 ที่นั่ง,โอมุ,(Omu Sofa),,,ผ้า A ,เลือกสีได้,W185,D167 (101),H84 (45),cm,xxxxxxxx,B 80000.00,25%,B 60000.00,10%,B 54000.00
ฌ เฌอ | โซฟา 2 ที่นั่ง โอมุ (Omu Sofa)   ผ้า B เลือกสีได้ | ขนาด W185 D167 (101) H84 (45) cm,ฌ เฌอ | โซฟา 2 ที่นั่ง โอมุ (Omu Sofa)   ผ้า B เลือกสีได้ | ขนาด W185 D167 (101) H84 (45) cm ราคา 92000 ลด 25% เหลือ 69000 ชำระเป็นเงินสด ลด on top เพิ่ม 10% เหลือ 62100 ภายใน เดือนกันยายน 2569 และส่วนลดเพิ่มเติมตามโปรฯ ได้ที่ https://chawcher.com/category/promotion/,ฌ เฌอ,โซฟา,2 ที่นั่ง,โอมุ,(Omu Sofa),,,ผ้า B ,เลือกสีได้,W185,D167 (101),H84 (45),cm,xxxxxxxx,B 92000.00,25%,B 69000.00,10%,B 62100.00
ฌ เฌอ | โซฟา 2 ที่นั่ง โอมุ (Omu Sofa)   ผ้า C เลือกสีได้ | ขนาด W185 D167 (101) H84 (45) cm,ฌ เฌอ | โซฟา 2 ที่นั่ง โอมุ (Omu Sofa)   ผ้า C เลือกสีได้ | ขนาด W185 D167 (101) H84 (45) cm ราคา 120000 ลด 25% เหลือ 90000 ชำระเป็นเงินสด ลด on top เพิ่ม 10% เหลือ 81000 ภายใน เดือนกันยายน 2569 และส่วนลดเพิ่มเติมตามโปรฯ ได้ที่ https://chawcher.com/category/promotion/,ฌ เฌอ,โซฟา,2 ที่นั่ง,โอมุ,(Omu Sofa),,,ผ้า C ,เลือกสีได้,W185,D167 (101),H84 (45),cm,xxxxxxxx,B 120000.00,25%,B 90000.00,10%,B 81000.00
ฌ เฌอ | โซฟา 2 ที่นั่ง โอมุ (Omu Sofa)   หนังแท้ (ออย)เลือกสีได้ | ขนาด W185 D167 (101) H84 (45) cm,ฌ เฌอ | โซฟา 2 ที่นั่ง โอมุ (Omu Sofa)   หนังแท้ (ออย)เลือกสีได้ | ขนาด W185 D167 (101) H84 (45) cm ราคา 210000 ลด 25% เหลือ 157500 ชำระเป็นเงินสด ลด on top เพิ่ม 10% เหลือ 141750 ภายใน เดือนกันยายน 2569 และส่วนลดเพิ่มเติมตามโปรฯ ได้ที่ https://chawcher.com/category/promotion/,ฌ เฌอ,โซฟา,2 ที่นั่ง,โอมุ,(Omu Sofa),,,หนังแท้ (ออย),เลือกสีได้,W185,D167 (101),H84 (45),cm,xxxxxxxx,B 210000.00,25%,B 157500.00,10%,B 141750.00
ฌ เฌอ | โซฟา 2 ที่นั่ง โอมุ (Omu Sofa)   หนังแท้เลือกสีได้ | ขนาด W185 D167 (101) H84 (45) cm,ฌ เฌอ | โซฟา 2 ที่นั่ง โอมุ (Omu Sofa)   หนังแท้เลือกสีได้ | ขนาด W185 D167 (101) H84 (45) cm ราคา 170000 ลด 25% เหลือ 127500 ชำระเป็นเงินสด ลด on top เพิ่ม 10% เหลือ 114750 ภายใน เดือนกันยายน 2569 และส่วนลดเพิ่มเติมตามโปรฯ ได้ที่ https://chawcher.com/category/promotion/,ฌ เฌอ,โซฟา,2 ที่นั่ง,โอมุ,(Omu Sofa),,,หนังแท้,เลือกสีได้,W185,D167 (101),H84 (45),cm,xxxxxxxx,B 170000.00,25%,B 127500.00,10%,B 114750.00
ฌ เฌอ | โซฟา 2.5 ที่นั่ง กีวี่ (Kiwi Sofa) ไม้วอลนัท สีธรรมชาติ ผ้า A เลือกสีได้ | ขนาด W158 D82 H77 cm,ฌ เฌอ | โซฟา 2.5 ที่นั่ง กีวี่ (Kiwi Sofa) ไม้วอลนัท สีธรรมชาติ ผ้า A เลือกสีได้ | ขนาด W158 D82 H77 cm ราคา 64500 ลด 20% เหลือ 51600 ชำระเป็นเงินสด ลด on top เพิ่ม 10% เหลือ 46440 ภายใน เดือนกันยายน 2569 และส่วนลดเพิ่มเติมตามโปรฯ ได้ที่ https://chawcher.com/category/promotion/,ฌ เฌอ,โซฟา,2.5 ที่นั่ง,กีวี่,(Kiwi Sofa),ไม้วอลนัท,สีธรรมชาติ,ผ้า A ,เลือกสีได้,W158,D82,H77,cm,10023271,B 64500.00,20%,B 51600.00,10%,B 46440.00
ฌ เฌอ | โซฟา 2.5 ที่นั่ง กีวี่ (Kiwi Sofa) ไม้โอ๊ค  สีธรรมชาติ ผ้า A เลือกสีได้ | ขนาด W158 D82 H77 cm,ฌ เฌอ | โซฟา 2.5 ที่นั่ง กีวี่ (Kiwi Sofa) ไม้โอ๊ค  สีธรรมชาติ ผ้า A เลือกสีได้ | ขนาด W158 D82 H77 cm ราคา 55900 ลด 20% เหลือ 44720 ชำระเป็นเงินสด ลด on top เพิ่ม 10% เหลือ 40248 ภายใน เดือนกันยายน 2569 และส่วนลดเพิ่มเติมตามโปรฯ ได้ที่ https://chawcher.com/category/promotion/,ฌ เฌอ,โซฟา,2.5 ที่นั่ง,กีวี่,(Kiwi Sofa),ไม้โอ๊ค ,สีธรรมชาติ,ผ้า A ,เลือกสีได้,W158,D82,H77,cm,10023270,B 55900.00,20%,B 44720.00,10%,B 40248.00
ฌ เฌอ | โซฟา 2.5 ที่นั่ง อีมู  (Emu Sofa)   เบาะหนังแท้ พนักพิงผ้าเลือกสีได้ | ขนาด W170 D82 H83 cm,ฌ เฌอ | โซฟา 2.5 ที่นั่ง อีมู  (Emu Sofa)   เบาะหนังแท้ พนักพิงผ้าเลือกสีได้ | ขนาด W170 D82 H83 cm ราคา 74400 ลด 30% เหลือ 52080 ชำระเป็นเงินสด ลด on top เพิ่ม 10% เหลือ 46872 ภายใน เดือนกันยายน 2569 และส่วนลดเพิ่มเติมตามโปรฯ ได้ที่ https://chawcher.com/category/promotion/,ฌ เฌอ,โซฟา,2.5 ที่นั่ง,อีมู ,(Emu Sofa),,,เบาะหนังแท้ พนักพิงผ้า,เลือกสีได้,W170,D82,H83,cm,10029019,B 74400.00,30%,B 52080.00,10%,B 46872.00
ฌ เฌอ | โซฟา 2.5 ที่นั่ง อีมู  (Emu Sofa)   ผ้า A เลือกสีได้ | ขนาด W170 D82 H83 cm,ฌ เฌอ | โซฟา 2.5 ที่นั่ง อีมู  (Emu Sofa)   ผ้า A เลือกสีได้ | ขนาด W170 D82 H83 cm ราคา 55200 ลด 30% เหลือ 38640 ชำระเป็นเงินสด ลด on top เพิ่ม 10% เหลือ 34776 ภายใน เดือนกันยายน 2569 และส่วนลดเพิ่มเติมตามโปรฯ ได้ที่ https://chawcher.com/category/promotion/,ฌ เฌอ,โซฟา,2.5 ที่นั่ง,อีมู ,(Emu Sofa),,,ผ้า A ,เลือกสีได้,W170,D82,H83,cm,10113437,B 55200.00,30%,B 38640.00,10%,B 34776.00
ฌ เฌอ | โซฟา 2.5 ที่นั่ง อีมู  (Emu Sofa)   ผ้า B เลือกสีได้ | ขนาด W170 D82 H83 cm,ฌ เฌอ | โซฟา 2.5 ที่นั่ง อีมู  (Emu Sofa)   ผ้า B เลือกสีได้ | ขนาด W170 D82 H83 cm ราคา 63500 ลด 30% เหลือ 44450 ชำระเป็นเงินสด ลด on top เพิ่ม 10% เหลือ 40005 ภายใน เดือนกันยายน 2569 และส่วนลดเพิ่มเติมตามโปรฯ ได้ที่ https://chawcher.com/category/promotion/,ฌ เฌอ,โซฟา,2.5 ที่นั่ง,อีมู ,(Emu Sofa),,,ผ้า B ,เลือกสีได้,W170,D82,H83,cm,xxxxxxxx,B 63500.00,30%,B 44450.00,10%,B 40005.00
ฌ เฌอ | โซฟา 2.5 ที่นั่ง อีมู  (Emu Sofa)   ผ้า C เลือกสีได้ | ขนาด W170 D82 H83 cm,ฌ เฌอ | โซฟา 2.5 ที่นั่ง อีมู  (Emu Sofa)   ผ้า C เลือกสีได้ | ขนาด W170 D82 H83 cm ราคา 69000 ลด 30% เหลือ 48300 ชำระเป็นเงินสด ลด on top เพิ่ม 10% เหลือ 43470 ภายใน เดือนกันยายน 2569 และส่วนลดเพิ่มเติมตามโปรฯ ได้ที่ https://chawcher.com/category/promotion/,ฌ เฌอ,โซฟา,2.5 ที่นั่ง,อีมู ,(Emu Sofa),,,ผ้า C ,เลือกสีได้,W170,D82,H83,cm,xxxxxxxx,B 69000.00,30%,B 48300.00,10%,B 43470.00
ฌ เฌอ | โซฟา 2.5 ที่นั่ง อีมู  (Emu Sofa)   หนังแท้ (ออย)เลือกสีได้ | ขนาด W170 D82 H83 cm,ฌ เฌอ | โซฟา 2.5 ที่นั่ง อีมู  (Emu Sofa)   หนังแท้ (ออย)เลือกสีได้ | ขนาด W170 D82 H83 cm ราคา 106400 ลด 30% เหลือ 74480 ชำระเป็นเงินสด ลด on top เพิ่ม 10% เหลือ 67032 ภายใน เดือนกันยายน 2569 และส่วนลดเพิ่มเติมตามโปรฯ ได้ที่ https://chawcher.com/category/promotion/,ฌ เฌอ,โซฟา,2.5 ที่นั่ง,อีมู ,(Emu Sofa),,,หนังแท้ (ออย),เลือกสีได้,W170,D82,H83,cm,xxxxxxxx,B 106400.00,30%,B 74480.00,10%,B 67032.00
ฌ เฌอ | โซฟา 2.5 ที่นั่ง อีมู  (Emu Sofa)   หนังแท้เลือกสีได้ | ขนาด W170 D82 H83 cm,ฌ เฌอ | โซฟา 2.5 ที่นั่ง อีมู  (Emu Sofa)   หนังแท้เลือกสีได้ | ขนาด W170 D82 H83 cm ราคา 85000 ลด 30% เหลือ 59500 ชำระเป็นเงินสด ลด on top เพิ่ม 10% เหลือ 53550 ภายใน เดือนกันยายน 2569 และส่วนลดเพิ่มเติมตามโปรฯ ได้ที่ https://chawcher.com/category/promotion/,ฌ เฌอ,โซฟา,2.5 ที่นั่ง,อีมู ,(Emu Sofa),,,หนังแท้,เลือกสีได้,W170,D82,H83,cm,10113432,B 85000.00,30%,B 59500.00,10%,B 53550.00
ฌ เฌอ | โซฟา 3 ที่นั่ง กระตั้ว (Kratua Sofa)   ผ้า A เลือกสีได้ | ขนาด W203 D87 H75 cm,ฌ เฌอ | โซฟา 3 ที่นั่ง กระตั้ว (Kratua Sofa)   ผ้า A เลือกสีได้ | ขนาด W203 D87 H75 cm ราคา 58400 ลด 25% เหลือ 43800 ชำระเป็นเงินสด ลด on top เพิ่ม 10% เหลือ 39420 ภายใน เดือนกันยายน 2569 และส่วนลดเพิ่มเติมตามโปรฯ ได้ที่ https://chawcher.com/category/promotion/,ฌ เฌอ,โซฟา,3 ที่นั่ง,กระตั้ว,(Kratua Sofa),,,ผ้า A ,เลือกสีได้,W203,D87,H75,cm,10029011,B 58400.00,25%,B 43800.00,10%,B 39420.00
ฌ เฌอ | โซฟา 3 ที่นั่ง กระตั้ว (Kratua Sofa)   ผ้า B เลือกสีได้ | ขนาด W203 D87 H75 cm,ฌ เฌอ | โซฟา 3 ที่นั่ง กระตั้ว (Kratua Sofa)   ผ้า B เลือกสีได้ | ขนาด W203 D87 H75 cm ราคา 65000 ลด 25% เหลือ 48750 ชำระเป็นเงินสด ลด on top เพิ่ม 10% เหลือ 43875 ภายใน เดือนกันยายน 2569 และส่วนลดเพิ่มเติมตามโปรฯ ได้ที่ https://chawcher.com/category/promotion/,ฌ เฌอ,โซฟา,3 ที่นั่ง,กระตั้ว,(Kratua Sofa),,,ผ้า B ,เลือกสีได้,W203,D87,H75,cm,xxxxxxxx,B 65000.00,25%,B 48750.00,10%,B 43875.00
ฌ เฌอ | โซฟา 3 ที่นั่ง กระตั้ว (Kratua Sofa)   ผ้า C เลือกสีได้ | ขนาด W203 D87 H75 cm,ฌ เฌอ | โซฟา 3 ที่นั่ง กระตั้ว (Kratua Sofa)   ผ้า C เลือกสีได้ | ขนาด W203 D87 H75 cm ราคา 73000 ลด 25% เหลือ 54750 ชำระเป็นเงินสด ลด on top เพิ่ม 10% เหลือ 49275 ภายใน เดือนกันยายน 2569 และส่วนลดเพิ่มเติมตามโปรฯ ได้ที่ https://chawcher.com/category/promotion/,ฌ เฌอ,โซฟา,3 ที่นั่ง,กระตั้ว,(Kratua Sofa),,,ผ้า C ,เลือกสีได้,W203,D87,H75,cm,xxxxxxxx,B 73000.00,25%,B 54750.00,10%,B 49275.00
ฌ เฌอ | โซฟา 3 ที่นั่ง กระตั้ว (Kratua Sofa)   หนังแท้ (ออย)เลือกสีได้ | ขนาด W203 D87 H75 cm,ฌ เฌอ | โซฟา 3 ที่นั่ง กระตั้ว (Kratua Sofa)   หนังแท้ (ออย)เลือกสีได้ | ขนาด W203 D87 H75 cm ราคา 109500 ลด 25% เหลือ 82125 ชำระเป็นเงินสด ลด on top เพิ่ม 10% เหลือ 73912.5 ภายใน เดือนกันยายน 2569 และส่วนลดเพิ่มเติมตามโปรฯ ได้ที่ https://chawcher.com/category/promotion/,ฌ เฌอ,โซฟา,3 ที่นั่ง,กระตั้ว,(Kratua Sofa),,,หนังแท้ (ออย),เลือกสีได้,W203,D87,H75,cm,xxxxxxxx,B 109500.00,25%,B 82125.00,10%,B 73912.50
ฌ เฌอ | โซฟา 3 ที่นั่ง กระตั้ว (Kratua Sofa)   หนังแท้เลือกสีได้ | ขนาด W203 D87 H75 cm,ฌ เฌอ | โซฟา 3 ที่นั่ง กระตั้ว (Kratua Sofa)   หนังแท้เลือกสีได้ | ขนาด W203 D87 H75 cm ราคา 87500 ลด 25% เหลือ 65625 ชำระเป็นเงินสด ลด on top เพิ่ม 10% เหลือ 59062.5 ภายใน เดือนกันยายน 2569 และส่วนลดเพิ่มเติมตามโปรฯ ได้ที่ https://chawcher.com/category/promotion/,ฌ เฌอ,โซฟา,3 ที่นั่ง,กระตั้ว,(Kratua Sofa),,,หนังแท้,เลือกสีได้,W203,D87,H75,cm,10029010,B 87500.00,25%,B 65625.00,10%,B 59062.50
ฌ เฌอ | โซฟา 3 ที่นั่ง กระเรียน (Krarean Sofa)   ผ้า A เลือกสีได้ | ขนาด W202 D97 H78 cm,ฌ เฌอ | โซฟา 3 ที่นั่ง กระเรียน (Krarean Sofa)   ผ้า A เลือกสีได้ | ขนาด W202 D97 H78 cm ราคา 68300 ลด 25% เหลือ 51225 ชำระเป็นเงินสด ลด on top เพิ่ม 10% เหลือ 46102.5 ภายใน เดือนกันยายน 2569 และส่วนลดเพิ่มเติมตามโปรฯ ได้ที่ https://chawcher.com/category/promotion/,ฌ เฌอ,โซฟา,3 ที่นั่ง,กระเรียน,(Krarean Sofa),,,ผ้า A ,เลือกสีได้,W202,D97,H78,cm,10112772,B 68300.00,25%,B 51225.00,10%,B 46102.50
ฌ เฌอ | โซฟา 3 ที่นั่ง กระเรียน (Krarean Sofa)   ผ้า B เลือกสีได้ | ขนาด W202 D97 H78 cm,ฌ เฌอ | โซฟา 3 ที่นั่ง กระเรียน (Krarean Sofa)   ผ้า B เลือกสีได้ | ขนาด W202 D97 H78 cm ราคา 75500 ลด 25% เหลือ 56625 ชำระเป็นเงินสด ลด on top เพิ่ม 10% เหลือ 50962.5 ภายใน เดือนกันยายน 2569 และส่วนลดเพิ่มเติมตามโปรฯ ได้ที่ https://chawcher.com/category/promotion/,ฌ เฌอ,โซฟา,3 ที่นั่ง,กระเรียน,(Krarean Sofa),,,ผ้า B ,เลือกสีได้,W202,D97,H78,cm,xxxxxxxx,B 75500.00,25%,B 56625.00,10%,B 50962.50
ฌ เฌอ | โซฟา 3 ที่นั่ง กระเรียน (Krarean Sofa)   ผ้า C เลือกสีได้ | ขนาด W202 D97 H78 cm,ฌ เฌอ | โซฟา 3 ที่นั่ง กระเรียน (Krarean Sofa)   ผ้า C เลือกสีได้ | ขนาด W202 D97 H78 cm ราคา 93300 ลด 25% เหลือ 69975 ชำระเป็นเงินสด ลด on top เพิ่ม 10% เหลือ 62977.5 ภายใน เดือนกันยายน 2569 และส่วนลดเพิ่มเติมตามโปรฯ ได้ที่ https://chawcher.com/category/promotion/,ฌ เฌอ,โซฟา,3 ที่นั่ง,กระเรียน,(Krarean Sofa),,,ผ้า C ,เลือกสีได้,W202,D97,H78,cm,xxxxxxxx,B 93300.00,25%,B 69975.00,10%,B 62977.50
ฌ เฌอ | โซฟา 3 ที่นั่ง กระเรียน (Krarean Sofa)   หนังแท้ (ออย)เลือกสีได้ | ขนาด W202 D97 H78 cm,ฌ เฌอ | โซฟา 3 ที่นั่ง กระเรียน (Krarean Sofa)   หนังแท้ (ออย)เลือกสีได้ | ขนาด W202 D97 H78 cm ราคา 167900 ลด 25% เหลือ 125925 ชำระเป็นเงินสด ลด on top เพิ่ม 10% เหลือ 113332.5 ภายใน เดือนกันยายน 2569 และส่วนลดเพิ่มเติมตามโปรฯ ได้ที่ https://chawcher.com/category/promotion/,ฌ เฌอ,โซฟา,3 ที่นั่ง,กระเรียน,(Krarean Sofa),,,หนังแท้ (ออย),เลือกสีได้,W202,D97,H78,cm,xxxxxxxx,B 167900.00,25%,B 125925.00,10%,B 113332.50
ฌ เฌอ | โซฟา 3 ที่นั่ง กระเรียน (Krarean Sofa)   หนังแท้เลือกสีได้ | ขนาด W202 D97 H78 cm,ฌ เฌอ | โซฟา 3 ที่นั่ง กระเรียน (Krarean Sofa)   หนังแท้เลือกสีได้ | ขนาด W202 D97 H78 cm ราคา 134200 ลด 25% เหลือ 100650 ชำระเป็นเงินสด ลด on top เพิ่ม 10% เหลือ 90585 ภายใน เดือนกันยายน 2569 และส่วนลดเพิ่มเติมตามโปรฯ ได้ที่ https://chawcher.com/category/promotion/,ฌ เฌอ,โซฟา,3 ที่นั่ง,กระเรียน,(Krarean Sofa),,,หนังแท้,เลือกสีได้,W202,D97,H78,cm,10112769,B 134200.00,25%,B 100650.00,10%,B 90585.00
ฌ เฌอ | โซฟา 3 ที่นั่ง กระสา (Krasa Sofa)   ผ้า A เลือกสีได้ | ขนาด W151 D75 H76 cm,ฌ เฌอ | โซฟา 3 ที่นั่ง กระสา (Krasa Sofa)   ผ้า A เลือกสีได้ | ขนาด W151 D75 H76 cm ราคา 49900 ลด 25% เหลือ 37425 ชำระเป็นเงินสด ลด on top เพิ่ม 10% เหลือ 33682.5 ภายใน เดือนกันยายน 2569 และส่วนลดเพิ่มเติมตามโปรฯ ได้ที่ https://chawcher.com/category/promotion/,ฌ เฌอ,โซฟา,3 ที่นั่ง,กระสา ,(Krasa Sofa),,,ผ้า A ,เลือกสีได้,W151,D75,H76,cm,10029024,B 49900.00,25%,B 37425.00,10%,B 33682.50
ฌ เฌอ | โซฟา 3 ที่นั่ง กระสา (Krasa Sofa)   ผ้า B เลือกสีได้ | ขนาด W151 D75 H76 cm,ฌ เฌอ | โซฟา 3 ที่นั่ง กระสา (Krasa Sofa)   ผ้า B เลือกสีได้ | ขนาด W151 D75 H76 cm ราคา 51500 ลด 25% เหลือ 38625 ชำระเป็นเงินสด ลด on top เพิ่ม 10% เหลือ 34762.5 ภายใน เดือนกันยายน 2569 และส่วนลดเพิ่มเติมตามโปรฯ ได้ที่ https://chawcher.com/category/promotion/,ฌ เฌอ,โซฟา,3 ที่นั่ง,กระสา ,(Krasa Sofa),,,ผ้า B ,เลือกสีได้,W151,D75,H76,cm,xxxxxxxx,B 51500.00,25%,B 38625.00,10%,B 34762.50
ฌ เฌอ | โซฟา 3 ที่นั่ง กระสา (Krasa Sofa)   ผ้า C เลือกสีได้ | ขนาด W151 D75 H76 cm,ฌ เฌอ | โซฟา 3 ที่นั่ง กระสา (Krasa Sofa)   ผ้า C เลือกสีได้ | ขนาด W151 D75 H76 cm ราคา 54900 ลด 25% เหลือ 41175 ชำระเป็นเงินสด ลด on top เพิ่ม 10% เหลือ 37057.5 ภายใน เดือนกันยายน 2569 และส่วนลดเพิ่มเติมตามโปรฯ ได้ที่ https://chawcher.com/category/promotion/,ฌ เฌอ,โซฟา,3 ที่นั่ง,กระสา ,(Krasa Sofa),,,ผ้า C ,เลือกสีได้,W151,D75,H76,cm,xxxxxxxx,B 54900.00,25%,B 41175.00,10%,B 37057.50
ฌ เฌอ | โซฟา 3 ที่นั่ง กระสา (Krasa Sofa)   หนังแท้ (ออย)เลือกสีได้ | ขนาด W151 D75 H76 cm,ฌ เฌอ | โซฟา 3 ที่นั่ง กระสา (Krasa Sofa)   หนังแท้ (ออย)เลือกสีได้ | ขนาด W151 D75 H76 cm ราคา 73500 ลด 25% เหลือ 55125 ชำระเป็นเงินสด ลด on top เพิ่ม 10% เหลือ 49612.5 ภายใน เดือนกันยายน 2569 และส่วนลดเพิ่มเติมตามโปรฯ ได้ที่ https://chawcher.com/category/promotion/,ฌ เฌอ,โซฟา,3 ที่นั่ง,กระสา ,(Krasa Sofa),,,หนังแท้ (ออย),เลือกสีได้,W151,D75,H76,cm,xxxxxxxx,B 73500.00,25%,B 55125.00,10%,B 49612.50
ฌ เฌอ | โซฟา 3 ที่นั่ง กระสา (Krasa Sofa)   หนังแท้เลือกสีได้ | ขนาด W151 D75 H76 cm,ฌ เฌอ | โซฟา 3 ที่นั่ง กระสา (Krasa Sofa)   หนังแท้เลือกสีได้ | ขนาด W151 D75 H76 cm ราคา 58800 ลด 25% เหลือ 44100 ชำระเป็นเงินสด ลด on top เพิ่ม 10% เหลือ 39690 ภายใน เดือนกันยายน 2569 และส่วนลดเพิ่มเติมตามโปรฯ ได้ที่ https://chawcher.com/category/promotion/,ฌ เฌอ,โซฟา,3 ที่นั่ง,กระสา ,(Krasa Sofa),,,หนังแท้,เลือกสีได้,W151,D75,H76,cm,10029022,B 58800.00,25%,B 44100.00,10%,B 39690.00
ฌ เฌอ | โซฟา 3 ที่นั่ง กีวี่ (Kiwi Sofa) ไม้โอ๊ค  สีธรรมชาติ ผ้า A เลือกสีได้ | ขนาด W178 D82 H77 cm,ฌ เฌอ | โซฟา 3 ที่นั่ง กีวี่ (Kiwi Sofa) ไม้โอ๊ค  สีธรรมชาติ ผ้า A เลือกสีได้ | ขนาด W178 D82 H77 cm ราคา 64000 ลด 20% เหลือ 51200 ชำระเป็นเงินสด ลด on top เพิ่ม 10% เหลือ 46080 ภายใน เดือนกันยายน 2569 และส่วนลดเพิ่มเติมตามโปรฯ ได้ที่ https://chawcher.com/category/promotion/,ฌ เฌอ,โซฟา,3 ที่นั่ง,กีวี่,(Kiwi Sofa),ไม้โอ๊ค ,สีธรรมชาติ,ผ้า A ,เลือกสีได้,W178,D82,H77,cm,10792417 ,B 64000.00,20%,B 51200.00,10%,B 46080.00
ฌ เฌอ | โซฟา 3 ที่นั่ง ขมิ้น (Kamin Sofa)   ผ้า A เลือกสีได้ | ขนาด W179 D90 H90 cm,ฌ เฌอ | โซฟา 3 ที่นั่ง ขมิ้น (Kamin Sofa)   ผ้า A เลือกสีได้ | ขนาด W179 D90 H90 cm ราคา 54400 ลด 25% เหลือ 40800 ชำระเป็นเงินสด ลด on top เพิ่ม 10% เหลือ 36720 ภายใน เดือนกันยายน 2569 และส่วนลดเพิ่มเติมตามโปรฯ ได้ที่ https://chawcher.com/category/promotion/,ฌ เฌอ,โซฟา,3 ที่นั่ง,ขมิ้น,(Kamin Sofa),,,ผ้า A ,เลือกสีได้,W179,D90,H90,cm,10029016,B 54400.00,25%,B 40800.00,10%,B 36720.00
ฌ เฌอ | โซฟา 3 ที่นั่ง ขมิ้น (Kamin Sofa)   ผ้า A เลือกสีได้ | ขนาด W200 D90 H90 cm,ฌ เฌอ | โซฟา 3 ที่นั่ง ขมิ้น (Kamin Sofa)   ผ้า A เลือกสีได้ | ขนาด W200 D90 H90 cm ราคา 65300 ลด 25% เหลือ 48975 ชำระเป็นเงินสด ลด on top เพิ่ม 10% เหลือ 44077.5 ภายใน เดือนกันยายน 2569 และส่วนลดเพิ่มเติมตามโปรฯ ได้ที่ https://chawcher.com/category/promotion/,ฌ เฌอ,โซฟา,3 ที่นั่ง,ขมิ้น,(Kamin Sofa),,,ผ้า A ,เลือกสีได้,W200,D90,H90,cm,10131732,B 65300.00,25%,B 48975.00,10%,B 44077.50
ฌ เฌอ | โซฟา 3 ที่นั่ง ขมิ้น (Kamin Sofa)   ผ้า B เลือกสีได้ | ขนาด W179 D90 H90 cm,ฌ เฌอ | โซฟา 3 ที่นั่ง ขมิ้น (Kamin Sofa)   ผ้า B เลือกสีได้ | ขนาด W179 D90 H90 cm ราคา 62000 ลด 25% เหลือ 46500 ชำระเป็นเงินสด ลด on top เพิ่ม 10% เหลือ 41850 ภายใน เดือนกันยายน 2569 และส่วนลดเพิ่มเติมตามโปรฯ ได้ที่ https://chawcher.com/category/promotion/,ฌ เฌอ,โซฟา,3 ที่นั่ง,ขมิ้น,(Kamin Sofa),,,ผ้า B ,เลือกสีได้,W179,D90,H90,cm,xxxxxxxx,B 62000.00,25%,B 46500.00,10%,B 41850.00
ฌ เฌอ | โซฟา 3 ที่นั่ง ขมิ้น (Kamin Sofa)   ผ้า B เลือกสีได้ | ขนาด W200 D90 H90 cm,ฌ เฌอ | โซฟา 3 ที่นั่ง ขมิ้น (Kamin Sofa)   ผ้า B เลือกสีได้ | ขนาด W200 D90 H90 cm ราคา 75000 ลด 25% เหลือ 56250 ชำระเป็นเงินสด ลด on top เพิ่ม 10% เหลือ 50625 ภายใน เดือนกันยายน 2569 และส่วนลดเพิ่มเติมตามโปรฯ ได้ที่ https://chawcher.com/category/promotion/,ฌ เฌอ,โซฟา,3 ที่นั่ง,ขมิ้น,(Kamin Sofa),,,ผ้า B ,เลือกสีได้,W200,D90,H90,cm,xxxxxxxx,B 75000.00,25%,B 56250.00,10%,B 50625.00
ฌ เฌอ | โซฟา 3 ที่นั่ง ขมิ้น (Kamin Sofa)   ผ้า C เลือกสีได้ | ขนาด W179 D90 H90 cm,ฌ เฌอ | โซฟา 3 ที่นั่ง ขมิ้น (Kamin Sofa)   ผ้า C เลือกสีได้ | ขนาด W179 D90 H90 cm ราคา 68125 ลด 25% เหลือ 51093.75 ชำระเป็นเงินสด ลด on top เพิ่ม 10% เหลือ 45984.38 ภายใน เดือนกันยายน 2569 และส่วนลดเพิ่มเติมตามโปรฯ ได้ที่ https://chawcher.com/category/promotion/,ฌ เฌอ,โซฟา,3 ที่นั่ง,ขมิ้น,(Kamin Sofa),,,ผ้า C ,เลือกสีได้,W179,D90,H90,cm,xxxxxxxx,B 68125.00,25%,B 51093.75,10%,B 45984.38
ฌ เฌอ | โซฟา 3 ที่นั่ง ขมิ้น (Kamin Sofa)   ผ้า C เลือกสีได้ | ขนาด W200 D90 H90 cm,ฌ เฌอ | โซฟา 3 ที่นั่ง ขมิ้น (Kamin Sofa)   ผ้า C เลือกสีได้ | ขนาด W200 D90 H90 cm ราคา 81625 ลด 25% เหลือ 61218.75 ชำระเป็นเงินสด ลด on top เพิ่ม 10% เหลือ 55096.88 ภายใน เดือนกันยายน 2569 และส่วนลดเพิ่มเติมตามโปรฯ ได้ที่ https://chawcher.com/category/promotion/,ฌ เฌอ,โซฟา,3 ที่นั่ง,ขมิ้น,(Kamin Sofa),,,ผ้า C ,เลือกสีได้,W200,D90,H90,cm,xxxxxxxx,B 81625.00,25%,B 61218.75,10%,B 55096.88
ฌ เฌอ | โซฟา 3 ที่นั่ง ขมิ้น (Kamin Sofa)   หนังแท้ (ออย)เลือกสีได้ | ขนาด W179 D90 H90 cm,ฌ เฌอ | โซฟา 3 ที่นั่ง ขมิ้น (Kamin Sofa)   หนังแท้ (ออย)เลือกสีได้ | ขนาด W179 D90 H90 cm ราคา 106500 ลด 25% เหลือ 79875 ชำระเป็นเงินสด ลด on top เพิ่ม 10% เหลือ 71887.5 ภายใน เดือนกันยายน 2569 และส่วนลดเพิ่มเติมตามโปรฯ ได้ที่ https://chawcher.com/category/promotion/,ฌ เฌอ,โซฟา,3 ที่นั่ง,ขมิ้น,(Kamin Sofa),,,หนังแท้ (ออย),เลือกสีได้,W179,D90,H90,cm,xxxxxxxx,B 106500.00,25%,B 79875.00,10%,B 71887.50
ฌ เฌอ | โซฟา 3 ที่นั่ง ขมิ้น (Kamin Sofa)   หนังแท้ (ออย)เลือกสีได้ | ขนาด W200 D90 H90 cm,ฌ เฌอ | โซฟา 3 ที่นั่ง ขมิ้น (Kamin Sofa)   หนังแท้ (ออย)เลือกสีได้ | ขนาด W200 D90 H90 cm ราคา 123000 ลด 25% เหลือ 92250 ชำระเป็นเงินสด ลด on top เพิ่ม 10% เหลือ 83025 ภายใน เดือนกันยายน 2569 และส่วนลดเพิ่มเติมตามโปรฯ ได้ที่ https://chawcher.com/category/promotion/,ฌ เฌอ,โซฟา,3 ที่นั่ง,ขมิ้น,(Kamin Sofa),,,หนังแท้ (ออย),เลือกสีได้,W200,D90,H90,cm,xxxxxxxx,B 123000.00,25%,B 92250.00,10%,B 83025.00
ฌ เฌอ | โซฟา 3 ที่นั่ง ขมิ้น (Kamin Sofa)   หนังแท้เลือกสีได้ | ขนาด W179 D90 H90 cm,ฌ เฌอ | โซฟา 3 ที่นั่ง ขมิ้น (Kamin Sofa)   หนังแท้เลือกสีได้ | ขนาด W179 D90 H90 cm ราคา 85100 ลด 25% เหลือ 63825 ชำระเป็นเงินสด ลด on top เพิ่ม 10% เหลือ 57442.5 ภายใน เดือนกันยายน 2569 และส่วนลดเพิ่มเติมตามโปรฯ ได้ที่ https://chawcher.com/category/promotion/,ฌ เฌอ,โซฟา,3 ที่นั่ง,ขมิ้น,(Kamin Sofa),,,หนังแท้,เลือกสีได้,W179,D90,H90,cm,10029014,B 85100.00,25%,B 63825.00,10%,B 57442.50
ฌ เฌอ | โซฟา 3 ที่นั่ง ขมิ้น (Kamin Sofa)   หนังแท้เลือกสีได้ | ขนาด W200 D90 H90 cm,ฌ เฌอ | โซฟา 3 ที่นั่ง ขมิ้น (Kamin Sofa)   หนังแท้เลือกสีได้ | ขนาด W200 D90 H90 cm ราคา 98400 ลด 25% เหลือ 73800 ชำระเป็นเงินสด ลด on top เพิ่ม 10% เหลือ 66420 ภายใน เดือนกันยายน 2569 และส่วนลดเพิ่มเติมตามโปรฯ ได้ที่ https://chawcher.com/category/promotion/,ฌ เฌอ,โซฟา,3 ที่นั่ง,ขมิ้น,(Kamin Sofa),,,หนังแท้,เลือกสีได้,W200,D90,H90,cm,10131731,B 98400.00,25%,B 73800.00,10%,B 66420.00
ฌ เฌอ | โซฟา 3 ที่นั่ง ขุนทอง (Koontong Sofa)   เบาะหนังแท้ ฐานหนังเทียมเลือกสีได้ | ขนาด W210 D80 H87 cm,ฌ เฌอ | โซฟา 3 ที่นั่ง ขุนทอง (Koontong Sofa)   เบาะหนังแท้ ฐานหนังเทียมเลือกสีได้ | ขนาด W210 D80 H87 cm ราคา 87500 ลด 30% เหลือ 61250 ชำระเป็นเงินสด ลด on top เพิ่ม 10% เหลือ 55125 ภายใน เดือนกันยายน 2569 และส่วนลดเพิ่มเติมตามโปรฯ ได้ที่ https://chawcher.com/category/promotion/,ฌ เฌอ,โซฟา,3 ที่นั่ง,ขุนทอง,(Koontong Sofa),,,เบาะหนังแท้ ฐานหนังเทียม,เลือกสีได้,W210,D80,H87,cm,10117630,B 87500.00,30%,B 61250.00,10%,B 55125.00
ฌ เฌอ | โซฟา 3 ที่นั่ง ขุนทอง (Koontong Sofa)   เบาะหนังแท้ ฐานหนังเทียมเลือกสีได้ | ขนาด W230 D80 H87 cm,ฌ เฌอ | โซฟา 3 ที่นั่ง ขุนทอง (Koontong Sofa)   เบาะหนังแท้ ฐานหนังเทียมเลือกสีได้ | ขนาด W230 D80 H87 cm ราคา 93300 ลด 30% เหลือ 65310 ชำระเป็นเงินสด ลด on top เพิ่ม 10% เหลือ 58779 ภายใน เดือนกันยายน 2569 และส่วนลดเพิ่มเติมตามโปรฯ ได้ที่ https://chawcher.com/category/promotion/,ฌ เฌอ,โซฟา,3 ที่นั่ง,ขุนทอง,(Koontong Sofa),,,เบาะหนังแท้ ฐานหนังเทียม,เลือกสีได้,W230,D80,H87,cm,10117631,B 93300.00,30%,B 65310.00,10%,B 58779.00
ฌ เฌอ | โซฟา 3 ที่นั่ง ขุนทอง (Koontong Sofa)   เบาะหนังแท้ ฐานหนังเทียมเลือกสีได้ | ขนาด W240 D80 H87 cm,ฌ เฌอ | โซฟา 3 ที่นั่ง ขุนทอง (Koontong Sofa)   เบาะหนังแท้ ฐานหนังเทียมเลือกสีได้ | ขนาด W240 D80 H87 cm ราคา 96900 ลด 30% เหลือ 67830 ชำระเป็นเงินสด ลด on top เพิ่ม 10% เหลือ 61047 ภายใน เดือนกันยายน 2569 และส่วนลดเพิ่มเติมตามโปรฯ ได้ที่ https://chawcher.com/category/promotion/,ฌ เฌอ,โซฟา,3 ที่นั่ง,ขุนทอง,(Koontong Sofa),,,เบาะหนังแท้ ฐานหนังเทียม,เลือกสีได้,W240,D80,H87,cm,10117632,B 96900.00,30%,B 67830.00,10%,B 61047.00
ฌ เฌอ | โซฟา 3 ที่นั่ง ขุนทอง (Koontong Sofa)   ผ้า A เลือกสีได้ | ขนาด W210 D80 H87 cm,ฌ เฌอ | โซฟา 3 ที่นั่ง ขุนทอง (Koontong Sofa)   ผ้า A เลือกสีได้ | ขนาด W210 D80 H87 cm ราคา 63900 ลด 30% เหลือ 44730 ชำระเป็นเงินสด ลด on top เพิ่ม 10% เหลือ 40257 ภายใน เดือนกันยายน 2569 และส่วนลดเพิ่มเติมตามโปรฯ ได้ที่ https://chawcher.com/category/promotion/,ฌ เฌอ,โซฟา,3 ที่นั่ง,ขุนทอง,(Koontong Sofa),,,ผ้า A ,เลือกสีได้,W210,D80,H87,cm,10117625,B 63900.00,30%,B 44730.00,10%,B 40257.00
ฌ เฌอ | โซฟา 3 ที่นั่ง ขุนทอง (Koontong Sofa)   ผ้า A เลือกสีได้ | ขนาด W230 D80 H87 cm,ฌ เฌอ | โซฟา 3 ที่นั่ง ขุนทอง (Koontong Sofa)   ผ้า A เลือกสีได้ | ขนาด W230 D80 H87 cm ราคา 69800 ลด 30% เหลือ 48860 ชำระเป็นเงินสด ลด on top เพิ่ม 10% เหลือ 43974 ภายใน เดือนกันยายน 2569 และส่วนลดเพิ่มเติมตามโปรฯ ได้ที่ https://chawcher.com/category/promotion/,ฌ เฌอ,โซฟา,3 ที่นั่ง,ขุนทอง,(Koontong Sofa),,,ผ้า A ,เลือกสีได้,W230,D80,H87,cm,10117626,B 69800.00,30%,B 48860.00,10%,B 43974.00
ฌ เฌอ | โซฟา 3 ที่นั่ง ขุนทอง (Koontong Sofa)   ผ้า A เลือกสีได้ | ขนาด W240 D80 H87 cm,ฌ เฌอ | โซฟา 3 ที่นั่ง ขุนทอง (Koontong Sofa)   ผ้า A เลือกสีได้ | ขนาด W240 D80 H87 cm ราคา 72700 ลด 30% เหลือ 50890 ชำระเป็นเงินสด ลด on top เพิ่ม 10% เหลือ 45801 ภายใน เดือนกันยายน 2569 และส่วนลดเพิ่มเติมตามโปรฯ ได้ที่ https://chawcher.com/category/promotion/,ฌ เฌอ,โซฟา,3 ที่นั่ง,ขุนทอง,(Koontong Sofa),,,ผ้า A ,เลือกสีได้,W240,D80,H87,cm,10117627,B 72700.00,30%,B 50890.00,10%,B 45801.00
ฌ เฌอ | โซฟา 3 ที่นั่ง ขุนทอง (Koontong Sofa)   ผ้า C เลือกสีได้ | ขนาด W210 D80 H87 cm,ฌ เฌอ | โซฟา 3 ที่นั่ง ขุนทอง (Koontong Sofa)   ผ้า C เลือกสีได้ | ขนาด W210 D80 H87 cm ราคา 79900 ลด 30% เหลือ 55930 ชำระเป็นเงินสด ลด on top เพิ่ม 10% เหลือ 50337 ภายใน เดือนกันยายน 2569 และส่วนลดเพิ่มเติมตามโปรฯ ได้ที่ https://chawcher.com/category/promotion/,ฌ เฌอ,โซฟา,3 ที่นั่ง,ขุนทอง,(Koontong Sofa),,,ผ้า C ,เลือกสีได้,W210,D80,H87,cm,xxxxxxxx,B 79900.00,30%,B 55930.00,10%,B 50337.00
ฌ เฌอ | โซฟา 3 ที่นั่ง ขุนทอง (Koontong Sofa)   ผ้า C เลือกสีได้ | ขนาด W230 D80 H87 cm,ฌ เฌอ | โซฟา 3 ที่นั่ง ขุนทอง (Koontong Sofa)   ผ้า C เลือกสีได้ | ขนาด W230 D80 H87 cm ราคา 87300 ลด 30% เหลือ 61110 ชำระเป็นเงินสด ลด on top เพิ่ม 10% เหลือ 54999 ภายใน เดือนกันยายน 2569 และส่วนลดเพิ่มเติมตามโปรฯ ได้ที่ https://chawcher.com/category/promotion/,ฌ เฌอ,โซฟา,3 ที่นั่ง,ขุนทอง,(Koontong Sofa),,,ผ้า C ,เลือกสีได้,W230,D80,H87,cm,xxxxxxxx,B 87300.00,30%,B 61110.00,10%,B 54999.00
ฌ เฌอ | โซฟา 3 ที่นั่ง ขุนทอง (Koontong Sofa)   ผ้า C เลือกสีได้ | ขนาด W240 D80 H87 cm,ฌ เฌอ | โซฟา 3 ที่นั่ง ขุนทอง (Koontong Sofa)   ผ้า C เลือกสีได้ | ขนาด W240 D80 H87 cm ราคา 90900 ลด 30% เหลือ 63630 ชำระเป็นเงินสด ลด on top เพิ่ม 10% เหลือ 57267 ภายใน เดือนกันยายน 2569 และส่วนลดเพิ่มเติมตามโปรฯ ได้ที่ https://chawcher.com/category/promotion/,ฌ เฌอ,โซฟา,3 ที่นั่ง,ขุนทอง,(Koontong Sofa),,,ผ้า C ,เลือกสีได้,W240,D80,H87,cm,xxxxxxxx,B 90900.00,30%,B 63630.00,10%,B 57267.00
ฌ เฌอ | โซฟา 3 ที่นั่ง ขุนทอง (Koontong Sofa)   หนังแท้ (ออย)เลือกสีได้ | ขนาด W210 D80 H87 cm,ฌ เฌอ | โซฟา 3 ที่นั่ง ขุนทอง (Koontong Sofa)   หนังแท้ (ออย)เลือกสีได้ | ขนาด W210 D80 H87 cm ราคา 140500 ลด 30% เหลือ 98350 ชำระเป็นเงินสด ลด on top เพิ่ม 10% เหลือ 88515 ภายใน เดือนกันยายน 2569 และส่วนลดเพิ่มเติมตามโปรฯ ได้ที่ https://chawcher.com/category/promotion/,ฌ เฌอ,โซฟา,3 ที่นั่ง,ขุนทอง,(Koontong Sofa),,,หนังแท้ (ออย),เลือกสีได้,W210,D80,H87,cm,xxxxxxxx,B 140500.00,30%,B 98350.00,10%,B 88515.00
ฌ เฌอ | โซฟา 3 ที่นั่ง ขุนทอง (Koontong Sofa)   หนังแท้ (ออย)เลือกสีได้ | ขนาด W230 D80 H87 cm,ฌ เฌอ | โซฟา 3 ที่นั่ง ขุนทอง (Koontong Sofa)   หนังแท้ (ออย)เลือกสีได้ | ขนาด W230 D80 H87 cm ราคา 148900 ลด 30% เหลือ 104230 ชำระเป็นเงินสด ลด on top เพิ่ม 10% เหลือ 93807 ภายใน เดือนกันยายน 2569 และส่วนลดเพิ่มเติมตามโปรฯ ได้ที่ https://chawcher.com/category/promotion/,ฌ เฌอ,โซฟา,3 ที่นั่ง,ขุนทอง,(Koontong Sofa),,,หนังแท้ (ออย),เลือกสีได้,W230,D80,H87,cm,xxxxxxxx,B 148900.00,30%,B 104230.00,10%,B 93807.00
ฌ เฌอ | โซฟา 3 ที่นั่ง ขุนทอง (Koontong Sofa)   หนังแท้ (ออย)เลือกสีได้ | ขนาด W240 D80 H87 cm,ฌ เฌอ | โซฟา 3 ที่นั่ง ขุนทอง (Koontong Sofa)   หนังแท้ (ออย)เลือกสีได้ | ขนาด W240 D80 H87 cm ราคา 159400 ลด 30% เหลือ 111580 ชำระเป็นเงินสด ลด on top เพิ่ม 10% เหลือ 100422 ภายใน เดือนกันยายน 2569 และส่วนลดเพิ่มเติมตามโปรฯ ได้ที่ https://chawcher.com/category/promotion/,ฌ เฌอ,โซฟา,3 ที่นั่ง,ขุนทอง,(Koontong Sofa),,,หนังแท้ (ออย),เลือกสีได้,W240,D80,H87,cm,xxxxxxxx,B 159400.00,30%,B 111580.00,10%,B 100422.00
ฌ เฌอ | โซฟา 3 ที่นั่ง ขุนทอง (Koontong Sofa)   หนังแท้เลือกสีได้ | ขนาด W210 D80 H87 cm,ฌ เฌอ | โซฟา 3 ที่นั่ง ขุนทอง (Koontong Sofa)   หนังแท้เลือกสีได้ | ขนาด W210 D80 H87 cm ราคา 102100 ลด 30% เหลือ 71470 ชำระเป็นเงินสด ลด on top เพิ่ม 10% เหลือ 64323 ภายใน เดือนกันยายน 2569 และส่วนลดเพิ่มเติมตามโปรฯ ได้ที่ https://chawcher.com/category/promotion/,ฌ เฌอ,โซฟา,3 ที่นั่ง,ขุนทอง,(Koontong Sofa),,,หนังแท้,เลือกสีได้,W210,D80,H87,cm,10117635,B 102100.00,30%,B 71470.00,10%,B 64323.00
ฌ เฌอ | โซฟา 3 ที่นั่ง ขุนทอง (Koontong Sofa)   หนังแท้เลือกสีได้ | ขนาด W230 D80 H87 cm,ฌ เฌอ | โซฟา 3 ที่นั่ง ขุนทอง (Koontong Sofa)   หนังแท้เลือกสีได้ | ขนาด W230 D80 H87 cm ราคา 108200 ลด 30% เหลือ 75740 ชำระเป็นเงินสด ลด on top เพิ่ม 10% เหลือ 68166 ภายใน เดือนกันยายน 2569 และส่วนลดเพิ่มเติมตามโปรฯ ได้ที่ https://chawcher.com/category/promotion/,ฌ เฌอ,โซฟา,3 ที่นั่ง,ขุนทอง,(Koontong Sofa),,,หนังแท้,เลือกสีได้,W230,D80,H87,cm,10117636,B 108200.00,30%,B 75740.00,10%,B 68166.00
ฌ เฌอ | โซฟา 3 ที่นั่ง ขุนทอง (Koontong Sofa)   หนังแท้เลือกสีได้ | ขนาด W240 D80 H87 cm,ฌ เฌอ | โซฟา 3 ที่นั่ง ขุนทอง (Koontong Sofa)   หนังแท้เลือกสีได้ | ขนาด W240 D80 H87 cm ราคา 115900 ลด 30% เหลือ 81130 ชำระเป็นเงินสด ลด on top เพิ่ม 10% เหลือ 73017 ภายใน เดือนกันยายน 2569 และส่วนลดเพิ่มเติมตามโปรฯ ได้ที่ https://chawcher.com/category/promotion/,ฌ เฌอ,โซฟา,3 ที่นั่ง,ขุนทอง,(Koontong Sofa),,,หนังแท้,เลือกสีได้,W240,D80,H87,cm,10117637,B 115900.00,30%,B 81130.00,10%,B 73017.00
ฌ เฌอ | โซฟา 3 ที่นั่ง นกแก้ว (Nokkaew Sofa)   ผ้า A เลือกสีได้ | ขนาด W160 D90 H76 cm,ฌ เฌอ | โซฟา 3 ที่นั่ง นกแก้ว (Nokkaew Sofa)   ผ้า A เลือกสีได้ | ขนาด W160 D90 H76 cm ราคา 43200 ลด 25% เหลือ 32400 ชำระเป็นเงินสด ลด on top เพิ่ม 10% เหลือ 29160 ภายใน เดือนกันยายน 2569 และส่วนลดเพิ่มเติมตามโปรฯ ได้ที่ https://chawcher.com/category/promotion/,ฌ เฌอ,โซฟา,3 ที่นั่ง,นกแก้ว ,(Nokkaew Sofa),,,ผ้า A ,เลือกสีได้,W160,D90,H76,cm,xxxxxxxx,B 43200.00,25%,B 32400.00,10%,B 29160.00
ฌ เฌอ | โซฟา 3 ที่นั่ง นกแก้ว (Nokkaew Sofa)   ผ้า A เลือกสีได้ | ขนาด W180 D90 H76 cm,ฌ เฌอ | โซฟา 3 ที่นั่ง นกแก้ว (Nokkaew Sofa)   ผ้า A เลือกสีได้ | ขนาด W180 D90 H76 cm ราคา 46700 ลด 25% เหลือ 35025 ชำระเป็นเงินสด ลด on top เพิ่ม 10% เหลือ 31522.5 ภายใน เดือนกันยายน 2569 และส่วนลดเพิ่มเติมตามโปรฯ ได้ที่ https://chawcher.com/category/promotion/,ฌ เฌอ,โซฟา,3 ที่นั่ง,นกแก้ว ,(Nokkaew Sofa),,,ผ้า A ,เลือกสีได้,W180,D90,H76,cm,10131735,B 46700.00,25%,B 35025.00,10%,B 31522.50
ฌ เฌอ | โซฟา 3 ที่นั่ง นกแก้ว (Nokkaew Sofa)   ผ้า A เลือกสีได้ | ขนาด W200 D90 H76 cm,ฌ เฌอ | โซฟา 3 ที่นั่ง นกแก้ว (Nokkaew Sofa)   ผ้า A เลือกสีได้ | ขนาด W200 D90 H76 cm ราคา 56500 ลด 25% เหลือ 42375 ชำระเป็นเงินสด ลด on top เพิ่ม 10% เหลือ 38137.5 ภายใน เดือนกันยายน 2569 และส่วนลดเพิ่มเติมตามโปรฯ ได้ที่ https://chawcher.com/category/promotion/,ฌ เฌอ,โซฟา,3 ที่นั่ง,นกแก้ว ,(Nokkaew Sofa),,,ผ้า A ,เลือกสีได้,W200,D90,H76,cm,xxxxxxxx,B 56500.00,25%,B 42375.00,10%,B 38137.50
ฌ เฌอ | โซฟา 3 ที่นั่ง นกแก้ว (Nokkaew Sofa)   ผ้า B เลือกสีได้ | ขนาด W160 D90 H76 cm,ฌ เฌอ | โซฟา 3 ที่นั่ง นกแก้ว (Nokkaew Sofa)   ผ้า B เลือกสีได้ | ขนาด W160 D90 H76 cm ราคา 52000 ลด 25% เหลือ 39000 ชำระเป็นเงินสด ลด on top เพิ่ม 10% เหลือ 35100 ภายใน เดือนกันยายน 2569 และส่วนลดเพิ่มเติมตามโปรฯ ได้ที่ https://chawcher.com/category/promotion/,ฌ เฌอ,โซฟา,3 ที่นั่ง,นกแก้ว ,(Nokkaew Sofa),,,ผ้า B ,เลือกสีได้,W160,D90,H76,cm,xxxxxxxx,B 52000.00,25%,B 39000.00,10%,B 35100.00
ฌ เฌอ | โซฟา 3 ที่นั่ง นกแก้ว (Nokkaew Sofa)   ผ้า B เลือกสีได้ | ขนาด W180 D90 H76 cm,ฌ เฌอ | โซฟา 3 ที่นั่ง นกแก้ว (Nokkaew Sofa)   ผ้า B เลือกสีได้ | ขนาด W180 D90 H76 cm ราคา 59000 ลด 25% เหลือ 44250 ชำระเป็นเงินสด ลด on top เพิ่ม 10% เหลือ 39825 ภายใน เดือนกันยายน 2569 และส่วนลดเพิ่มเติมตามโปรฯ ได้ที่ https://chawcher.com/category/promotion/,ฌ เฌอ,โซฟา,3 ที่นั่ง,นกแก้ว ,(Nokkaew Sofa),,,ผ้า B ,เลือกสีได้,W180,D90,H76,cm,xxxxxxxx,B 59000.00,25%,B 44250.00,10%,B 39825.00
ฌ เฌอ | โซฟา 3 ที่นั่ง นกแก้ว (Nokkaew Sofa)   ผ้า B เลือกสีได้ | ขนาด W200 D90 H76 cm,ฌ เฌอ | โซฟา 3 ที่นั่ง นกแก้ว (Nokkaew Sofa)   ผ้า B เลือกสีได้ | ขนาด W200 D90 H76 cm ราคา 62000 ลด 25% เหลือ 46500 ชำระเป็นเงินสด ลด on top เพิ่ม 10% เหลือ 41850 ภายใน เดือนกันยายน 2569 และส่วนลดเพิ่มเติมตามโปรฯ ได้ที่ https://chawcher.com/category/promotion/,ฌ เฌอ,โซฟา,3 ที่นั่ง,นกแก้ว ,(Nokkaew Sofa),,,ผ้า B ,เลือกสีได้,W200,D90,H76,cm,xxxxxxxx,B 62000.00,25%,B 46500.00,10%,B 41850.00
ฌ เฌอ | โซฟา 3 ที่นั่ง นกแก้ว (Nokkaew Sofa)   ผ้า C เลือกสีได้ | ขนาด W160 D90 H76 cm,ฌ เฌอ | โซฟา 3 ที่นั่ง นกแก้ว (Nokkaew Sofa)   ผ้า C เลือกสีได้ | ขนาด W160 D90 H76 cm ราคา 59000 ลด 25% เหลือ 44250 ชำระเป็นเงินสด ลด on top เพิ่ม 10% เหลือ 39825 ภายใน เดือนกันยายน 2569 และส่วนลดเพิ่มเติมตามโปรฯ ได้ที่ https://chawcher.com/category/promotion/,ฌ เฌอ,โซฟา,3 ที่นั่ง,นกแก้ว ,(Nokkaew Sofa),,,ผ้า C ,เลือกสีได้,W160,D90,H76,cm,xxxxxxxx,B 59000.00,25%,B 44250.00,10%,B 39825.00
ฌ เฌอ | โซฟา 3 ที่นั่ง นกแก้ว (Nokkaew Sofa)   ผ้า C เลือกสีได้ | ขนาด W180 D90 H76 cm,ฌ เฌอ | โซฟา 3 ที่นั่ง นกแก้ว (Nokkaew Sofa)   ผ้า C เลือกสีได้ | ขนาด W180 D90 H76 cm ราคา 69000 ลด 25% เหลือ 51750 ชำระเป็นเงินสด ลด on top เพิ่ม 10% เหลือ 46575 ภายใน เดือนกันยายน 2569 และส่วนลดเพิ่มเติมตามโปรฯ ได้ที่ https://chawcher.com/category/promotion/,ฌ เฌอ,โซฟา,3 ที่นั่ง,นกแก้ว ,(Nokkaew Sofa),,,ผ้า C ,เลือกสีได้,W180,D90,H76,cm,xxxxxxxx,B 69000.00,25%,B 51750.00,10%,B 46575.00
ฌ เฌอ | โซฟา 3 ที่นั่ง นกแก้ว (Nokkaew Sofa)   ผ้า C เลือกสีได้ | ขนาด W200 D90 H76 cm,ฌ เฌอ | โซฟา 3 ที่นั่ง นกแก้ว (Nokkaew Sofa)   ผ้า C เลือกสีได้ | ขนาด W200 D90 H76 cm ราคา 75000 ลด 25% เหลือ 56250 ชำระเป็นเงินสด ลด on top เพิ่ม 10% เหลือ 50625 ภายใน เดือนกันยายน 2569 และส่วนลดเพิ่มเติมตามโปรฯ ได้ที่ https://chawcher.com/category/promotion/,ฌ เฌอ,โซฟา,3 ที่นั่ง,นกแก้ว ,(Nokkaew Sofa),,,ผ้า C ,เลือกสีได้,W200,D90,H76,cm,xxxxxxxx,B 75000.00,25%,B 56250.00,10%,B 50625.00
ฌ เฌอ | โซฟา 3 ที่นั่ง นกแก้ว (Nokkaew Sofa)   หนังแท้ (ออย)เลือกสีได้ | ขนาด W160 D90 H76 cm,ฌ เฌอ | โซฟา 3 ที่นั่ง นกแก้ว (Nokkaew Sofa)   หนังแท้ (ออย)เลือกสีได้ | ขนาด W160 D90 H76 cm ราคา 87500 ลด 25% เหลือ 65625 ชำระเป็นเงินสด ลด on top เพิ่ม 10% เหลือ 59062.5 ภายใน เดือนกันยายน 2569 และส่วนลดเพิ่มเติมตามโปรฯ ได้ที่ https://chawcher.com/category/promotion/,ฌ เฌอ,โซฟา,3 ที่นั่ง,นกแก้ว ,(Nokkaew Sofa),,,หนังแท้ (ออย),เลือกสีได้,W160,D90,H76,cm,xxxxxxxx,B 87500.00,25%,B 65625.00,10%,B 59062.50
ฌ เฌอ | โซฟา 3 ที่นั่ง นกแก้ว (Nokkaew Sofa)   หนังแท้ (ออย)เลือกสีได้ | ขนาด W180 D90 H76 cm,ฌ เฌอ | โซฟา 3 ที่นั่ง นกแก้ว (Nokkaew Sofa)   หนังแท้ (ออย)เลือกสีได้ | ขนาด W180 D90 H76 cm ราคา 93400 ลด 25% เหลือ 70050 ชำระเป็นเงินสด ลด on top เพิ่ม 10% เหลือ 63045 ภายใน เดือนกันยายน 2569 และส่วนลดเพิ่มเติมตามโปรฯ ได้ที่ https://chawcher.com/category/promotion/,ฌ เฌอ,โซฟา,3 ที่นั่ง,นกแก้ว ,(Nokkaew Sofa),,,หนังแท้ (ออย),เลือกสีได้,W180,D90,H76,cm,xxxxxxxx,B 93400.00,25%,B 70050.00,10%,B 63045.00
ฌ เฌอ | โซฟา 3 ที่นั่ง นกแก้ว (Nokkaew Sofa)   หนังแท้ (ออย)เลือกสีได้ | ขนาด W200 D90 H76 cm,ฌ เฌอ | โซฟา 3 ที่นั่ง นกแก้ว (Nokkaew Sofa)   หนังแท้ (ออย)เลือกสีได้ | ขนาด W200 D90 H76 cm ราคา 112000 ลด 25% เหลือ 84000 ชำระเป็นเงินสด ลด on top เพิ่ม 10% เหลือ 75600 ภายใน เดือนกันยายน 2569 และส่วนลดเพิ่มเติมตามโปรฯ ได้ที่ https://chawcher.com/category/promotion/,ฌ เฌอ,โซฟา,3 ที่นั่ง,นกแก้ว ,(Nokkaew Sofa),,,หนังแท้ (ออย),เลือกสีได้,W200,D90,H76,cm,xxxxxxxx,B 112000.00,25%,B 84000.00,10%,B 75600.00
ฌ เฌอ | โซฟา 3 ที่นั่ง นกแก้ว (Nokkaew Sofa)   หนังแท้เลือกสีได้ | ขนาด W160 D90 H76 cm,ฌ เฌอ | โซฟา 3 ที่นั่ง นกแก้ว (Nokkaew Sofa)   หนังแท้เลือกสีได้ | ขนาด W160 D90 H76 cm ราคา 70000 ลด 25% เหลือ 52500 ชำระเป็นเงินสด ลด on top เพิ่ม 10% เหลือ 47250 ภายใน เดือนกันยายน 2569 และส่วนลดเพิ่มเติมตามโปรฯ ได้ที่ https://chawcher.com/category/promotion/,ฌ เฌอ,โซฟา,3 ที่นั่ง,นกแก้ว ,(Nokkaew Sofa),,,หนังแท้,เลือกสีได้,W160,D90,H76,cm,xxxxxxxx,B 70000.00,25%,B 52500.00,10%,B 47250.00
ฌ เฌอ | โซฟา 3 ที่นั่ง นกแก้ว (Nokkaew Sofa)   หนังแท้เลือกสีได้ | ขนาด W180 D90 H76 cm,ฌ เฌอ | โซฟา 3 ที่นั่ง นกแก้ว (Nokkaew Sofa)   หนังแท้เลือกสีได้ | ขนาด W180 D90 H76 cm ราคา 74700 ลด 25% เหลือ 56025 ชำระเป็นเงินสด ลด on top เพิ่ม 10% เหลือ 50422.5 ภายใน เดือนกันยายน 2569 และส่วนลดเพิ่มเติมตามโปรฯ ได้ที่ https://chawcher.com/category/promotion/,ฌ เฌอ,โซฟา,3 ที่นั่ง,นกแก้ว ,(Nokkaew Sofa),,,หนังแท้,เลือกสีได้,W180,D90,H76,cm,10131739,B 74700.00,25%,B 56025.00,10%,B 50422.50
ฌ เฌอ | โซฟา 3 ที่นั่ง นกแก้ว (Nokkaew Sofa)   หนังแท้เลือกสีได้ | ขนาด W200 D90 H76 cm,ฌ เฌอ | โซฟา 3 ที่นั่ง นกแก้ว (Nokkaew Sofa)   หนังแท้เลือกสีได้ | ขนาด W200 D90 H76 cm ราคา 89500 ลด 25% เหลือ 67125 ชำระเป็นเงินสด ลด on top เพิ่ม 10% เหลือ 60412.5 ภายใน เดือนกันยายน 2569 และส่วนลดเพิ่มเติมตามโปรฯ ได้ที่ https://chawcher.com/category/promotion/,ฌ เฌอ,โซฟา,3 ที่นั่ง,นกแก้ว ,(Nokkaew Sofa),,,หนังแท้,เลือกสีได้,W200,D90,H76,cm,xxxxxxxx,B 89500.00,25%,B 67125.00,10%,B 60412.50
ฌ เฌอ | โซฟา 3 ที่นั่ง นางนวล  (Nangnuan sofa)   ผ้า A เลือกสีได้ | ขนาด W144 D88 H65 cm,ฌ เฌอ | โซฟา 3 ที่นั่ง นางนวล  (Nangnuan sofa)   ผ้า A เลือกสีได้ | ขนาด W144 D88 H65 cm ราคา 39100 ลด 25% เหลือ 29325 ชำระเป็นเงินสด ลด on top เพิ่ม 10% เหลือ 26392.5 ภายใน เดือนกันยายน 2569 และส่วนลดเพิ่มเติมตามโปรฯ ได้ที่ https://chawcher.com/category/promotion/,ฌ เฌอ,โซฟา,3 ที่นั่ง,นางนวล ,(Nangnuan sofa),,,ผ้า A ,เลือกสีได้,W144,D88,H65,cm,10113440,B 39100.00,25%,B 29325.00,10%,B 26392.50
ฌ เฌอ | โซฟา 3 ที่นั่ง นางนวล  (Nangnuan sofa)   ผ้า A เลือกสีได้ | ขนาด W165 D88 H65 cm,ฌ เฌอ | โซฟา 3 ที่นั่ง นางนวล  (Nangnuan sofa)   ผ้า A เลือกสีได้ | ขนาด W165 D88 H65 cm ราคา 41000 ลด 25% เหลือ 30750 ชำระเป็นเงินสด ลด on top เพิ่ม 10% เหลือ 27675 ภายใน เดือนกันยายน 2569 และส่วนลดเพิ่มเติมตามโปรฯ ได้ที่ https://chawcher.com/category/promotion/,ฌ เฌอ,โซฟา,3 ที่นั่ง,นางนวล ,(Nangnuan sofa),,,ผ้า A ,เลือกสีได้,W165,D88,H65,cm,10133997,B 41000.00,25%,B 30750.00,10%,B 27675.00
ฌ เฌอ | โซฟา 3 ที่นั่ง นางนวล  (Nangnuan sofa)   ผ้า A เลือกสีได้ | ขนาด W186 D88 H65 cm,ฌ เฌอ | โซฟา 3 ที่นั่ง นางนวล  (Nangnuan sofa)   ผ้า A เลือกสีได้ | ขนาด W186 D88 H65 cm ราคา 43000 ลด 25% เหลือ 32250 ชำระเป็นเงินสด ลด on top เพิ่ม 10% เหลือ 29025 ภายใน เดือนกันยายน 2569 และส่วนลดเพิ่มเติมตามโปรฯ ได้ที่ https://chawcher.com/category/promotion/,ฌ เฌอ,โซฟา,3 ที่นั่ง,นางนวล ,(Nangnuan sofa),,,ผ้า A ,เลือกสีได้,W186,D88,H65,cm,10029013,B 43000.00,25%,B 32250.00,10%,B 29025.00
ฌ เฌอ | โซฟา 3 ที่นั่ง นางนวล  (Nangnuan sofa)   หนังแท้เลือกสีได้ | ขนาด W144 D88 H65 cm,ฌ เฌอ | โซฟา 3 ที่นั่ง นางนวล  (Nangnuan sofa)   หนังแท้เลือกสีได้ | ขนาด W144 D88 H65 cm ราคา 61000 ลด 25% เหลือ 45750 ชำระเป็นเงินสด ลด on top เพิ่ม 10% เหลือ 41175 ภายใน เดือนกันยายน 2569 และส่วนลดเพิ่มเติมตามโปรฯ ได้ที่ https://chawcher.com/category/promotion/,ฌ เฌอ,โซฟา,3 ที่นั่ง,นางนวล ,(Nangnuan sofa),,,หนังแท้,เลือกสีได้,W144,D88,H65,cm,10113439,B 61000.00,25%,B 45750.00,10%,B 41175.00
ฌ เฌอ | โซฟา 3 ที่นั่ง นางนวล  (Nangnuan sofa)   หนังแท้เลือกสีได้ | ขนาด W165 D88 H65 cm,ฌ เฌอ | โซฟา 3 ที่นั่ง นางนวล  (Nangnuan sofa)   หนังแท้เลือกสีได้ | ขนาด W165 D88 H65 cm ราคา 63800 ลด 25% เหลือ 47850 ชำระเป็นเงินสด ลด on top เพิ่ม 10% เหลือ 43065 ภายใน เดือนกันยายน 2569 และส่วนลดเพิ่มเติมตามโปรฯ ได้ที่ https://chawcher.com/category/promotion/,ฌ เฌอ,โซฟา,3 ที่นั่ง,นางนวล ,(Nangnuan sofa),,,หนังแท้,เลือกสีได้,W165,D88,H65,cm,10133998,B 63800.00,25%,B 47850.00,10%,B 43065.00
ฌ เฌอ | โซฟา 3 ที่นั่ง นางนวล  (Nangnuan sofa)   หนังแท้เลือกสีได้ | ขนาด W186 D88 H65 cm,ฌ เฌอ | โซฟา 3 ที่นั่ง นางนวล  (Nangnuan sofa)   หนังแท้เลือกสีได้ | ขนาด W186 D88 H65 cm ราคา 66700 ลด 25% เหลือ 50025 ชำระเป็นเงินสด ลด on top เพิ่ม 10% เหลือ 45022.5 ภายใน เดือนกันยายน 2569 และส่วนลดเพิ่มเติมตามโปรฯ ได้ที่ https://chawcher.com/category/promotion/,ฌ เฌอ,โซฟา,3 ที่นั่ง,นางนวล ,(Nangnuan sofa),,,หนังแท้,เลือกสีได้,W186,D88,H65,cm,10029012,B 66700.00,25%,B 50025.00,10%,B 45022.50
ฌ เฌอ | โซฟา 3 ที่นั่ง นางแอ่น  (Nang Aaen Sofa)   ผ้า A เลือกสีได้ | ขนาด W200 D87 H73 cm,ฌ เฌอ | โซฟา 3 ที่นั่ง นางแอ่น  (Nang Aaen Sofa)   ผ้า A เลือกสีได้ | ขนาด W200 D87 H73 cm ราคา 55000 ลด 35% เหลือ 35750 ชำระเป็นเงินสด ลด on top เพิ่ม 10% เหลือ 32175 ภายใน เดือนกันยายน 2569 และส่วนลดเพิ่มเติมตามโปรฯ ได้ที่ https://chawcher.com/category/promotion/,ฌ เฌอ,โซฟา,3 ที่นั่ง,นางแอ่น ,(Nang Aaen Sofa),,,ผ้า A ,เลือกสีได้,W200,D87,H73,cm,10502689,B 55000.00,35%,B 35750.00,10%,B 32175.00
ฌ เฌอ | โซฟา 3 ที่นั่ง นางแอ่น  (Nang Aaen Sofa)   ผ้า B เลือกสีได้ | ขนาด W200 D87 H73 cm,ฌ เฌอ | โซฟา 3 ที่นั่ง นางแอ่น  (Nang Aaen Sofa)   ผ้า B เลือกสีได้ | ขนาด W200 D87 H73 cm ราคา 61500 ลด 35% เหลือ 39975 ชำระเป็นเงินสด ลด on top เพิ่ม 10% เหลือ 35977.5 ภายใน เดือนกันยายน 2569 และส่วนลดเพิ่มเติมตามโปรฯ ได้ที่ https://chawcher.com/category/promotion/,ฌ เฌอ,โซฟา,3 ที่นั่ง,นางแอ่น ,(Nang Aaen Sofa),,,ผ้า B ,เลือกสีได้,W200,D87,H73,cm,xxxxxxxx,B 61500.00,35%,B 39975.00,10%,B 35977.50
ฌ เฌอ | โซฟา 3 ที่นั่ง นางแอ่น  (Nang Aaen Sofa)   ผ้า C เลือกสีได้ | ขนาด W200 D87 H73 cm,ฌ เฌอ | โซฟา 3 ที่นั่ง นางแอ่น  (Nang Aaen Sofa)   ผ้า C เลือกสีได้ | ขนาด W200 D87 H73 cm ราคา 68800 ลด 35% เหลือ 44720 ชำระเป็นเงินสด ลด on top เพิ่ม 10% เหลือ 40248 ภายใน เดือนกันยายน 2569 และส่วนลดเพิ่มเติมตามโปรฯ ได้ที่ https://chawcher.com/category/promotion/,ฌ เฌอ,โซฟา,3 ที่นั่ง,นางแอ่น ,(Nang Aaen Sofa),,,ผ้า C ,เลือกสีได้,W200,D87,H73,cm,xxxxxxxx,B 68800.00,35%,B 44720.00,10%,B 40248.00
ฌ เฌอ | โซฟา 3 ที่นั่ง นางแอ่น  (Nang Aaen Sofa)   หนังแท้ (ออย)เลือกสีได้ | ขนาด W200 D87 H73 cm,ฌ เฌอ | โซฟา 3 ที่นั่ง นางแอ่น  (Nang Aaen Sofa)   หนังแท้ (ออย)เลือกสีได้ | ขนาด W200 D87 H73 cm ราคา 131400 ลด 35% เหลือ 85410 ชำระเป็นเงินสด ลด on top เพิ่ม 10% เหลือ 76869 ภายใน เดือนกันยายน 2569 และส่วนลดเพิ่มเติมตามโปรฯ ได้ที่ https://chawcher.com/category/promotion/,ฌ เฌอ,โซฟา,3 ที่นั่ง,นางแอ่น ,(Nang Aaen Sofa),,,หนังแท้ (ออย),เลือกสีได้,W200,D87,H73,cm,xxxxxxxx,B 131400.00,35%,B 85410.00,10%,B 76869.00
ฌ เฌอ | โซฟา 3 ที่นั่ง นางแอ่น  (Nang Aaen Sofa)   หนังแท้เลือกสีได้ | ขนาด W200 D87 H73 cm,ฌ เฌอ | โซฟา 3 ที่นั่ง นางแอ่น  (Nang Aaen Sofa)   หนังแท้เลือกสีได้ | ขนาด W200 D87 H73 cm ราคา 105000 ลด 35% เหลือ 68250 ชำระเป็นเงินสด ลด on top เพิ่ม 10% เหลือ 61425 ภายใน เดือนกันยายน 2569 และส่วนลดเพิ่มเติมตามโปรฯ ได้ที่ https://chawcher.com/category/promotion/,ฌ เฌอ,โซฟา,3 ที่นั่ง,นางแอ่น ,(Nang Aaen Sofa),,,หนังแท้,เลือกสีได้,W200,D87,H73,cm,xxxxxxxx,B 105000.00,35%,B 68250.00,10%,B 61425.00
ฌ เฌอ | โซฟา 3 ที่นั่ง พัฟฟิน (Puffin Sofa)   ผ้า A เลือกสีได้ | ขนาด W184 D83 H78 cm,ฌ เฌอ | โซฟา 3 ที่นั่ง พัฟฟิน (Puffin Sofa)   ผ้า A เลือกสีได้ | ขนาด W184 D83 H78 cm ราคา 64000 ลด 40% เหลือ 38400 ชำระเป็นเงินสด ลด on top เพิ่ม 10% เหลือ 34560 ภายใน เดือนกันยายน 2569 และส่วนลดเพิ่มเติมตามโปรฯ ได้ที่ https://chawcher.com/category/promotion/,ฌ เฌอ,โซฟา,3 ที่นั่ง,พัฟฟิน,(Puffin Sofa),,,ผ้า A ,เลือกสีได้,W184,D83,H78,cm,xxxxxxxx,B 64000.00,40%,B 38400.00,10%,B 34560.00
ฌ เฌอ | โซฟา 3 ที่นั่ง พัฟฟิน (Puffin Sofa)   ผ้า A เลือกสีได้ | ขนาด W220 D83 H78 cm,ฌ เฌอ | โซฟา 3 ที่นั่ง พัฟฟิน (Puffin Sofa)   ผ้า A เลือกสีได้ | ขนาด W220 D83 H78 cm ราคา 73600 ลด 40% เหลือ 44160 ชำระเป็นเงินสด ลด on top เพิ่ม 10% เหลือ 39744 ภายใน เดือนกันยายน 2569 และส่วนลดเพิ่มเติมตามโปรฯ ได้ที่ https://chawcher.com/category/promotion/,ฌ เฌอ,โซฟา,3 ที่นั่ง,พัฟฟิน,(Puffin Sofa),,,ผ้า A ,เลือกสีได้,W220,D83,H78,cm,xxxxxxxx,B 73600.00,40%,B 44160.00,10%,B 39744.00
ฌ เฌอ | โซฟา 3 ที่นั่ง พัฟฟิน (Puffin Sofa)   ผ้า B เลือกสีได้ | ขนาด W184 D83 H78 cm,ฌ เฌอ | โซฟา 3 ที่นั่ง พัฟฟิน (Puffin Sofa)   ผ้า B เลือกสีได้ | ขนาด W184 D83 H78 cm ราคา 70000 ลด 40% เหลือ 42000 ชำระเป็นเงินสด ลด on top เพิ่ม 10% เหลือ 37800 ภายใน เดือนกันยายน 2569 และส่วนลดเพิ่มเติมตามโปรฯ ได้ที่ https://chawcher.com/category/promotion/,ฌ เฌอ,โซฟา,3 ที่นั่ง,พัฟฟิน,(Puffin Sofa),,,ผ้า B ,เลือกสีได้,W184,D83,H78,cm,xxxxxxxx,B 70000.00,40%,B 42000.00,10%,B 37800.00
ฌ เฌอ | โซฟา 3 ที่นั่ง พัฟฟิน (Puffin Sofa)   ผ้า B เลือกสีได้ | ขนาด W220 D83 H78 cm,ฌ เฌอ | โซฟา 3 ที่นั่ง พัฟฟิน (Puffin Sofa)   ผ้า B เลือกสีได้ | ขนาด W220 D83 H78 cm ราคา 80400 ลด 40% เหลือ 48240 ชำระเป็นเงินสด ลด on top เพิ่ม 10% เหลือ 43416 ภายใน เดือนกันยายน 2569 และส่วนลดเพิ่มเติมตามโปรฯ ได้ที่ https://chawcher.com/category/promotion/,ฌ เฌอ,โซฟา,3 ที่นั่ง,พัฟฟิน,(Puffin Sofa),,,ผ้า B ,เลือกสีได้,W220,D83,H78,cm,xxxxxxxx,B 80400.00,40%,B 48240.00,10%,B 43416.00
ฌ เฌอ | โซฟา 3 ที่นั่ง พัฟฟิน (Puffin Sofa)   ผ้า C เลือกสีได้ | ขนาด W184 D83 H78 cm,ฌ เฌอ | โซฟา 3 ที่นั่ง พัฟฟิน (Puffin Sofa)   ผ้า C เลือกสีได้ | ขนาด W184 D83 H78 cm ราคา 80000 ลด 40% เหลือ 48000 ชำระเป็นเงินสด ลด on top เพิ่ม 10% เหลือ 43200 ภายใน เดือนกันยายน 2569 และส่วนลดเพิ่มเติมตามโปรฯ ได้ที่ https://chawcher.com/category/promotion/,ฌ เฌอ,โซฟา,3 ที่นั่ง,พัฟฟิน,(Puffin Sofa),,,ผ้า C ,เลือกสีได้,W184,D83,H78,cm,xxxxxxxx,B 80000.00,40%,B 48000.00,10%,B 43200.00
ฌ เฌอ | โซฟา 3 ที่นั่ง พัฟฟิน (Puffin Sofa)   ผ้า C เลือกสีได้ | ขนาด W220 D83 H78 cm,ฌ เฌอ | โซฟา 3 ที่นั่ง พัฟฟิน (Puffin Sofa)   ผ้า C เลือกสีได้ | ขนาด W220 D83 H78 cm ราคา 92000 ลด 40% เหลือ 55200 ชำระเป็นเงินสด ลด on top เพิ่ม 10% เหลือ 49680 ภายใน เดือนกันยายน 2569 และส่วนลดเพิ่มเติมตามโปรฯ ได้ที่ https://chawcher.com/category/promotion/,ฌ เฌอ,โซฟา,3 ที่นั่ง,พัฟฟิน,(Puffin Sofa),,,ผ้า C ,เลือกสีได้,W220,D83,H78,cm,xxxxxxxx,B 92000.00,40%,B 55200.00,10%,B 49680.00
ฌ เฌอ | โซฟา 3 ที่นั่ง พัฟฟิน (Puffin Sofa)   หนังแท้ (ออย)เลือกสีได้ | ขนาด W184 D83 H78 cm,ฌ เฌอ | โซฟา 3 ที่นั่ง พัฟฟิน (Puffin Sofa)   หนังแท้ (ออย)เลือกสีได้ | ขนาด W184 D83 H78 cm ราคา 145200 ลด 40% เหลือ 87120 ชำระเป็นเงินสด ลด on top เพิ่ม 10% เหลือ 78408 ภายใน เดือนกันยายน 2569 และส่วนลดเพิ่มเติมตามโปรฯ ได้ที่ https://chawcher.com/category/promotion/,ฌ เฌอ,โซฟา,3 ที่นั่ง,พัฟฟิน,(Puffin Sofa),,,หนังแท้ (ออย),เลือกสีได้,W184,D83,H78,cm,xxxxxxxx,B 145200.00,40%,B 87120.00,10%,B 78408.00
ฌ เฌอ | โซฟา 3 ที่นั่ง พัฟฟิน (Puffin Sofa)   หนังแท้ (ออย)เลือกสีได้ | ขนาด W220 D83 H78 cm,ฌ เฌอ | โซฟา 3 ที่นั่ง พัฟฟิน (Puffin Sofa)   หนังแท้ (ออย)เลือกสีได้ | ขนาด W220 D83 H78 cm ราคา 167200 ลด 40% เหลือ 100320 ชำระเป็นเงินสด ลด on top เพิ่ม 10% เหลือ 90288 ภายใน เดือนกันยายน 2569 และส่วนลดเพิ่มเติมตามโปรฯ ได้ที่ https://chawcher.com/category/promotion/,ฌ เฌอ,โซฟา,3 ที่นั่ง,พัฟฟิน,(Puffin Sofa),,,หนังแท้ (ออย),เลือกสีได้,W220,D83,H78,cm,xxxxxxxx,B 167200.00,40%,B 100320.00,10%,B 90288.00
ฌ เฌอ | โซฟา 3 ที่นั่ง พัฟฟิน (Puffin Sofa)   หนังแท้เลือกสีได้ | ขนาด W184 D83 H78 cm,ฌ เฌอ | โซฟา 3 ที่นั่ง พัฟฟิน (Puffin Sofa)   หนังแท้เลือกสีได้ | ขนาด W184 D83 H78 cm ราคา 116000 ลด 40% เหลือ 69600 ชำระเป็นเงินสด ลด on top เพิ่ม 10% เหลือ 62640 ภายใน เดือนกันยายน 2569 และส่วนลดเพิ่มเติมตามโปรฯ ได้ที่ https://chawcher.com/category/promotion/,ฌ เฌอ,โซฟา,3 ที่นั่ง,พัฟฟิน,(Puffin Sofa),,,หนังแท้,เลือกสีได้,W184,D83,H78,cm,xxxxxxxx,B 116000.00,40%,B 69600.00,10%,B 62640.00
ฌ เฌอ | โซฟา 3 ที่นั่ง พัฟฟิน (Puffin Sofa)   หนังแท้เลือกสีได้ | ขนาด W220 D83 H78 cm,ฌ เฌอ | โซฟา 3 ที่นั่ง พัฟฟิน (Puffin Sofa)   หนังแท้เลือกสีได้ | ขนาด W220 D83 H78 cm ราคา 133600 ลด 40% เหลือ 80160 ชำระเป็นเงินสด ลด on top เพิ่ม 10% เหลือ 72144 ภายใน เดือนกันยายน 2569 และส่วนลดเพิ่มเติมตามโปรฯ ได้ที่ https://chawcher.com/category/promotion/,ฌ เฌอ,โซฟา,3 ที่นั่ง,พัฟฟิน,(Puffin Sofa),,,หนังแท้,เลือกสีได้,W220,D83,H78,cm,xxxxxxxx,B 133600.00,40%,B 80160.00,10%,B 72144.00
ฌ เฌอ | โซฟา 3 ที่นั่ง ฟีนิกซ์ (Phoenix Sofa)   ผ้า A เลือกสีได้ | ขนาด W190 D96 H85 cm,ฌ เฌอ | โซฟา 3 ที่นั่ง ฟีนิกซ์ (Phoenix Sofa)   ผ้า A เลือกสีได้ | ขนาด W190 D96 H85 cm ราคา 90900 ลด 40% เหลือ 54540 ชำระเป็นเงินสด ลด on top เพิ่ม 10% เหลือ 49086 ภายใน เดือนกันยายน 2569 และส่วนลดเพิ่มเติมตามโปรฯ ได้ที่ https://chawcher.com/category/promotion/,ฌ เฌอ,โซฟา,3 ที่นั่ง,ฟีนิกซ์,(Phoenix Sofa),,,ผ้า A ,เลือกสีได้,W190,D96,H85,cm,xxxxxxxx,B 90900.00,40%,B 54540.00,10%,B 49086.00
ฌ เฌอ | โซฟา 3 ที่นั่ง ฟีนิกซ์ (Phoenix Sofa)   ผ้า C เลือกสีได้ | ขนาด W190 D96 H85 cm,ฌ เฌอ | โซฟา 3 ที่นั่ง ฟีนิกซ์ (Phoenix Sofa)   ผ้า C เลือกสีได้ | ขนาด W190 D96 H85 cm ราคา 117900 ลด 40% เหลือ 70740 ชำระเป็นเงินสด ลด on top เพิ่ม 10% เหลือ 63666 ภายใน เดือนกันยายน 2569 และส่วนลดเพิ่มเติมตามโปรฯ ได้ที่ https://chawcher.com/category/promotion/,ฌ เฌอ,โซฟา,3 ที่นั่ง,ฟีนิกซ์,(Phoenix Sofa),,,ผ้า C ,เลือกสีได้,W190,D96,H85,cm,10029842,B 117900.00,40%,B 70740.00,10%,B 63666.00
ฌ เฌอ | โซฟา 3 ที่นั่ง ฟีนิกซ์ (Phoenix Sofa)   หนังแท้ (ออย)เลือกสีได้ | ขนาด W190 D96 H85 cm,ฌ เฌอ | โซฟา 3 ที่นั่ง ฟีนิกซ์ (Phoenix Sofa)   หนังแท้ (ออย)เลือกสีได้ | ขนาด W190 D96 H85 cm ราคา 178000 ลด 40% เหลือ 106800 ชำระเป็นเงินสด ลด on top เพิ่ม 10% เหลือ 96120 ภายใน เดือนกันยายน 2569 และส่วนลดเพิ่มเติมตามโปรฯ ได้ที่ https://chawcher.com/category/promotion/,ฌ เฌอ,โซฟา,3 ที่นั่ง,ฟีนิกซ์,(Phoenix Sofa),,,หนังแท้ (ออย),เลือกสีได้,W190,D96,H85,cm,xxxxxxxx,B 178000.00,40%,B 106800.00,10%,B 96120.00
ฌ เฌอ | โซฟา 3 ที่นั่ง ฟีนิกซ์ (Phoenix Sofa)   หนังแท้เลือกสีได้ | ขนาด W190 D96 H85 cm,ฌ เฌอ | โซฟา 3 ที่นั่ง ฟีนิกซ์ (Phoenix Sofa)   หนังแท้เลือกสีได้ | ขนาด W190 D96 H85 cm ราคา 151400 ลด 40% เหลือ 90840 ชำระเป็นเงินสด ลด on top เพิ่ม 10% เหลือ 81756 ภายใน เดือนกันยายน 2569 และส่วนลดเพิ่มเติมตามโปรฯ ได้ที่ https://chawcher.com/category/promotion/,ฌ เฌอ,โซฟา,3 ที่นั่ง,ฟีนิกซ์,(Phoenix Sofa),,,หนังแท้,เลือกสีได้,W190,D96,H85,cm,xxxxxxxx,B 151400.00,40%,B 90840.00,10%,B 81756.00
ฌ เฌอ | โซฟา 3 ที่นั่ง อัญชัน (Aunchan Sofa)   ผ้า A เลือกสีได้ | ขนาด W180 D91 H93 ,ฌ เฌอ | โซฟา 3 ที่นั่ง อัญชัน (Aunchan Sofa)   ผ้า A เลือกสีได้ | ขนาด W180 D91 H93  ราคา 54500 ลด 30% เหลือ 38150 ชำระเป็นเงินสด ลด on top เพิ่ม 10% เหลือ 34335 ภายใน เดือนกันยายน 2569 และส่วนลดเพิ่มเติมตามโปรฯ ได้ที่ https://chawcher.com/category/promotion/,ฌ เฌอ,โซฟา,3 ที่นั่ง,อัญชัน,(Aunchan Sofa),,,ผ้า A ,เลือกสีได้,W180,D91,H93,,,B 54500.00,30%,B 38150.00,10%,B 34335.00
ฌ เฌอ | โซฟา 3 ที่นั่ง อัญชัน (Aunchan Sofa)   ผ้า A เลือกสีได้ | ขนาด W200 D91 H93 ,ฌ เฌอ | โซฟา 3 ที่นั่ง อัญชัน (Aunchan Sofa)   ผ้า A เลือกสีได้ | ขนาด W200 D91 H93  ราคา 65300 ลด 30% เหลือ 45710 ชำระเป็นเงินสด ลด on top เพิ่ม 10% เหลือ 41139 ภายใน เดือนกันยายน 2569 และส่วนลดเพิ่มเติมตามโปรฯ ได้ที่ https://chawcher.com/category/promotion/,ฌ เฌอ,โซฟา,3 ที่นั่ง,อัญชัน,(Aunchan Sofa),,,ผ้า A ,เลือกสีได้,W200,D91,H93,,,B 65300.00,30%,B 45710.00,10%,B 41139.00
ฌ เฌอ | โซฟา 3 ที่นั่ง อัญชัน (Aunchan Sofa)   ผ้า B เลือกสีได้ | ขนาด W180 D91 H93 ,ฌ เฌอ | โซฟา 3 ที่นั่ง อัญชัน (Aunchan Sofa)   ผ้า B เลือกสีได้ | ขนาด W180 D91 H93  ราคา 62000 ลด 30% เหลือ 43400 ชำระเป็นเงินสด ลด on top เพิ่ม 10% เหลือ 39060 ภายใน เดือนกันยายน 2569 และส่วนลดเพิ่มเติมตามโปรฯ ได้ที่ https://chawcher.com/category/promotion/,ฌ เฌอ,โซฟา,3 ที่นั่ง,อัญชัน,(Aunchan Sofa),,,ผ้า B ,เลือกสีได้,W180,D91,H93,,,B 62000.00,30%,B 43400.00,10%,B 39060.00
ฌ เฌอ | โซฟา 3 ที่นั่ง อัญชัน (Aunchan Sofa)   ผ้า B เลือกสีได้ | ขนาด W200 D91 H93 ,ฌ เฌอ | โซฟา 3 ที่นั่ง อัญชัน (Aunchan Sofa)   ผ้า B เลือกสีได้ | ขนาด W200 D91 H93  ราคา 74000 ลด 30% เหลือ 51800 ชำระเป็นเงินสด ลด on top เพิ่ม 10% เหลือ 46620 ภายใน เดือนกันยายน 2569 และส่วนลดเพิ่มเติมตามโปรฯ ได้ที่ https://chawcher.com/category/promotion/,ฌ เฌอ,โซฟา,3 ที่นั่ง,อัญชัน,(Aunchan Sofa),,,ผ้า B ,เลือกสีได้,W200,D91,H93,,,B 74000.00,30%,B 51800.00,10%,B 46620.00
ฌ เฌอ | โซฟา 3 ที่นั่ง อัญชัน (Aunchan Sofa)   ผ้า C เลือกสีได้ | ขนาด W180 D91 H93 ,ฌ เฌอ | โซฟา 3 ที่นั่ง อัญชัน (Aunchan Sofa)   ผ้า C เลือกสีได้ | ขนาด W180 D91 H93  ราคา 68500 ลด 30% เหลือ 47950 ชำระเป็นเงินสด ลด on top เพิ่ม 10% เหลือ 43155 ภายใน เดือนกันยายน 2569 และส่วนลดเพิ่มเติมตามโปรฯ ได้ที่ https://chawcher.com/category/promotion/,ฌ เฌอ,โซฟา,3 ที่นั่ง,อัญชัน,(Aunchan Sofa),,,ผ้า C ,เลือกสีได้,W180,D91,H93,,,B 68500.00,30%,B 47950.00,10%,B 43155.00
ฌ เฌอ | โซฟา 3 ที่นั่ง อัญชัน (Aunchan Sofa)   ผ้า C เลือกสีได้ | ขนาด W200 D91 H93 ,ฌ เฌอ | โซฟา 3 ที่นั่ง อัญชัน (Aunchan Sofa)   ผ้า C เลือกสีได้ | ขนาด W200 D91 H93  ราคา 81625 ลด 30% เหลือ 57137.5 ชำระเป็นเงินสด ลด on top เพิ่ม 10% เหลือ 51423.75 ภายใน เดือนกันยายน 2569 และส่วนลดเพิ่มเติมตามโปรฯ ได้ที่ https://chawcher.com/category/promotion/,ฌ เฌอ,โซฟา,3 ที่นั่ง,อัญชัน,(Aunchan Sofa),,,ผ้า C ,เลือกสีได้,W200,D91,H93,,,B 81625.00,30%,B 57137.50,10%,B 51423.75
ฌ เฌอ | โซฟา 3 ที่นั่ง อัญชัน (Aunchan Sofa)   หนังแท้ (ออย)เลือกสีได้ | ขนาด W180 D91 H93 ,ฌ เฌอ | โซฟา 3 ที่นั่ง อัญชัน (Aunchan Sofa)   หนังแท้ (ออย)เลือกสีได้ | ขนาด W180 D91 H93  ราคา 106500 ลด 30% เหลือ 74550 ชำระเป็นเงินสด ลด on top เพิ่ม 10% เหลือ 67095 ภายใน เดือนกันยายน 2569 และส่วนลดเพิ่มเติมตามโปรฯ ได้ที่ https://chawcher.com/category/promotion/,ฌ เฌอ,โซฟา,3 ที่นั่ง,อัญชัน,(Aunchan Sofa),,,หนังแท้ (ออย),เลือกสีได้,W180,D91,H93,,,B 106500.00,30%,B 74550.00,10%,B 67095.00
ฌ เฌอ | โซฟา 3 ที่นั่ง อัญชัน (Aunchan Sofa)   หนังแท้ (ออย)เลือกสีได้ | ขนาด W200 D91 H93 ,ฌ เฌอ | โซฟา 3 ที่นั่ง อัญชัน (Aunchan Sofa)   หนังแท้ (ออย)เลือกสีได้ | ขนาด W200 D91 H93  ราคา 123000 ลด 30% เหลือ 86100 ชำระเป็นเงินสด ลด on top เพิ่ม 10% เหลือ 77490 ภายใน เดือนกันยายน 2569 และส่วนลดเพิ่มเติมตามโปรฯ ได้ที่ https://chawcher.com/category/promotion/,ฌ เฌอ,โซฟา,3 ที่นั่ง,อัญชัน,(Aunchan Sofa),,,หนังแท้ (ออย),เลือกสีได้,W200,D91,H93,,,B 123000.00,30%,B 86100.00,10%,B 77490.00
ฌ เฌอ | โซฟา 3 ที่นั่ง อัญชัน (Aunchan Sofa)   หนังแท้เลือกสีได้ | ขนาด W180 D91 H93 ,ฌ เฌอ | โซฟา 3 ที่นั่ง อัญชัน (Aunchan Sofa)   หนังแท้เลือกสีได้ | ขนาด W180 D91 H93  ราคา 85100 ลด 30% เหลือ 59570 ชำระเป็นเงินสด ลด on top เพิ่ม 10% เหลือ 53613 ภายใน เดือนกันยายน 2569 และส่วนลดเพิ่มเติมตามโปรฯ ได้ที่ https://chawcher.com/category/promotion/,ฌ เฌอ,โซฟา,3 ที่นั่ง,อัญชัน,(Aunchan Sofa),,,หนังแท้,เลือกสีได้,W180,D91,H93,,,B 85100.00,30%,B 59570.00,10%,B 53613.00
ฌ เฌอ | โซฟา 3 ที่นั่ง อัญชัน (Aunchan Sofa)   หนังแท้เลือกสีได้ | ขนาด W200 D91 H93 ,ฌ เฌอ | โซฟา 3 ที่นั่ง อัญชัน (Aunchan Sofa)   หนังแท้เลือกสีได้ | ขนาด W200 D91 H93  ราคา 98400 ลด 30% เหลือ 68880 ชำระเป็นเงินสด ลด on top เพิ่ม 10% เหลือ 61992 ภายใน เดือนกันยายน 2569 และส่วนลดเพิ่มเติมตามโปรฯ ได้ที่ https://chawcher.com/category/promotion/,ฌ เฌอ,โซฟา,3 ที่นั่ง,อัญชัน,(Aunchan Sofa),,,หนังแท้,เลือกสีได้,W200,D91,H93,,,B 98400.00,30%,B 68880.00,10%,B 61992.00
ฌ เฌอ | โซฟา 3 ที่นั่ง อินทรี (Insee Sofa)   ผ้า A เลือกสีได้ | ขนาด W191 D104 H83 cm,ฌ เฌอ | โซฟา 3 ที่นั่ง อินทรี (Insee Sofa)   ผ้า A เลือกสีได้ | ขนาด W191 D104 H83 cm ราคา 58300 ลด 30% เหลือ 40810 ชำระเป็นเงินสด ลด on top เพิ่ม 10% เหลือ 36729 ภายใน เดือนกันยายน 2569 และส่วนลดเพิ่มเติมตามโปรฯ ได้ที่ https://chawcher.com/category/promotion/,ฌ เฌอ,โซฟา,2 ที่นั่ง,อินทรี ,(Insee Sofa),,,ผ้า A ,เลือกสีได้,W191,D104,H83,cm,10029850,B 58300.00,30%,B 40810.00,10%,B 36729.00
ฌ เฌอ | โซฟา 3 ที่นั่ง อินทรี (Insee Sofa)   ผ้า B เลือกสีได้ | ขนาด W191 D104 H83 cm,ฌ เฌอ | โซฟา 3 ที่นั่ง อินทรี (Insee Sofa)   ผ้า B เลือกสีได้ | ขนาด W191 D104 H83 cm ราคา 65000 ลด 30% เหลือ 45500 ชำระเป็นเงินสด ลด on top เพิ่ม 10% เหลือ 40950 ภายใน เดือนกันยายน 2569 และส่วนลดเพิ่มเติมตามโปรฯ ได้ที่ https://chawcher.com/category/promotion/,ฌ เฌอ,โซฟา,2 ที่นั่ง,อินทรี ,(Insee Sofa),,,ผ้า B ,เลือกสีได้,W191,D104,H83,cm,xxxxxxxx,B 65000.00,30%,B 45500.00,10%,B 40950.00
ฌ เฌอ | โซฟา 3 ที่นั่ง อินทรี (Insee Sofa)   ผ้า C เลือกสีได้ | ขนาด W191 D104 H83 cm,ฌ เฌอ | โซฟา 3 ที่นั่ง อินทรี (Insee Sofa)   ผ้า C เลือกสีได้ | ขนาด W191 D104 H83 cm ราคา 73000 ลด 30% เหลือ 51100 ชำระเป็นเงินสด ลด on top เพิ่ม 10% เหลือ 45990 ภายใน เดือนกันยายน 2569 และส่วนลดเพิ่มเติมตามโปรฯ ได้ที่ https://chawcher.com/category/promotion/,ฌ เฌอ,โซฟา,2 ที่นั่ง,อินทรี ,(Insee Sofa),,,ผ้า C ,เลือกสีได้,W191,D104,H83,cm,xxxxxxxx,B 73000.00,30%,B 51100.00,10%,B 45990.00
ฌ เฌอ | โซฟา 3 ที่นั่ง อินทรี (Insee Sofa)   หนังแท้ (ออย)เลือกสีได้ | ขนาด W191 D104 H83 cm,ฌ เฌอ | โซฟา 3 ที่นั่ง อินทรี (Insee Sofa)   หนังแท้ (ออย)เลือกสีได้ | ขนาด W191 D104 H83 cm ราคา 111400 ลด 30% เหลือ 77980 ชำระเป็นเงินสด ลด on top เพิ่ม 10% เหลือ 70182 ภายใน เดือนกันยายน 2569 และส่วนลดเพิ่มเติมตามโปรฯ ได้ที่ https://chawcher.com/category/promotion/,ฌ เฌอ,โซฟา,2 ที่นั่ง,อินทรี ,(Insee Sofa),,,หนังแท้ (ออย),เลือกสีได้,W191,D104,H83,cm,xxxxxxxx,B 111400.00,30%,B 77980.00,10%,B 70182.00
ฌ เฌอ | โซฟา 3 ที่นั่ง อินทรี (Insee Sofa)   หนังแท้เลือกสีได้ | ขนาด W191 D104 H83 cm,ฌ เฌอ | โซฟา 3 ที่นั่ง อินทรี (Insee Sofa)   หนังแท้เลือกสีได้ | ขนาด W191 D104 H83 cm ราคา 89000 ลด 30% เหลือ 62300 ชำระเป็นเงินสด ลด on top เพิ่ม 10% เหลือ 56070 ภายใน เดือนกันยายน 2569 และส่วนลดเพิ่มเติมตามโปรฯ ได้ที่ https://chawcher.com/category/promotion/,ฌ เฌอ,โซฟา,2 ที่นั่ง,อินทรี ,(Insee Sofa),,,หนังแท้,เลือกสีได้,W191,D104,H83,cm,10096148,B 89000.00,30%,B 62300.00,10%,B 56070.00
ฌ เฌอ | โซฟา 3 ที่นั่ง อีมู  (Emu Sofa)   เบาะหนังแท้ พนักพิงผ้าเลือกสีได้ | ขนาด W190 D82 H83 cm,ฌ เฌอ | โซฟา 3 ที่นั่ง อีมู  (Emu Sofa)   เบาะหนังแท้ พนักพิงผ้าเลือกสีได้ | ขนาด W190 D82 H83 cm ราคา 78000 ลด 30% เหลือ 54600 ชำระเป็นเงินสด ลด on top เพิ่ม 10% เหลือ 49140 ภายใน เดือนกันยายน 2569 และส่วนลดเพิ่มเติมตามโปรฯ ได้ที่ https://chawcher.com/category/promotion/,ฌ เฌอ,โซฟา,3 ที่นั่ง,อีมู ,(Emu Sofa),,,เบาะหนังแท้ พนักพิงผ้า,เลือกสีได้,W190,D82,H83,cm,10029018,B 78000.00,30%,B 54600.00,10%,B 49140.00
ฌ เฌอ | โซฟา 3 ที่นั่ง อีมู  (Emu Sofa)   ผ้า A เลือกสีได้ | ขนาด W190 D82 H83 cm,ฌ เฌอ | โซฟา 3 ที่นั่ง อีมู  (Emu Sofa)   ผ้า A เลือกสีได้ | ขนาด W190 D82 H83 cm ราคา 58000 ลด 30% เหลือ 40600 ชำระเป็นเงินสด ลด on top เพิ่ม 10% เหลือ 36540 ภายใน เดือนกันยายน 2569 และส่วนลดเพิ่มเติมตามโปรฯ ได้ที่ https://chawcher.com/category/promotion/,ฌ เฌอ,โซฟา,3 ที่นั่ง,อีมู ,(Emu Sofa),,,ผ้า A ,เลือกสีได้,W190,D82,H83,cm,10113438,B 58000.00,30%,B 40600.00,10%,B 36540.00
ฌ เฌอ | โซฟา 3 ที่นั่ง อีมู  (Emu Sofa)   ผ้า B เลือกสีได้ | ขนาด W190 D82 H83 cm,ฌ เฌอ | โซฟา 3 ที่นั่ง อีมู  (Emu Sofa)   ผ้า B เลือกสีได้ | ขนาด W190 D82 H83 cm ราคา 65000 ลด 30% เหลือ 45500 ชำระเป็นเงินสด ลด on top เพิ่ม 10% เหลือ 40950 ภายใน เดือนกันยายน 2569 และส่วนลดเพิ่มเติมตามโปรฯ ได้ที่ https://chawcher.com/category/promotion/,ฌ เฌอ,โซฟา,3 ที่นั่ง,อีมู ,(Emu Sofa),,,ผ้า B ,เลือกสีได้,W190,D82,H83,cm,xxxxxxxx,B 65000.00,30%,B 45500.00,10%,B 40950.00
ฌ เฌอ | โซฟา 3 ที่นั่ง อีมู  (Emu Sofa)   ผ้า C เลือกสีได้ | ขนาด W190 D82 H83 cm,ฌ เฌอ | โซฟา 3 ที่นั่ง อีมู  (Emu Sofa)   ผ้า C เลือกสีได้ | ขนาด W190 D82 H83 cm ราคา 72600 ลด 30% เหลือ 50820 ชำระเป็นเงินสด ลด on top เพิ่ม 10% เหลือ 45738 ภายใน เดือนกันยายน 2569 และส่วนลดเพิ่มเติมตามโปรฯ ได้ที่ https://chawcher.com/category/promotion/,ฌ เฌอ,โซฟา,3 ที่นั่ง,อีมู ,(Emu Sofa),,,ผ้า C ,เลือกสีได้,W190,D82,H83,cm,xxxxxxxx,B 72600.00,30%,B 50820.00,10%,B 45738.00
ฌ เฌอ | โซฟา 3 ที่นั่ง อีมู  (Emu Sofa)   หนังแท้ (ออย)เลือกสีได้ | ขนาด W190 D82 H83 cm,ฌ เฌอ | โซฟา 3 ที่นั่ง อีมู  (Emu Sofa)   หนังแท้ (ออย)เลือกสีได้ | ขนาด W190 D82 H83 cm ราคา 116500 ลด 30% เหลือ 81550 ชำระเป็นเงินสด ลด on top เพิ่ม 10% เหลือ 73395 ภายใน เดือนกันยายน 2569 และส่วนลดเพิ่มเติมตามโปรฯ ได้ที่ https://chawcher.com/category/promotion/,ฌ เฌอ,โซฟา,3 ที่นั่ง,อีมู ,(Emu Sofa),,,หนังแท้ (ออย),เลือกสีได้,W190,D82,H83,cm,xxxxxxxx,B 116500.00,30%,B 81550.00,10%,B 73395.00
ฌ เฌอ | โซฟา 3 ที่นั่ง อีมู  (Emu Sofa)   หนังแท้เลือกสีได้ | ขนาด W190 D82 H83 cm,ฌ เฌอ | โซฟา 3 ที่นั่ง อีมู  (Emu Sofa)   หนังแท้เลือกสีได้ | ขนาด W190 D82 H83 cm ราคา 93100 ลด 30% เหลือ 65170 ชำระเป็นเงินสด ลด on top เพิ่ม 10% เหลือ 58653 ภายใน เดือนกันยายน 2569 และส่วนลดเพิ่มเติมตามโปรฯ ได้ที่ https://chawcher.com/category/promotion/,ฌ เฌอ,โซฟา,3 ที่นั่ง,อีมู ,(Emu Sofa),,,หนังแท้,เลือกสีได้,W190,D82,H83,cm,10113433,B 93100.00,30%,B 65170.00,10%,B 58653.00
ฌ เฌอ | โซฟา 3 ที่นั่ง โอมุ (Omu Sofa)   ผ้า A เลือกสีได้ | ขนาด W225 D167 (101) H84 (45) cm,ฌ เฌอ | โซฟา 3 ที่นั่ง โอมุ (Omu Sofa)   ผ้า A เลือกสีได้ | ขนาด W225 D167 (101) H84 (45) cm ราคา 100000 ลด 25% เหลือ 75000 ชำระเป็นเงินสด ลด on top เพิ่ม 10% เหลือ 67500 ภายใน เดือนกันยายน 2569 และส่วนลดเพิ่มเติมตามโปรฯ ได้ที่ https://chawcher.com/category/promotion/,ฌ เฌอ,โซฟา,3 ที่นั่ง,โอมุ,(Omu Sofa),,,ผ้า A ,เลือกสีได้,W225,D167 (101),H84 (45),cm,xxxxxxxx,B 100000.00,25%,B 75000.00,10%,B 67500.00
ฌ เฌอ | โซฟา 3 ที่นั่ง โอมุ (Omu Sofa)   ผ้า B เลือกสีได้ | ขนาด W225 D167 (101) H84 (45) cm,ฌ เฌอ | โซฟา 3 ที่นั่ง โอมุ (Omu Sofa)   ผ้า B เลือกสีได้ | ขนาด W225 D167 (101) H84 (45) cm ราคา 120000 ลด 25% เหลือ 90000 ชำระเป็นเงินสด ลด on top เพิ่ม 10% เหลือ 81000 ภายใน เดือนกันยายน 2569 และส่วนลดเพิ่มเติมตามโปรฯ ได้ที่ https://chawcher.com/category/promotion/,ฌ เฌอ,โซฟา,3 ที่นั่ง,โอมุ,(Omu Sofa),,,ผ้า B ,เลือกสีได้,W225,D167 (101),H84 (45),cm,xxxxxxxx,B 120000.00,25%,B 90000.00,10%,B 81000.00
ฌ เฌอ | โซฟา 3 ที่นั่ง โอมุ (Omu Sofa)   ผ้า C เลือกสีได้ | ขนาด W225 D167 (101) H84 (45) cm,ฌ เฌอ | โซฟา 3 ที่นั่ง โอมุ (Omu Sofa)   ผ้า C เลือกสีได้ | ขนาด W225 D167 (101) H84 (45) cm ราคา 140000 ลด 25% เหลือ 105000 ชำระเป็นเงินสด ลด on top เพิ่ม 10% เหลือ 94500 ภายใน เดือนกันยายน 2569 และส่วนลดเพิ่มเติมตามโปรฯ ได้ที่ https://chawcher.com/category/promotion/,ฌ เฌอ,โซฟา,3 ที่นั่ง,โอมุ,(Omu Sofa),,,ผ้า C ,เลือกสีได้,W225,D167 (101),H84 (45),cm,xxxxxxxx,B 140000.00,25%,B 105000.00,10%,B 94500.00
ฌ เฌอ | โซฟา 3 ที่นั่ง โอมุ (Omu Sofa)   หนังแท้ (ออย)เลือกสีได้ | ขนาด W225 D167 (101) H84 (45) cm,ฌ เฌอ | โซฟา 3 ที่นั่ง โอมุ (Omu Sofa)   หนังแท้ (ออย)เลือกสีได้ | ขนาด W225 D167 (101) H84 (45) cm ราคา 240000 ลด 25% เหลือ 180000 ชำระเป็นเงินสด ลด on top เพิ่ม 10% เหลือ 162000 ภายใน เดือนกันยายน 2569 และส่วนลดเพิ่มเติมตามโปรฯ ได้ที่ https://chawcher.com/category/promotion/,ฌ เฌอ,โซฟา,3 ที่นั่ง,โอมุ,(Omu Sofa),,,หนังแท้ (ออย),เลือกสีได้,W225,D167 (101),H84 (45),cm,xxxxxxxx,B 240000.00,25%,B 180000.00,10%,B 162000.00
ฌ เฌอ | โซฟา 3 ที่นั่ง โอมุ (Omu Sofa)   หนังแท้เลือกสีได้ | ขนาด W225 D167 (101) H84 (45) cm,ฌ เฌอ | โซฟา 3 ที่นั่ง โอมุ (Omu Sofa)   หนังแท้เลือกสีได้ | ขนาด W225 D167 (101) H84 (45) cm ราคา 190000 ลด 25% เหลือ 142500 ชำระเป็นเงินสด ลด on top เพิ่ม 10% เหลือ 128250 ภายใน เดือนกันยายน 2569 และส่วนลดเพิ่มเติมตามโปรฯ ได้ที่ https://chawcher.com/category/promotion/,ฌ เฌอ,โซฟา,3 ที่นั่ง,โอมุ,(Omu Sofa),,,หนังแท้,เลือกสีได้,W225,D167 (101),H84 (45),cm,xxxxxxxx,B 190000.00,25%,B 142500.00,10%,B 128250.00
ฌ เฌอ | โซฟา 3 ที่นั่ง ฮูก (Hook Sofa)   ผ้า A เลือกสีได้ | ขนาด W160 D89 H80 cm,ฌ เฌอ | โซฟา 3 ที่นั่ง ฮูก (Hook Sofa)   ผ้า A เลือกสีได้ | ขนาด W160 D89 H80 cm ราคา 46700 ลด 30% เหลือ 32690 ชำระเป็นเงินสด ลด on top เพิ่ม 10% เหลือ 29421 ภายใน เดือนกันยายน 2569 และส่วนลดเพิ่มเติมตามโปรฯ ได้ที่ https://chawcher.com/category/promotion/,ฌ เฌอ,โซฟา,3 ที่นั่ง,ฮูก,(Hook Sofa),,,ผ้า A ,เลือกสีได้,W160,D89,H80,cm,10131727,B 46700.00,30%,B 32690.00,10%,B 29421.00
ฌ เฌอ | โซฟา 3 ที่นั่ง ฮูก (Hook Sofa)   ผ้า B เลือกสีได้ | ขนาด W160 D89 H80 cm,ฌ เฌอ | โซฟา 3 ที่นั่ง ฮูก (Hook Sofa)   ผ้า B เลือกสีได้ | ขนาด W160 D89 H80 cm ราคา 52000 ลด 30% เหลือ 36400 ชำระเป็นเงินสด ลด on top เพิ่ม 10% เหลือ 32760 ภายใน เดือนกันยายน 2569 และส่วนลดเพิ่มเติมตามโปรฯ ได้ที่ https://chawcher.com/category/promotion/,ฌ เฌอ,โซฟา,3 ที่นั่ง,ฮูก,(Hook Sofa),,,ผ้า B ,เลือกสีได้,W160,D89,H80,cm,xxxxxxxx,B 52000.00,30%,B 36400.00,10%,B 32760.00
ฌ เฌอ | โซฟา 3 ที่นั่ง ฮูก (Hook Sofa)   ผ้า C เลือกสีได้ | ขนาด W160 D89 H80 cm,ฌ เฌอ | โซฟา 3 ที่นั่ง ฮูก (Hook Sofa)   ผ้า C เลือกสีได้ | ขนาด W160 D89 H80 cm ราคา 60000 ลด 30% เหลือ 42000 ชำระเป็นเงินสด ลด on top เพิ่ม 10% เหลือ 37800 ภายใน เดือนกันยายน 2569 และส่วนลดเพิ่มเติมตามโปรฯ ได้ที่ https://chawcher.com/category/promotion/,ฌ เฌอ,โซฟา,3 ที่นั่ง,ฮูก,(Hook Sofa),,,ผ้า C ,เลือกสีได้,W160,D89,H80,cm,xxxxxxxx,B 60000.00,30%,B 42000.00,10%,B 37800.00
ฌ เฌอ | โซฟา 3 ที่นั่ง ฮูก (Hook Sofa)   หนังแท้ (ออย)เลือกสีได้ | ขนาด W160 D89 H80 cm,ฌ เฌอ | โซฟา 3 ที่นั่ง ฮูก (Hook Sofa)   หนังแท้ (ออย)เลือกสีได้ | ขนาด W160 D89 H80 cm ราคา 84000 ลด 30% เหลือ 58800 ชำระเป็นเงินสด ลด on top เพิ่ม 10% เหลือ 52920 ภายใน เดือนกันยายน 2569 และส่วนลดเพิ่มเติมตามโปรฯ ได้ที่ https://chawcher.com/category/promotion/,ฌ เฌอ,โซฟา,3 ที่นั่ง,ฮูก,(Hook Sofa),,,หนังแท้ (ออย),เลือกสีได้,W160,D89,H80,cm,xxxxxxxx,B 84000.00,30%,B 58800.00,10%,B 52920.00
ฌ เฌอ | โซฟา 3 ที่นั่ง ฮูก (Hook Sofa)   หนังแท้เลือกสีได้ | ขนาด W160 D89 H80 cm,ฌ เฌอ | โซฟา 3 ที่นั่ง ฮูก (Hook Sofa)   หนังแท้เลือกสีได้ | ขนาด W160 D89 H80 cm ราคา 74700 ลด 30% เหลือ 52290 ชำระเป็นเงินสด ลด on top เพิ่ม 10% เหลือ 47061 ภายใน เดือนกันยายน 2569 และส่วนลดเพิ่มเติมตามโปรฯ ได้ที่ https://chawcher.com/category/promotion/,ฌ เฌอ,โซฟา,3 ที่นั่ง,ฮูก,(Hook Sofa),,,หนังแท้,เลือกสีได้,W160,D89,H80,cm,10131729,B 74700.00,30%,B 52290.00,10%,B 47061.00
ฌ เฌอ | โซฟา 3RT (170) ฟีนิกซ์ (Phoenix Sofa)   ผ้า B เลือกสีได้ | ขนาด W170 D96 H85 ,ฌ เฌอ | โซฟา 3RT (170) ฟีนิกซ์ (Phoenix Sofa)   ผ้า B เลือกสีได้ | ขนาด W170 D96 H85  ราคา 98000 ลด 40% เหลือ 58800 ชำระเป็นเงินสด ลด on top เพิ่ม 10% เหลือ 52920 ภายใน เดือนกันยายน 2569 และส่วนลดเพิ่มเติมตามโปรฯ ได้ที่ https://chawcher.com/category/promotion/,ฌ เฌอ,โซฟา,3RT (170),ฟีนิกซ์,(Phoenix Sofa),,,ผ้า B ,เลือกสีได้,W170,D96,H85,,,B 98000.00,40%,B 58800.00,10%,B 52920.00
ฌ เฌอ | โซฟา 3RT (170) ฟีนิกซ์ (Phoenix Sofa)   ผ้า C เลือกสีได้ | ขนาด W170 D96 H85 ,ฌ เฌอ | โซฟา 3RT (170) ฟีนิกซ์ (Phoenix Sofa)   ผ้า C เลือกสีได้ | ขนาด W170 D96 H85  ราคา 112600 ลด 40% เหลือ 67560 ชำระเป็นเงินสด ลด on top เพิ่ม 10% เหลือ 60804 ภายใน เดือนกันยายน 2569 และส่วนลดเพิ่มเติมตามโปรฯ ได้ที่ https://chawcher.com/category/promotion/,ฌ เฌอ,โซฟา,3RT (170),ฟีนิกซ์,(Phoenix Sofa),,,ผ้า C ,เลือกสีได้,W170,D96,H85,,,B 112600.00,40%,B 67560.00,10%,B 60804.00
ฌ เฌอ | โซฟา 3RT (170) ฟีนิกซ์ (Phoenix Sofa)   หนังแท้ (ออย)เลือกสีได้ | ขนาด W170 D96 H85 ,ฌ เฌอ | โซฟา 3RT (170) ฟีนิกซ์ (Phoenix Sofa)   หนังแท้ (ออย)เลือกสีได้ | ขนาด W170 D96 H85  ราคา 169200 ลด 40% เหลือ 101520 ชำระเป็นเงินสด ลด on top เพิ่ม 10% เหลือ 91368 ภายใน เดือนกันยายน 2569 และส่วนลดเพิ่มเติมตามโปรฯ ได้ที่ https://chawcher.com/category/promotion/,ฌ เฌอ,โซฟา,3RT (170),ฟีนิกซ์,(Phoenix Sofa),,,หนังแท้ (ออย),เลือกสีได้,W170,D96,H85,,,B 169200.00,40%,B 101520.00,10%,B 91368.00
ฌ เฌอ | โซฟา 3RT (170) ฟีนิกซ์ (Phoenix Sofa)   หนังแท้เลือกสีได้ | ขนาด W170 D96 H85 ,ฌ เฌอ | โซฟา 3RT (170) ฟีนิกซ์ (Phoenix Sofa)   หนังแท้เลือกสีได้ | ขนาด W170 D96 H85  ราคา 143900 ลด 40% เหลือ 86340 ชำระเป็นเงินสด ลด on top เพิ่ม 10% เหลือ 77706 ภายใน เดือนกันยายน 2569 และส่วนลดเพิ่มเติมตามโปรฯ ได้ที่ https://chawcher.com/category/promotion/,ฌ เฌอ,โซฟา,3RT (170),ฟีนิกซ์,(Phoenix Sofa),,,หนังแท้,เลือกสีได้,W170,D96,H85,,,B 143900.00,40%,B 86340.00,10%,B 77706.00
ฌ เฌอ | โซฟา 3RT (190) ฟีนิกซ์ (Phoenix Sofa)   ผ้า A เลือกสีได้ | ขนาด W190 D96 H85 ,ฌ เฌอ | โซฟา 3RT (190) ฟีนิกซ์ (Phoenix Sofa)   ผ้า A เลือกสีได้ | ขนาด W190 D96 H85  ราคา 95400 ลด 40% เหลือ 57240 ชำระเป็นเงินสด ลด on top เพิ่ม 10% เหลือ 51516 ภายใน เดือนกันยายน 2569 และส่วนลดเพิ่มเติมตามโปรฯ ได้ที่ https://chawcher.com/category/promotion/,ฌ เฌอ,โซฟา,3RT (190),ฟีนิกซ์,(Phoenix Sofa),,,ผ้า A ,เลือกสีได้,W190,D96,H85,,,B 95400.00,40%,B 57240.00,10%,B 51516.00
ฌ เฌอ | โซฟา 3RT (190) ฟีนิกซ์ (Phoenix Sofa)   ผ้า B เลือกสีได้ | ขนาด W190 D96 H85 ,ฌ เฌอ | โซฟา 3RT (190) ฟีนิกซ์ (Phoenix Sofa)   ผ้า B เลือกสีได้ | ขนาด W190 D96 H85  ราคา 110000 ลด 40% เหลือ 66000 ชำระเป็นเงินสด ลด on top เพิ่ม 10% เหลือ 59400 ภายใน เดือนกันยายน 2569 และส่วนลดเพิ่มเติมตามโปรฯ ได้ที่ https://chawcher.com/category/promotion/,ฌ เฌอ,โซฟา,3RT (190),ฟีนิกซ์,(Phoenix Sofa),,,ผ้า B ,เลือกสีได้,W190,D96,H85,,,B 110000.00,40%,B 66000.00,10%,B 59400.00
ฌ เฌอ | โซฟา 3RT (190) ฟีนิกซ์ (Phoenix Sofa)   ผ้า C เลือกสีได้ | ขนาด W190 D96 H85 ,ฌ เฌอ | โซฟา 3RT (190) ฟีนิกซ์ (Phoenix Sofa)   ผ้า C เลือกสีได้ | ขนาด W190 D96 H85  ราคา 123700 ลด 40% เหลือ 74220 ชำระเป็นเงินสด ลด on top เพิ่ม 10% เหลือ 66798 ภายใน เดือนกันยายน 2569 และส่วนลดเพิ่มเติมตามโปรฯ ได้ที่ https://chawcher.com/category/promotion/,ฌ เฌอ,โซฟา,3RT (190),ฟีนิกซ์,(Phoenix Sofa),,,ผ้า C ,เลือกสีได้,W190,D96,H85,,,B 123700.00,40%,B 74220.00,10%,B 66798.00
ฌ เฌอ | โซฟา 3RT (190) ฟีนิกซ์ (Phoenix Sofa)   หนังแท้ (ออย)เลือกสีได้ | ขนาด W190 D96 H85 ,ฌ เฌอ | โซฟา 3RT (190) ฟีนิกซ์ (Phoenix Sofa)   หนังแท้ (ออย)เลือกสีได้ | ขนาด W190 D96 H85  ราคา 186700 ลด 40% เหลือ 112020 ชำระเป็นเงินสด ลด on top เพิ่ม 10% เหลือ 100818 ภายใน เดือนกันยายน 2569 และส่วนลดเพิ่มเติมตามโปรฯ ได้ที่ https://chawcher.com/category/promotion/,ฌ เฌอ,โซฟา,3RT (190),ฟีนิกซ์,(Phoenix Sofa),,,หนังแท้ (ออย),เลือกสีได้,W190,D96,H85,,,B 186700.00,40%,B 112020.00,10%,B 100818.00
ฌ เฌอ | โซฟา 3RT (190) ฟีนิกซ์ (Phoenix Sofa)   หนังแท้เลือกสีได้ | ขนาด W190 D96 H85 ,ฌ เฌอ | โซฟา 3RT (190) ฟีนิกซ์ (Phoenix Sofa)   หนังแท้เลือกสีได้ | ขนาด W190 D96 H85  ราคา 158700 ลด 40% เหลือ 95220 ชำระเป็นเงินสด ลด on top เพิ่ม 10% เหลือ 85698 ภายใน เดือนกันยายน 2569 และส่วนลดเพิ่มเติมตามโปรฯ ได้ที่ https://chawcher.com/category/promotion/,ฌ เฌอ,โซฟา,3RT (190),ฟีนิกซ์,(Phoenix Sofa),,,หนังแท้,เลือกสีได้,W190,D96,H85,,,B 158700.00,40%,B 95220.00,10%,B 85698.00
ฌ เฌอ | โซฟา 3RT (210) ฟีนิกซ์ (Phoenix Sofa)   ผ้า A เลือกสีได้ | ขนาด W210 D96 H85 ,ฌ เฌอ | โซฟา 3RT (210) ฟีนิกซ์ (Phoenix Sofa)   ผ้า A เลือกสีได้ | ขนาด W210 D96 H85  ราคา 103900 ลด 40% เหลือ 62340 ชำระเป็นเงินสด ลด on top เพิ่ม 10% เหลือ 56106 ภายใน เดือนกันยายน 2569 และส่วนลดเพิ่มเติมตามโปรฯ ได้ที่ https://chawcher.com/category/promotion/,ฌ เฌอ,โซฟา,3RT (210),ฟีนิกซ์,(Phoenix Sofa),,,ผ้า A ,เลือกสีได้,W210,D96,H85,,,B 103900.00,40%,B 62340.00,10%,B 56106.00
ฌ เฌอ | โซฟา 3RT (210) ฟีนิกซ์ (Phoenix Sofa)   ผ้า B เลือกสีได้ | ขนาด W210 D96 H85 ,ฌ เฌอ | โซฟา 3RT (210) ฟีนิกซ์ (Phoenix Sofa)   ผ้า B เลือกสีได้ | ขนาด W210 D96 H85  ราคา 118000 ลด 40% เหลือ 70800 ชำระเป็นเงินสด ลด on top เพิ่ม 10% เหลือ 63720 ภายใน เดือนกันยายน 2569 และส่วนลดเพิ่มเติมตามโปรฯ ได้ที่ https://chawcher.com/category/promotion/,ฌ เฌอ,โซฟา,3RT (210),ฟีนิกซ์,(Phoenix Sofa),,,ผ้า B ,เลือกสีได้,W210,D96,H85,,,B 118000.00,40%,B 70800.00,10%,B 63720.00
ฌ เฌอ | โซฟา 3RT (210) ฟีนิกซ์ (Phoenix Sofa)   ผ้า C เลือกสีได้ | ขนาด W210 D96 H85 ,ฌ เฌอ | โซฟา 3RT (210) ฟีนิกซ์ (Phoenix Sofa)   ผ้า C เลือกสีได้ | ขนาด W210 D96 H85  ราคา 134800 ลด 40% เหลือ 80880 ชำระเป็นเงินสด ลด on top เพิ่ม 10% เหลือ 72792 ภายใน เดือนกันยายน 2569 และส่วนลดเพิ่มเติมตามโปรฯ ได้ที่ https://chawcher.com/category/promotion/,ฌ เฌอ,โซฟา,3RT (210),ฟีนิกซ์,(Phoenix Sofa),,,ผ้า C ,เลือกสีได้,W210,D96,H85,,,B 134800.00,40%,B 80880.00,10%,B 72792.00
ฌ เฌอ | โซฟา 3RT (210) ฟีนิกซ์ (Phoenix Sofa)   หนังแท้ (ออย)เลือกสีได้ | ขนาด W210 D96 H85 ,ฌ เฌอ | โซฟา 3RT (210) ฟีนิกซ์ (Phoenix Sofa)   หนังแท้ (ออย)เลือกสีได้ | ขนาด W210 D96 H85  ราคา 204200 ลด 40% เหลือ 122520 ชำระเป็นเงินสด ลด on top เพิ่ม 10% เหลือ 110268 ภายใน เดือนกันยายน 2569 และส่วนลดเพิ่มเติมตามโปรฯ ได้ที่ https://chawcher.com/category/promotion/,ฌ เฌอ,โซฟา,3RT (210),ฟีนิกซ์,(Phoenix Sofa),,,หนังแท้ (ออย),เลือกสีได้,W210,D96,H85,,,B 204200.00,40%,B 122520.00,10%,B 110268.00
ฌ เฌอ | โซฟา 3RT (210) ฟีนิกซ์ (Phoenix Sofa)   หนังแท้เลือกสีได้ | ขนาด W210 D96 H85 ,ฌ เฌอ | โซฟา 3RT (210) ฟีนิกซ์ (Phoenix Sofa)   หนังแท้เลือกสีได้ | ขนาด W210 D96 H85  ราคา 173700 ลด 40% เหลือ 104220 ชำระเป็นเงินสด ลด on top เพิ่ม 10% เหลือ 93798 ภายใน เดือนกันยายน 2569 และส่วนลดเพิ่มเติมตามโปรฯ ได้ที่ https://chawcher.com/category/promotion/,ฌ เฌอ,โซฟา,3RT (210),ฟีนิกซ์,(Phoenix Sofa),,,หนังแท้,เลือกสีได้,W210,D96,H85,,,B 173700.00,40%,B 104220.00,10%,B 93798.00
ฌ เฌอ | โซฟา 3RT (230) ฟีนิกซ์ (Phoenix Sofa)   ผ้า A เลือกสีได้ | ขนาด W230 D96 H85 ,ฌ เฌอ | โซฟา 3RT (230) ฟีนิกซ์ (Phoenix Sofa)   ผ้า A เลือกสีได้ | ขนาด W230 D96 H85  ราคา 112400 ลด 40% เหลือ 67440 ชำระเป็นเงินสด ลด on top เพิ่ม 10% เหลือ 60696 ภายใน เดือนกันยายน 2569 และส่วนลดเพิ่มเติมตามโปรฯ ได้ที่ https://chawcher.com/category/promotion/,ฌ เฌอ,โซฟา,3RT (230),ฟีนิกซ์,(Phoenix Sofa),,,ผ้า A ,เลือกสีได้,W230,D96,H85,,,B 112400.00,40%,B 67440.00,10%,B 60696.00
ฌ เฌอ | โซฟา 3RT (230) ฟีนิกซ์ (Phoenix Sofa)   ผ้า B เลือกสีได้ | ขนาด W230 D96 H85 ,ฌ เฌอ | โซฟา 3RT (230) ฟีนิกซ์ (Phoenix Sofa)   ผ้า B เลือกสีได้ | ขนาด W230 D96 H85  ราคา 128000 ลด 40% เหลือ 76800 ชำระเป็นเงินสด ลด on top เพิ่ม 10% เหลือ 69120 ภายใน เดือนกันยายน 2569 และส่วนลดเพิ่มเติมตามโปรฯ ได้ที่ https://chawcher.com/category/promotion/,ฌ เฌอ,โซฟา,3RT (230),ฟีนิกซ์,(Phoenix Sofa),,,ผ้า B ,เลือกสีได้,W230,D96,H85,,,B 128000.00,40%,B 76800.00,10%,B 69120.00
ฌ เฌอ | โซฟา 3RT (230) ฟีนิกซ์ (Phoenix Sofa)   ผ้า C เลือกสีได้ | ขนาด W230 D96 H85 ,ฌ เฌอ | โซฟา 3RT (230) ฟีนิกซ์ (Phoenix Sofa)   ผ้า C เลือกสีได้ | ขนาด W230 D96 H85  ราคา 145900 ลด 40% เหลือ 87540 ชำระเป็นเงินสด ลด on top เพิ่ม 10% เหลือ 78786 ภายใน เดือนกันยายน 2569 และส่วนลดเพิ่มเติมตามโปรฯ ได้ที่ https://chawcher.com/category/promotion/,ฌ เฌอ,โซฟา,3RT (230),ฟีนิกซ์,(Phoenix Sofa),,,ผ้า C ,เลือกสีได้,W230,D96,H85,,,B 145900.00,40%,B 87540.00,10%,B 78786.00
ฌ เฌอ | โซฟา 3RT (230) ฟีนิกซ์ (Phoenix Sofa)   หนังแท้ (ออย)เลือกสีได้ | ขนาด W230 D96 H85 ,ฌ เฌอ | โซฟา 3RT (230) ฟีนิกซ์ (Phoenix Sofa)   หนังแท้ (ออย)เลือกสีได้ | ขนาด W230 D96 H85  ราคา 220500 ลด 40% เหลือ 132300 ชำระเป็นเงินสด ลด on top เพิ่ม 10% เหลือ 119070 ภายใน เดือนกันยายน 2569 และส่วนลดเพิ่มเติมตามโปรฯ ได้ที่ https://chawcher.com/category/promotion/,ฌ เฌอ,โซฟา,3RT (230),ฟีนิกซ์,(Phoenix Sofa),,,หนังแท้ (ออย),เลือกสีได้,W230,D96,H85,,,B 220500.00,40%,B 132300.00,10%,B 119070.00
ฌ เฌอ | โซฟา 3RT (230) ฟีนิกซ์ (Phoenix Sofa)   หนังแท้เลือกสีได้ | ขนาด W230 D96 H85 ,ฌ เฌอ | โซฟา 3RT (230) ฟีนิกซ์ (Phoenix Sofa)   หนังแท้เลือกสีได้ | ขนาด W230 D96 H85  ราคา 187500 ลด 40% เหลือ 112500 ชำระเป็นเงินสด ลด on top เพิ่ม 10% เหลือ 101250 ภายใน เดือนกันยายน 2569 และส่วนลดเพิ่มเติมตามโปรฯ ได้ที่ https://chawcher.com/category/promotion/,ฌ เฌอ,โซฟา,3RT (230),ฟีนิกซ์,(Phoenix Sofa),,,หนังแท้,เลือกสีได้,W230,D96,H85,,,B 187500.00,40%,B 112500.00,10%,B 101250.00
ฌ เฌอ | โซฟา 3RT (250) ฟีนิกซ์ (Phoenix Sofa)   ผ้า A เลือกสีได้ | ขนาด W250 D96 H85 ,ฌ เฌอ | โซฟา 3RT (250) ฟีนิกซ์ (Phoenix Sofa)   ผ้า A เลือกสีได้ | ขนาด W250 D96 H85  ราคา 120900 ลด 40% เหลือ 72540 ชำระเป็นเงินสด ลด on top เพิ่ม 10% เหลือ 65286 ภายใน เดือนกันยายน 2569 และส่วนลดเพิ่มเติมตามโปรฯ ได้ที่ https://chawcher.com/category/promotion/,ฌ เฌอ,โซฟา,3RT (250),ฟีนิกซ์,(Phoenix Sofa),,,ผ้า A ,เลือกสีได้,W250,D96,H85,,,B 120900.00,40%,B 72540.00,10%,B 65286.00
ฌ เฌอ | โซฟา 3RT (250) ฟีนิกซ์ (Phoenix Sofa)   ผ้า B เลือกสีได้ | ขนาด W250 D96 H85 ,ฌ เฌอ | โซฟา 3RT (250) ฟีนิกซ์ (Phoenix Sofa)   ผ้า B เลือกสีได้ | ขนาด W250 D96 H85  ราคา 135000 ลด 40% เหลือ 81000 ชำระเป็นเงินสด ลด on top เพิ่ม 10% เหลือ 72900 ภายใน เดือนกันยายน 2569 และส่วนลดเพิ่มเติมตามโปรฯ ได้ที่ https://chawcher.com/category/promotion/,ฌ เฌอ,โซฟา,3RT (250),ฟีนิกซ์,(Phoenix Sofa),,,ผ้า B ,เลือกสีได้,W250,D96,H85,,,B 135000.00,40%,B 81000.00,10%,B 72900.00
ฌ เฌอ | โซฟา 3RT (250) ฟีนิกซ์ (Phoenix Sofa)   ผ้า C เลือกสีได้ | ขนาด W250 D96 H85 ,ฌ เฌอ | โซฟา 3RT (250) ฟีนิกซ์ (Phoenix Sofa)   ผ้า C เลือกสีได้ | ขนาด W250 D96 H85  ราคา 157000 ลด 40% เหลือ 94200 ชำระเป็นเงินสด ลด on top เพิ่ม 10% เหลือ 84780 ภายใน เดือนกันยายน 2569 และส่วนลดเพิ่มเติมตามโปรฯ ได้ที่ https://chawcher.com/category/promotion/,ฌ เฌอ,โซฟา,3RT (250),ฟีนิกซ์,(Phoenix Sofa),,,ผ้า C ,เลือกสีได้,W250,D96,H85,,,B 157000.00,40%,B 94200.00,10%,B 84780.00
ฌ เฌอ | โซฟา 3RT (250) ฟีนิกซ์ (Phoenix Sofa)   หนังแท้ (ออย)เลือกสีได้ | ขนาด W250 D96 H85 ,ฌ เฌอ | โซฟา 3RT (250) ฟีนิกซ์ (Phoenix Sofa)   หนังแท้ (ออย)เลือกสีได้ | ขนาด W250 D96 H85  ราคา 237500 ลด 40% เหลือ 142500 ชำระเป็นเงินสด ลด on top เพิ่ม 10% เหลือ 128250 ภายใน เดือนกันยายน 2569 และส่วนลดเพิ่มเติมตามโปรฯ ได้ที่ https://chawcher.com/category/promotion/,ฌ เฌอ,โซฟา,3RT (250),ฟีนิกซ์,(Phoenix Sofa),,,หนังแท้ (ออย),เลือกสีได้,W250,D96,H85,,,B 237500.00,40%,B 142500.00,10%,B 128250.00
ฌ เฌอ | โซฟา 3RT (250) ฟีนิกซ์ (Phoenix Sofa)   หนังแท้เลือกสีได้ | ขนาด W250 D96 H85 ,ฌ เฌอ | โซฟา 3RT (250) ฟีนิกซ์ (Phoenix Sofa)   หนังแท้เลือกสีได้ | ขนาด W250 D96 H85  ราคา 201900 ลด 40% เหลือ 121140 ชำระเป็นเงินสด ลด on top เพิ่ม 10% เหลือ 109026 ภายใน เดือนกันยายน 2569 และส่วนลดเพิ่มเติมตามโปรฯ ได้ที่ https://chawcher.com/category/promotion/,ฌ เฌอ,โซฟา,3RT (250),ฟีนิกซ์,(Phoenix Sofa),,,หนังแท้,เลือกสีได้,W250,D96,H85,,,B 201900.00,40%,B 121140.00,10%,B 109026.00
ฌ เฌอ | โซฟา 3RT (270) ฟีนิกซ์ (Phoenix Sofa)   ผ้า A เลือกสีได้ | ขนาด W270 D96 H85 ,ฌ เฌอ | โซฟา 3RT (270) ฟีนิกซ์ (Phoenix Sofa)   ผ้า A เลือกสีได้ | ขนาด W270 D96 H85  ราคา 129400 ลด 40% เหลือ 77640 ชำระเป็นเงินสด ลด on top เพิ่ม 10% เหลือ 69876 ภายใน เดือนกันยายน 2569 และส่วนลดเพิ่มเติมตามโปรฯ ได้ที่ https://chawcher.com/category/promotion/,ฌ เฌอ,โซฟา,3RT (270),ฟีนิกซ์,(Phoenix Sofa),,,ผ้า A ,เลือกสีได้,W270,D96,H85,,,B 129400.00,40%,B 77640.00,10%,B 69876.00
ฌ เฌอ | โซฟา 3RT (270) ฟีนิกซ์ (Phoenix Sofa)   ผ้า B เลือกสีได้ | ขนาด W270 D96 H85 ,ฌ เฌอ | โซฟา 3RT (270) ฟีนิกซ์ (Phoenix Sofa)   ผ้า B เลือกสีได้ | ขนาด W270 D96 H85  ราคา 145000 ลด 40% เหลือ 87000 ชำระเป็นเงินสด ลด on top เพิ่ม 10% เหลือ 78300 ภายใน เดือนกันยายน 2569 และส่วนลดเพิ่มเติมตามโปรฯ ได้ที่ https://chawcher.com/category/promotion/,ฌ เฌอ,โซฟา,3RT (270),ฟีนิกซ์,(Phoenix Sofa),,,ผ้า B ,เลือกสีได้,W270,D96,H85,,,B 145000.00,40%,B 87000.00,10%,B 78300.00
ฌ เฌอ | โซฟา 3RT (270) ฟีนิกซ์ (Phoenix Sofa)   ผ้า C เลือกสีได้ | ขนาด W270 D96 H85 ,ฌ เฌอ | โซฟา 3RT (270) ฟีนิกซ์ (Phoenix Sofa)   ผ้า C เลือกสีได้ | ขนาด W270 D96 H85  ราคา 168000 ลด 40% เหลือ 100800 ชำระเป็นเงินสด ลด on top เพิ่ม 10% เหลือ 90720 ภายใน เดือนกันยายน 2569 และส่วนลดเพิ่มเติมตามโปรฯ ได้ที่ https://chawcher.com/category/promotion/,ฌ เฌอ,โซฟา,3RT (270),ฟีนิกซ์,(Phoenix Sofa),,,ผ้า C ,เลือกสีได้,W270,D96,H85,,,B 168000.00,40%,B 100800.00,10%,B 90720.00
ฌ เฌอ | โซฟา 3RT (270) ฟีนิกซ์ (Phoenix Sofa)   หนังแท้ (ออย)เลือกสีได้ | ขนาด W270 D96 H85 ,ฌ เฌอ | โซฟา 3RT (270) ฟีนิกซ์ (Phoenix Sofa)   หนังแท้ (ออย)เลือกสีได้ | ขนาด W270 D96 H85  ราคา 254400 ลด 40% เหลือ 152640 ชำระเป็นเงินสด ลด on top เพิ่ม 10% เหลือ 137376 ภายใน เดือนกันยายน 2569 และส่วนลดเพิ่มเติมตามโปรฯ ได้ที่ https://chawcher.com/category/promotion/,ฌ เฌอ,โซฟา,3RT (270),ฟีนิกซ์,(Phoenix Sofa),,,หนังแท้ (ออย),เลือกสีได้,W270,D96,H85,,,B 254400.00,40%,B 152640.00,10%,B 137376.00
ฌ เฌอ | โซฟา 3RT (270) ฟีนิกซ์ (Phoenix Sofa)   หนังแท้เลือกสีได้ | ขนาด W270 D96 H85 ,ฌ เฌอ | โซฟา 3RT (270) ฟีนิกซ์ (Phoenix Sofa)   หนังแท้เลือกสีได้ | ขนาด W270 D96 H85  ราคา 216200 ลด 40% เหลือ 129720 ชำระเป็นเงินสด ลด on top เพิ่ม 10% เหลือ 116748 ภายใน เดือนกันยายน 2569 และส่วนลดเพิ่มเติมตามโปรฯ ได้ที่ https://chawcher.com/category/promotion/,ฌ เฌอ,โซฟา,3RT (270),ฟีนิกซ์,(Phoenix Sofa),,,หนังแท้,เลือกสีได้,W270,D96,H85,,,B 216200.00,40%,B 129720.00,10%,B 116748.00
ฌ เฌอ | โซฟา 3S (150) ฟีนิกซ์ (Phoenix Sofa)   ผ้า A เลือกสีได้ | ขนาด W150 D96 H85 ,ฌ เฌอ | โซฟา 3S (150) ฟีนิกซ์ (Phoenix Sofa)   ผ้า A เลือกสีได้ | ขนาด W150 D96 H85  ราคา 73700 ลด 40% เหลือ 44220 ชำระเป็นเงินสด ลด on top เพิ่ม 10% เหลือ 39798 ภายใน เดือนกันยายน 2569 และส่วนลดเพิ่มเติมตามโปรฯ ได้ที่ https://chawcher.com/category/promotion/,ฌ เฌอ,โซฟา,3S (150),ฟีนิกซ์,(Phoenix Sofa),,,ผ้า A ,เลือกสีได้,W150,D96,H85,,,B 73700.00,40%,B 44220.00,10%,B 39798.00
ฌ เฌอ | โซฟา 3S (150) ฟีนิกซ์ (Phoenix Sofa)   ผ้า B เลือกสีได้ | ขนาด W150 D96 H85 ,ฌ เฌอ | โซฟา 3S (150) ฟีนิกซ์ (Phoenix Sofa)   ผ้า B เลือกสีได้ | ขนาด W150 D96 H85  ราคา 84000 ลด 40% เหลือ 50400 ชำระเป็นเงินสด ลด on top เพิ่ม 10% เหลือ 45360 ภายใน เดือนกันยายน 2569 และส่วนลดเพิ่มเติมตามโปรฯ ได้ที่ https://chawcher.com/category/promotion/,ฌ เฌอ,โซฟา,3S (150),ฟีนิกซ์,(Phoenix Sofa),,,ผ้า B ,เลือกสีได้,W150,D96,H85,,,B 84000.00,40%,B 50400.00,10%,B 45360.00
ฌ เฌอ | โซฟา 3S (150) ฟีนิกซ์ (Phoenix Sofa)   ผ้า C เลือกสีได้ | ขนาด W150 D96 H85 ,ฌ เฌอ | โซฟา 3S (150) ฟีนิกซ์ (Phoenix Sofa)   ผ้า C เลือกสีได้ | ขนาด W150 D96 H85  ราคา 95700 ลด 40% เหลือ 57420 ชำระเป็นเงินสด ลด on top เพิ่ม 10% เหลือ 51678 ภายใน เดือนกันยายน 2569 และส่วนลดเพิ่มเติมตามโปรฯ ได้ที่ https://chawcher.com/category/promotion/,ฌ เฌอ,โซฟา,3S (150),ฟีนิกซ์,(Phoenix Sofa),,,ผ้า C ,เลือกสีได้,W150,D96,H85,,,B 95700.00,40%,B 57420.00,10%,B 51678.00
ฌ เฌอ | โซฟา 3S (150) ฟีนิกซ์ (Phoenix Sofa)   หนังแท้ (ออย)เลือกสีได้ | ขนาด W150 D96 H85 ,ฌ เฌอ | โซฟา 3S (150) ฟีนิกซ์ (Phoenix Sofa)   หนังแท้ (ออย)เลือกสีได้ | ขนาด W150 D96 H85  ราคา 143000 ลด 40% เหลือ 85800 ชำระเป็นเงินสด ลด on top เพิ่ม 10% เหลือ 77220 ภายใน เดือนกันยายน 2569 และส่วนลดเพิ่มเติมตามโปรฯ ได้ที่ https://chawcher.com/category/promotion/,ฌ เฌอ,โซฟา,3S (150),ฟีนิกซ์,(Phoenix Sofa),,,หนังแท้ (ออย),เลือกสีได้,W150,D96,H85,,,B 143000.00,40%,B 85800.00,10%,B 77220.00
ฌ เฌอ | โซฟา 3S (150) ฟีนิกซ์ (Phoenix Sofa)   หนังแท้เลือกสีได้ | ขนาด W150 D96 H85 ,ฌ เฌอ | โซฟา 3S (150) ฟีนิกซ์ (Phoenix Sofa)   หนังแท้เลือกสีได้ | ขนาด W150 D96 H85  ราคา 121500 ลด 40% เหลือ 72900 ชำระเป็นเงินสด ลด on top เพิ่ม 10% เหลือ 65610 ภายใน เดือนกันยายน 2569 และส่วนลดเพิ่มเติมตามโปรฯ ได้ที่ https://chawcher.com/category/promotion/,ฌ เฌอ,โซฟา,3S (150),ฟีนิกซ์,(Phoenix Sofa),,,หนังแท้,เลือกสีได้,W150,D96,H85,,,B 121500.00,40%,B 72900.00,10%,B 65610.00
ฌ เฌอ | โซฟา 3S (170) ฟีนิกซ์ (Phoenix Sofa)   ผ้า A เลือกสีได้ | ขนาด W170 D96 H85 ,ฌ เฌอ | โซฟา 3S (170) ฟีนิกซ์ (Phoenix Sofa)   ผ้า A เลือกสีได้ | ขนาด W170 D96 H85  ราคา 81400 ลด 40% เหลือ 48840 ชำระเป็นเงินสด ลด on top เพิ่ม 10% เหลือ 43956 ภายใน เดือนกันยายน 2569 และส่วนลดเพิ่มเติมตามโปรฯ ได้ที่ https://chawcher.com/category/promotion/,ฌ เฌอ,โซฟา,3S (170),ฟีนิกซ์,(Phoenix Sofa),,,ผ้า A ,เลือกสีได้,W170,D96,H85,,,B 81400.00,40%,B 48840.00,10%,B 43956.00
ฌ เฌอ | โซฟา 3S (170) ฟีนิกซ์ (Phoenix Sofa)   ผ้า B เลือกสีได้ | ขนาด W170 D96 H85 ,ฌ เฌอ | โซฟา 3S (170) ฟีนิกซ์ (Phoenix Sofa)   ผ้า B เลือกสีได้ | ขนาด W170 D96 H85  ราคา 92000 ลด 40% เหลือ 55200 ชำระเป็นเงินสด ลด on top เพิ่ม 10% เหลือ 49680 ภายใน เดือนกันยายน 2569 และส่วนลดเพิ่มเติมตามโปรฯ ได้ที่ https://chawcher.com/category/promotion/,ฌ เฌอ,โซฟา,3S (170),ฟีนิกซ์,(Phoenix Sofa),,,ผ้า B ,เลือกสีได้,W170,D96,H85,,,B 92000.00,40%,B 55200.00,10%,B 49680.00
ฌ เฌอ | โซฟา 3S (170) ฟีนิกซ์ (Phoenix Sofa)   ผ้า C เลือกสีได้ | ขนาด W170 D96 H85 ,ฌ เฌอ | โซฟา 3S (170) ฟีนิกซ์ (Phoenix Sofa)   ผ้า C เลือกสีได้ | ขนาด W170 D96 H85  ราคา 106800 ลด 40% เหลือ 64080 ชำระเป็นเงินสด ลด on top เพิ่ม 10% เหลือ 57672 ภายใน เดือนกันยายน 2569 และส่วนลดเพิ่มเติมตามโปรฯ ได้ที่ https://chawcher.com/category/promotion/,ฌ เฌอ,โซฟา,3S (170),ฟีนิกซ์,(Phoenix Sofa),,,ผ้า C ,เลือกสีได้,W170,D96,H85,,,B 106800.00,40%,B 64080.00,10%,B 57672.00
ฌ เฌอ | โซฟา 3S (170) ฟีนิกซ์ (Phoenix Sofa)   หนังแท้ (ออย)เลือกสีได้ | ขนาด W170 D96 H85 ,ฌ เฌอ | โซฟา 3S (170) ฟีนิกซ์ (Phoenix Sofa)   หนังแท้ (ออย)เลือกสีได้ | ขนาด W170 D96 H85  ราคา 160500 ลด 40% เหลือ 96300 ชำระเป็นเงินสด ลด on top เพิ่ม 10% เหลือ 86670 ภายใน เดือนกันยายน 2569 และส่วนลดเพิ่มเติมตามโปรฯ ได้ที่ https://chawcher.com/category/promotion/,ฌ เฌอ,โซฟา,3S (170),ฟีนิกซ์,(Phoenix Sofa),,,หนังแท้ (ออย),เลือกสีได้,W170,D96,H85,,,B 160500.00,40%,B 96300.00,10%,B 86670.00
ฌ เฌอ | โซฟา 3S (170) ฟีนิกซ์ (Phoenix Sofa)   หนังแท้เลือกสีได้ | ขนาด W170 D96 H85 ,ฌ เฌอ | โซฟา 3S (170) ฟีนิกซ์ (Phoenix Sofa)   หนังแท้เลือกสีได้ | ขนาด W170 D96 H85  ราคา 136500 ลด 40% เหลือ 81900 ชำระเป็นเงินสด ลด on top เพิ่ม 10% เหลือ 73710 ภายใน เดือนกันยายน 2569 และส่วนลดเพิ่มเติมตามโปรฯ ได้ที่ https://chawcher.com/category/promotion/,ฌ เฌอ,โซฟา,3S (170),ฟีนิกซ์,(Phoenix Sofa),,,หนังแท้,เลือกสีได้,W170,D96,H85,,,B 136500.00,40%,B 81900.00,10%,B 73710.00
ฌ เฌอ | โซฟา 3S (190) ฟีนิกซ์ (Phoenix Sofa)   ผ้า A เลือกสีได้ | ขนาด W190 D96 H85 ,ฌ เฌอ | โซฟา 3S (190) ฟีนิกซ์ (Phoenix Sofa)   ผ้า A เลือกสีได้ | ขนาด W190 D96 H85  ราคา 90900 ลด 40% เหลือ 54540 ชำระเป็นเงินสด ลด on top เพิ่ม 10% เหลือ 49086 ภายใน เดือนกันยายน 2569 และส่วนลดเพิ่มเติมตามโปรฯ ได้ที่ https://chawcher.com/category/promotion/,ฌ เฌอ,โซฟา,3S (190),ฟีนิกซ์,(Phoenix Sofa),,,ผ้า A ,เลือกสีได้,W190,D96,H85,,,B 90900.00,40%,B 54540.00,10%,B 49086.00
ฌ เฌอ | โซฟา 3S (190) ฟีนิกซ์ (Phoenix Sofa)   ผ้า B เลือกสีได้ | ขนาด W190 D96 H85 ,ฌ เฌอ | โซฟา 3S (190) ฟีนิกซ์ (Phoenix Sofa)   ผ้า B เลือกสีได้ | ขนาด W190 D96 H85  ราคา 100000 ลด 40% เหลือ 60000 ชำระเป็นเงินสด ลด on top เพิ่ม 10% เหลือ 54000 ภายใน เดือนกันยายน 2569 และส่วนลดเพิ่มเติมตามโปรฯ ได้ที่ https://chawcher.com/category/promotion/,ฌ เฌอ,โซฟา,3S (190),ฟีนิกซ์,(Phoenix Sofa),,,ผ้า B ,เลือกสีได้,W190,D96,H85,,,B 100000.00,40%,B 60000.00,10%,B 54000.00
ฌ เฌอ | โซฟา 3S (190) ฟีนิกซ์ (Phoenix Sofa)   ผ้า C เลือกสีได้ | ขนาด W190 D96 H85 ,ฌ เฌอ | โซฟา 3S (190) ฟีนิกซ์ (Phoenix Sofa)   ผ้า C เลือกสีได้ | ขนาด W190 D96 H85  ราคา 117900 ลด 40% เหลือ 70740 ชำระเป็นเงินสด ลด on top เพิ่ม 10% เหลือ 63666 ภายใน เดือนกันยายน 2569 และส่วนลดเพิ่มเติมตามโปรฯ ได้ที่ https://chawcher.com/category/promotion/,ฌ เฌอ,โซฟา,3S (190),ฟีนิกซ์,(Phoenix Sofa),,,ผ้า C ,เลือกสีได้,W190,D96,H85,,,B 117900.00,40%,B 70740.00,10%,B 63666.00
ฌ เฌอ | โซฟา 3S (190) ฟีนิกซ์ (Phoenix Sofa)   หนังแท้ (ออย)เลือกสีได้ | ขนาด W190 D96 H85 ,ฌ เฌอ | โซฟา 3S (190) ฟีนิกซ์ (Phoenix Sofa)   หนังแท้ (ออย)เลือกสีได้ | ขนาด W190 D96 H85  ราคา 178000 ลด 40% เหลือ 106800 ชำระเป็นเงินสด ลด on top เพิ่ม 10% เหลือ 96120 ภายใน เดือนกันยายน 2569 และส่วนลดเพิ่มเติมตามโปรฯ ได้ที่ https://chawcher.com/category/promotion/,ฌ เฌอ,โซฟา,3S (190),ฟีนิกซ์,(Phoenix Sofa),,,หนังแท้ (ออย),เลือกสีได้,W190,D96,H85,,,B 178000.00,40%,B 106800.00,10%,B 96120.00
ฌ เฌอ | โซฟา 3S (190) ฟีนิกซ์ (Phoenix Sofa)   หนังแท้เลือกสีได้ | ขนาด W190 D96 H85 ,ฌ เฌอ | โซฟา 3S (190) ฟีนิกซ์ (Phoenix Sofa)   หนังแท้เลือกสีได้ | ขนาด W190 D96 H85  ราคา 151400 ลด 40% เหลือ 90840 ชำระเป็นเงินสด ลด on top เพิ่ม 10% เหลือ 81756 ภายใน เดือนกันยายน 2569 และส่วนลดเพิ่มเติมตามโปรฯ ได้ที่ https://chawcher.com/category/promotion/,ฌ เฌอ,โซฟา,3S (190),ฟีนิกซ์,(Phoenix Sofa),,,หนังแท้,เลือกสีได้,W190,D96,H85,,,B 151400.00,40%,B 90840.00,10%,B 81756.00
ฌ เฌอ | โซฟา 3S (210) ฟีนิกซ์ (Phoenix Sofa)   ผ้า A เลือกสีได้ | ขนาด W210 D96 H85 ,ฌ เฌอ | โซฟา 3S (210) ฟีนิกซ์ (Phoenix Sofa)   ผ้า A เลือกสีได้ | ขนาด W210 D96 H85  ราคา 99400 ลด 40% เหลือ 59640 ชำระเป็นเงินสด ลด on top เพิ่ม 10% เหลือ 53676 ภายใน เดือนกันยายน 2569 และส่วนลดเพิ่มเติมตามโปรฯ ได้ที่ https://chawcher.com/category/promotion/,ฌ เฌอ,โซฟา,3S (210),ฟีนิกซ์,(Phoenix Sofa),,,ผ้า A ,เลือกสีได้,W210,D96,H85,,,B 99400.00,40%,B 59640.00,10%,B 53676.00
ฌ เฌอ | โซฟา 3S (210) ฟีนิกซ์ (Phoenix Sofa)   ผ้า B เลือกสีได้ | ขนาด W210 D96 H85 ,ฌ เฌอ | โซฟา 3S (210) ฟีนิกซ์ (Phoenix Sofa)   ผ้า B เลือกสีได้ | ขนาด W210 D96 H85  ราคา 115000 ลด 40% เหลือ 69000 ชำระเป็นเงินสด ลด on top เพิ่ม 10% เหลือ 62100 ภายใน เดือนกันยายน 2569 และส่วนลดเพิ่มเติมตามโปรฯ ได้ที่ https://chawcher.com/category/promotion/,ฌ เฌอ,โซฟา,3S (210),ฟีนิกซ์,(Phoenix Sofa),,,ผ้า B ,เลือกสีได้,W210,D96,H85,,,B 115000.00,40%,B 69000.00,10%,B 62100.00
ฌ เฌอ | โซฟา 3S (210) ฟีนิกซ์ (Phoenix Sofa)   ผ้า C เลือกสีได้ | ขนาด W210 D96 H85 ,ฌ เฌอ | โซฟา 3S (210) ฟีนิกซ์ (Phoenix Sofa)   ผ้า C เลือกสีได้ | ขนาด W210 D96 H85  ราคา 129000 ลด 40% เหลือ 77400 ชำระเป็นเงินสด ลด on top เพิ่ม 10% เหลือ 69660 ภายใน เดือนกันยายน 2569 และส่วนลดเพิ่มเติมตามโปรฯ ได้ที่ https://chawcher.com/category/promotion/,ฌ เฌอ,โซฟา,3S (210),ฟีนิกซ์,(Phoenix Sofa),,,ผ้า C ,เลือกสีได้,W210,D96,H85,,,B 129000.00,40%,B 77400.00,10%,B 69660.00
ฌ เฌอ | โซฟา 3S (210) ฟีนิกซ์ (Phoenix Sofa)   หนังแท้ (ออย)เลือกสีได้ | ขนาด W210 D96 H85 ,ฌ เฌอ | โซฟา 3S (210) ฟีนิกซ์ (Phoenix Sofa)   หนังแท้ (ออย)เลือกสีได้ | ขนาด W210 D96 H85  ราคา 195500 ลด 40% เหลือ 117300 ชำระเป็นเงินสด ลด on top เพิ่ม 10% เหลือ 105570 ภายใน เดือนกันยายน 2569 และส่วนลดเพิ่มเติมตามโปรฯ ได้ที่ https://chawcher.com/category/promotion/,ฌ เฌอ,โซฟา,3S (210),ฟีนิกซ์,(Phoenix Sofa),,,หนังแท้ (ออย),เลือกสีได้,W210,D96,H85,,,B 195500.00,40%,B 117300.00,10%,B 105570.00
ฌ เฌอ | โซฟา 3S (210) ฟีนิกซ์ (Phoenix Sofa)   หนังแท้เลือกสีได้ | ขนาด W210 D96 H85 ,ฌ เฌอ | โซฟา 3S (210) ฟีนิกซ์ (Phoenix Sofa)   หนังแท้เลือกสีได้ | ขนาด W210 D96 H85  ราคา 166200 ลด 40% เหลือ 99720 ชำระเป็นเงินสด ลด on top เพิ่ม 10% เหลือ 89748 ภายใน เดือนกันยายน 2569 และส่วนลดเพิ่มเติมตามโปรฯ ได้ที่ https://chawcher.com/category/promotion/,ฌ เฌอ,โซฟา,3S (210),ฟีนิกซ์,(Phoenix Sofa),,,หนังแท้,เลือกสีได้,W210,D96,H85,,,B 166200.00,40%,B 99720.00,10%,B 89748.00
ฌ เฌอ | โซฟา 3S (230) ฟีนิกซ์ (Phoenix Sofa)   ผ้า A เลือกสีได้ | ขนาด W230 D96 H85 ,ฌ เฌอ | โซฟา 3S (230) ฟีนิกซ์ (Phoenix Sofa)   ผ้า A เลือกสีได้ | ขนาด W230 D96 H85  ราคา 107900 ลด 40% เหลือ 64740 ชำระเป็นเงินสด ลด on top เพิ่ม 10% เหลือ 58266 ภายใน เดือนกันยายน 2569 และส่วนลดเพิ่มเติมตามโปรฯ ได้ที่ https://chawcher.com/category/promotion/,ฌ เฌอ,โซฟา,3S (230),ฟีนิกซ์,(Phoenix Sofa),,,ผ้า A ,เลือกสีได้,W230,D96,H85,,,B 107900.00,40%,B 64740.00,10%,B 58266.00
ฌ เฌอ | โซฟา 3S (230) ฟีนิกซ์ (Phoenix Sofa)   ผ้า B เลือกสีได้ | ขนาด W230 D96 H85 ,ฌ เฌอ | โซฟา 3S (230) ฟีนิกซ์ (Phoenix Sofa)   ผ้า B เลือกสีได้ | ขนาด W230 D96 H85  ราคา 125000 ลด 40% เหลือ 75000 ชำระเป็นเงินสด ลด on top เพิ่ม 10% เหลือ 67500 ภายใน เดือนกันยายน 2569 และส่วนลดเพิ่มเติมตามโปรฯ ได้ที่ https://chawcher.com/category/promotion/,ฌ เฌอ,โซฟา,3S (230),ฟีนิกซ์,(Phoenix Sofa),,,ผ้า B ,เลือกสีได้,W230,D96,H85,,,B 125000.00,40%,B 75000.00,10%,B 67500.00
ฌ เฌอ | โซฟา 3S (230) ฟีนิกซ์ (Phoenix Sofa)   ผ้า C เลือกสีได้ | ขนาด W230 D96 H85 ,ฌ เฌอ | โซฟา 3S (230) ฟีนิกซ์ (Phoenix Sofa)   ผ้า C เลือกสีได้ | ขนาด W230 D96 H85  ราคา 140000 ลด 40% เหลือ 84000 ชำระเป็นเงินสด ลด on top เพิ่ม 10% เหลือ 75600 ภายใน เดือนกันยายน 2569 และส่วนลดเพิ่มเติมตามโปรฯ ได้ที่ https://chawcher.com/category/promotion/,ฌ เฌอ,โซฟา,3S (230),ฟีนิกซ์,(Phoenix Sofa),,,ผ้า C ,เลือกสีได้,W230,D96,H85,,,B 140000.00,40%,B 84000.00,10%,B 75600.00
ฌ เฌอ | โซฟา 3S (230) ฟีนิกซ์ (Phoenix Sofa)   หนังแท้ (ออย)เลือกสีได้ | ขนาด W230 D96 H85 ,ฌ เฌอ | โซฟา 3S (230) ฟีนิกซ์ (Phoenix Sofa)   หนังแท้ (ออย)เลือกสีได้ | ขนาด W230 D96 H85  ราคา 211800 ลด 40% เหลือ 127080 ชำระเป็นเงินสด ลด on top เพิ่ม 10% เหลือ 114372 ภายใน เดือนกันยายน 2569 และส่วนลดเพิ่มเติมตามโปรฯ ได้ที่ https://chawcher.com/category/promotion/,ฌ เฌอ,โซฟา,3S (230),ฟีนิกซ์,(Phoenix Sofa),,,หนังแท้ (ออย),เลือกสีได้,W230,D96,H85,,,B 211800.00,40%,B 127080.00,10%,B 114372.00
ฌ เฌอ | โซฟา 3S (230) ฟีนิกซ์ (Phoenix Sofa)   หนังแท้เลือกสีได้ | ขนาด W230 D96 H85 ,ฌ เฌอ | โซฟา 3S (230) ฟีนิกซ์ (Phoenix Sofa)   หนังแท้เลือกสีได้ | ขนาด W230 D96 H85  ราคา 180000 ลด 40% เหลือ 108000 ชำระเป็นเงินสด ลด on top เพิ่ม 10% เหลือ 97200 ภายใน เดือนกันยายน 2569 และส่วนลดเพิ่มเติมตามโปรฯ ได้ที่ https://chawcher.com/category/promotion/,ฌ เฌอ,โซฟา,3S (230),ฟีนิกซ์,(Phoenix Sofa),,,หนังแท้,เลือกสีได้,W230,D96,H85,,,B 180000.00,40%,B 108000.00,10%,B 97200.00
ฌ เฌอ | โซฟา 3S (250) ฟีนิกซ์ (Phoenix Sofa)   ผ้า A เลือกสีได้ | ขนาด W250 D96 H85 ,ฌ เฌอ | โซฟา 3S (250) ฟีนิกซ์ (Phoenix Sofa)   ผ้า A เลือกสีได้ | ขนาด W250 D96 H85  ราคา 116500 ลด 40% เหลือ 69900 ชำระเป็นเงินสด ลด on top เพิ่ม 10% เหลือ 62910 ภายใน เดือนกันยายน 2569 และส่วนลดเพิ่มเติมตามโปรฯ ได้ที่ https://chawcher.com/category/promotion/,ฌ เฌอ,โซฟา,3S (250),ฟีนิกซ์,(Phoenix Sofa),,,ผ้า A ,เลือกสีได้,W250,D96,H85,,,B 116500.00,40%,B 69900.00,10%,B 62910.00
ฌ เฌอ | โซฟา 3S (250) ฟีนิกซ์ (Phoenix Sofa)   ผ้า B เลือกสีได้ | ขนาด W250 D96 H85 ,ฌ เฌอ | โซฟา 3S (250) ฟีนิกซ์ (Phoenix Sofa)   ผ้า B เลือกสีได้ | ขนาด W250 D96 H85  ราคา 135000 ลด 40% เหลือ 81000 ชำระเป็นเงินสด ลด on top เพิ่ม 10% เหลือ 72900 ภายใน เดือนกันยายน 2569 และส่วนลดเพิ่มเติมตามโปรฯ ได้ที่ https://chawcher.com/category/promotion/,ฌ เฌอ,โซฟา,3S (250),ฟีนิกซ์,(Phoenix Sofa),,,ผ้า B ,เลือกสีได้,W250,D96,H85,,,B 135000.00,40%,B 81000.00,10%,B 72900.00
ฌ เฌอ | โซฟา 3S (250) ฟีนิกซ์ (Phoenix Sofa)   ผ้า C เลือกสีได้ | ขนาด W250 D96 H85 ,ฌ เฌอ | โซฟา 3S (250) ฟีนิกซ์ (Phoenix Sofa)   ผ้า C เลือกสีได้ | ขนาด W250 D96 H85  ราคา 151100 ลด 40% เหลือ 90660 ชำระเป็นเงินสด ลด on top เพิ่ม 10% เหลือ 81594 ภายใน เดือนกันยายน 2569 และส่วนลดเพิ่มเติมตามโปรฯ ได้ที่ https://chawcher.com/category/promotion/,ฌ เฌอ,โซฟา,3S (250),ฟีนิกซ์,(Phoenix Sofa),,,ผ้า C ,เลือกสีได้,W250,D96,H85,,,B 151100.00,40%,B 90660.00,10%,B 81594.00
ฌ เฌอ | โซฟา 3S (250) ฟีนิกซ์ (Phoenix Sofa)   หนังแท้ (ออย)เลือกสีได้ | ขนาด W250 D96 H85 ,ฌ เฌอ | โซฟา 3S (250) ฟีนิกซ์ (Phoenix Sofa)   หนังแท้ (ออย)เลือกสีได้ | ขนาด W250 D96 H85  ราคา 228700 ลด 40% เหลือ 137220 ชำระเป็นเงินสด ลด on top เพิ่ม 10% เหลือ 123498 ภายใน เดือนกันยายน 2569 และส่วนลดเพิ่มเติมตามโปรฯ ได้ที่ https://chawcher.com/category/promotion/,ฌ เฌอ,โซฟา,3S (250),ฟีนิกซ์,(Phoenix Sofa),,,หนังแท้ (ออย),เลือกสีได้,W250,D96,H85,,,B 228700.00,40%,B 137220.00,10%,B 123498.00
ฌ เฌอ | โซฟา 3S (250) ฟีนิกซ์ (Phoenix Sofa)   หนังแท้เลือกสีได้ | ขนาด W250 D96 H85 ,ฌ เฌอ | โซฟา 3S (250) ฟีนิกซ์ (Phoenix Sofa)   หนังแท้เลือกสีได้ | ขนาด W250 D96 H85  ราคา 194500 ลด 40% เหลือ 116700 ชำระเป็นเงินสด ลด on top เพิ่ม 10% เหลือ 105030 ภายใน เดือนกันยายน 2569 และส่วนลดเพิ่มเติมตามโปรฯ ได้ที่ https://chawcher.com/category/promotion/,ฌ เฌอ,โซฟา,3S (250),ฟีนิกซ์,(Phoenix Sofa),,,หนังแท้,เลือกสีได้,W250,D96,H85,,,B 194500.00,40%,B 116700.00,10%,B 105030.00
ฌ เฌอ | โซฟา 3S (270) ฟีนิกซ์ (Phoenix Sofa)   ผ้า A เลือกสีได้ | ขนาด W270 D96 H85 ,ฌ เฌอ | โซฟา 3S (270) ฟีนิกซ์ (Phoenix Sofa)   ผ้า A เลือกสีได้ | ขนาด W270 D96 H85  ราคา 125200 ลด 40% เหลือ 75120 ชำระเป็นเงินสด ลด on top เพิ่ม 10% เหลือ 67608 ภายใน เดือนกันยายน 2569 และส่วนลดเพิ่มเติมตามโปรฯ ได้ที่ https://chawcher.com/category/promotion/,ฌ เฌอ,โซฟา,3S (270),ฟีนิกซ์,(Phoenix Sofa),,,ผ้า A ,เลือกสีได้,W270,D96,H85,,,B 125200.00,40%,B 75120.00,10%,B 67608.00
ฌ เฌอ | โซฟา 3S (270) ฟีนิกซ์ (Phoenix Sofa)   ผ้า B เลือกสีได้ | ขนาด W270 D96 H85 ,ฌ เฌอ | โซฟา 3S (270) ฟีนิกซ์ (Phoenix Sofa)   ผ้า B เลือกสีได้ | ขนาด W270 D96 H85  ราคา 145000 ลด 40% เหลือ 87000 ชำระเป็นเงินสด ลด on top เพิ่ม 10% เหลือ 78300 ภายใน เดือนกันยายน 2569 และส่วนลดเพิ่มเติมตามโปรฯ ได้ที่ https://chawcher.com/category/promotion/,ฌ เฌอ,โซฟา,3S (270),ฟีนิกซ์,(Phoenix Sofa),,,ผ้า B ,เลือกสีได้,W270,D96,H85,,,B 145000.00,40%,B 87000.00,10%,B 78300.00
ฌ เฌอ | โซฟา 3S (270) ฟีนิกซ์ (Phoenix Sofa)   ผ้า C เลือกสีได้ | ขนาด W270 D96 H85 ,ฌ เฌอ | โซฟา 3S (270) ฟีนิกซ์ (Phoenix Sofa)   ผ้า C เลือกสีได้ | ขนาด W270 D96 H85  ราคา 162200 ลด 40% เหลือ 97320 ชำระเป็นเงินสด ลด on top เพิ่ม 10% เหลือ 87588 ภายใน เดือนกันยายน 2569 และส่วนลดเพิ่มเติมตามโปรฯ ได้ที่ https://chawcher.com/category/promotion/,ฌ เฌอ,โซฟา,3S (270),ฟีนิกซ์,(Phoenix Sofa),,,ผ้า C ,เลือกสีได้,W270,D96,H85,,,B 162200.00,40%,B 97320.00,10%,B 87588.00
ฌ เฌอ | โซฟา 3S (270) ฟีนิกซ์ (Phoenix Sofa)   หนังแท้ (ออย)เลือกสีได้ | ขนาด W270 D96 H85 ,ฌ เฌอ | โซฟา 3S (270) ฟีนิกซ์ (Phoenix Sofa)   หนังแท้ (ออย)เลือกสีได้ | ขนาด W270 D96 H85  ราคา 245600 ลด 40% เหลือ 147360 ชำระเป็นเงินสด ลด on top เพิ่ม 10% เหลือ 132624 ภายใน เดือนกันยายน 2569 และส่วนลดเพิ่มเติมตามโปรฯ ได้ที่ https://chawcher.com/category/promotion/,ฌ เฌอ,โซฟา,3S (270),ฟีนิกซ์,(Phoenix Sofa),,,หนังแท้ (ออย),เลือกสีได้,W270,D96,H85,,,B 245600.00,40%,B 147360.00,10%,B 132624.00
ฌ เฌอ | โซฟา 3S (270) ฟีนิกซ์ (Phoenix Sofa)   หนังแท้เลือกสีได้ | ขนาด W270 D96 H85 ,ฌ เฌอ | โซฟา 3S (270) ฟีนิกซ์ (Phoenix Sofa)   หนังแท้เลือกสีได้ | ขนาด W270 D96 H85  ราคา 209000 ลด 40% เหลือ 125400 ชำระเป็นเงินสด ลด on top เพิ่ม 10% เหลือ 112860 ภายใน เดือนกันยายน 2569 และส่วนลดเพิ่มเติมตามโปรฯ ได้ที่ https://chawcher.com/category/promotion/,ฌ เฌอ,โซฟา,3S (270),ฟีนิกซ์,(Phoenix Sofa),,,หนังแท้,เลือกสีได้,W270,D96,H85,,,B 209000.00,40%,B 125400.00,10%,B 112860.00
ฌ เฌอ | โซฟา 150 cm with Table ฟีนิกซ์ (Phoenix Sofa)   ผ้า A เลือกสีได้ | ขนาด W150 D96 H85 ,ฌ เฌอ | โซฟา 150 cm with Table ฟีนิกซ์ (Phoenix Sofa)   ผ้า A เลือกสีได้ | ขนาด W150 D96 H85  ราคา 78200 ลด 40% เหลือ 46920 ชำระเป็นเงินสด ลด on top เพิ่ม 10% เหลือ 42228 ภายใน เดือนกันยายน 2569 และส่วนลดเพิ่มเติมตามโปรฯ ได้ที่ https://chawcher.com/category/promotion/,ฌ เฌอ,โซฟา,150 cm with Table,ฟีนิกซ์,(Phoenix Sofa),,,ผ้า A ,เลือกสีได้,W150,D96,H85,,,B 78200.00,40%,B 46920.00,10%,B 42228.00
ฌ เฌอ | โซฟา 150 cm with Table ฟีนิกซ์ (Phoenix Sofa)   ผ้า B เลือกสีได้ | ขนาด W150 D96 H85 ,ฌ เฌอ | โซฟา 150 cm with Table ฟีนิกซ์ (Phoenix Sofa)   ผ้า B เลือกสีได้ | ขนาด W150 D96 H85  ราคา 88000 ลด 40% เหลือ 52800 ชำระเป็นเงินสด ลด on top เพิ่ม 10% เหลือ 47520 ภายใน เดือนกันยายน 2569 และส่วนลดเพิ่มเติมตามโปรฯ ได้ที่ https://chawcher.com/category/promotion/,ฌ เฌอ,โซฟา,150 cm with Table,ฟีนิกซ์,(Phoenix Sofa),,,ผ้า B ,เลือกสีได้,W150,D96,H85,,,B 88000.00,40%,B 52800.00,10%,B 47520.00
ฌ เฌอ | โซฟา 150 cm with Table ฟีนิกซ์ (Phoenix Sofa)   ผ้า C เลือกสีได้ | ขนาด W150 D96 H85 ,ฌ เฌอ | โซฟา 150 cm with Table ฟีนิกซ์ (Phoenix Sofa)   ผ้า C เลือกสีได้ | ขนาด W150 D96 H85  ราคา 101500 ลด 40% เหลือ 60900 ชำระเป็นเงินสด ลด on top เพิ่ม 10% เหลือ 54810 ภายใน เดือนกันยายน 2569 และส่วนลดเพิ่มเติมตามโปรฯ ได้ที่ https://chawcher.com/category/promotion/,ฌ เฌอ,โซฟา,150 cm with Table,ฟีนิกซ์,(Phoenix Sofa),,,ผ้า C ,เลือกสีได้,W150,D96,H85,,,B 101500.00,40%,B 60900.00,10%,B 54810.00
ฌ เฌอ | โซฟา 150 cm with Table ฟีนิกซ์ (Phoenix Sofa)   หนังแท้ (ออย)เลือกสีได้ | ขนาด W150 D96 H85 ,ฌ เฌอ | โซฟา 150 cm with Table ฟีนิกซ์ (Phoenix Sofa)   หนังแท้ (ออย)เลือกสีได้ | ขนาด W150 D96 H85  ราคา 151700 ลด 40% เหลือ 91020 ชำระเป็นเงินสด ลด on top เพิ่ม 10% เหลือ 81918 ภายใน เดือนกันยายน 2569 และส่วนลดเพิ่มเติมตามโปรฯ ได้ที่ https://chawcher.com/category/promotion/,ฌ เฌอ,โซฟา,150 cm with Table,ฟีนิกซ์,(Phoenix Sofa),,,หนังแท้ (ออย),เลือกสีได้,W150,D96,H85,,,B 151700.00,40%,B 91020.00,10%,B 81918.00
ฌ เฌอ | โซฟา 150 cm with Table ฟีนิกซ์ (Phoenix Sofa)   หนังแท้เลือกสีได้ | ขนาด W150 D96 H85 ,ฌ เฌอ | โซฟา 150 cm with Table ฟีนิกซ์ (Phoenix Sofa)   หนังแท้เลือกสีได้ | ขนาด W150 D96 H85  ราคา 129000 ลด 40% เหลือ 77400 ชำระเป็นเงินสด ลด on top เพิ่ม 10% เหลือ 69660 ภายใน เดือนกันยายน 2569 และส่วนลดเพิ่มเติมตามโปรฯ ได้ที่ https://chawcher.com/category/promotion/,ฌ เฌอ,โซฟา,150 cm with Table,ฟีนิกซ์,(Phoenix Sofa),,,หนังแท้,เลือกสีได้,W150,D96,H85,,,B 129000.00,40%,B 77400.00,10%,B 69660.00
ฌ เฌอ | โซฟา 170 cm with Table ฟีนิกซ์ (Phoenix Sofa)   ผ้า A เลือกสีได้ | ขนาด W170 D96 H85 ,ฌ เฌอ | โซฟา 170 cm with Table ฟีนิกซ์ (Phoenix Sofa)   ผ้า A เลือกสีได้ | ขนาด W170 D96 H85  ราคา 86900 ลด 40% เหลือ 52140 ชำระเป็นเงินสด ลด on top เพิ่ม 10% เหลือ 46926 ภายใน เดือนกันยายน 2569 และส่วนลดเพิ่มเติมตามโปรฯ ได้ที่ https://chawcher.com/category/promotion/,ฌ เฌอ,โซฟา,170 cm with Table,ฟีนิกซ์,(Phoenix Sofa),,,ผ้า A ,เลือกสีได้,W170,D96,H85,,,B 86900.00,40%,B 52140.00,10%,B 46926.00
ฌ เฌอ | โซฟา CL (125*166) ฟีนิกซ์ (Phoenix Sofa)   ผ้า A เลือกสีได้ | ขนาด W125 D166 H85 ,ฌ เฌอ | โซฟา CL (125*166) ฟีนิกซ์ (Phoenix Sofa)   ผ้า A เลือกสีได้ | ขนาด W125 D166 H85  ราคา 81000 ลด 40% เหลือ 48600 ชำระเป็นเงินสด ลด on top เพิ่ม 10% เหลือ 43740 ภายใน เดือนกันยายน 2569 และส่วนลดเพิ่มเติมตามโปรฯ ได้ที่ https://chawcher.com/category/promotion/,ฌ เฌอ,โซฟา,CL (125*166),ฟีนิกซ์,(Phoenix Sofa),,,ผ้า A ,เลือกสีได้,W125,D166,H85,,,B 81000.00,40%,B 48600.00,10%,B 43740.00
ฌ เฌอ | โซฟา CL (125*166) ฟีนิกซ์ (Phoenix Sofa)   ผ้า C เลือกสีได้ | ขนาด W125 D166 H85 ,ฌ เฌอ | โซฟา CL (125*166) ฟีนิกซ์ (Phoenix Sofa)   ผ้า C เลือกสีได้ | ขนาด W125 D166 H85  ราคา 105000 ลด 40% เหลือ 63000 ชำระเป็นเงินสด ลด on top เพิ่ม 10% เหลือ 56700 ภายใน เดือนกันยายน 2569 และส่วนลดเพิ่มเติมตามโปรฯ ได้ที่ https://chawcher.com/category/promotion/,ฌ เฌอ,โซฟา,CL (125*166),ฟีนิกซ์,(Phoenix Sofa),,,ผ้า C ,เลือกสีได้,W125,D166,H85,,,B 105000.00,40%,B 63000.00,10%,B 56700.00
ฌ เฌอ | โซฟา CL (125*166) ฟีนิกซ์ (Phoenix Sofa)   หนังแท้ (ออย)เลือกสีได้ | ขนาด W125 D166 H85 ,ฌ เฌอ | โซฟา CL (125*166) ฟีนิกซ์ (Phoenix Sofa)   หนังแท้ (ออย)เลือกสีได้ | ขนาด W125 D166 H85  ราคา 159300 ลด 40% เหลือ 95580 ชำระเป็นเงินสด ลด on top เพิ่ม 10% เหลือ 86022 ภายใน เดือนกันยายน 2569 และส่วนลดเพิ่มเติมตามโปรฯ ได้ที่ https://chawcher.com/category/promotion/,ฌ เฌอ,โซฟา,CL (125*166),ฟีนิกซ์,(Phoenix Sofa),,,หนังแท้ (ออย),เลือกสีได้,W125,D166,H85,,,B 159300.00,40%,B 95580.00,10%,B 86022.00
ฌ เฌอ | โซฟา CL (125*166) ฟีนิกซ์ (Phoenix Sofa)   หนังแท้เลือกสีได้ | ขนาด W125 D166 H85 ,ฌ เฌอ | โซฟา CL (125*166) ฟีนิกซ์ (Phoenix Sofa)   หนังแท้เลือกสีได้ | ขนาด W125 D166 H85  ราคา 135500 ลด 40% เหลือ 81300 ชำระเป็นเงินสด ลด on top เพิ่ม 10% เหลือ 73170 ภายใน เดือนกันยายน 2569 และส่วนลดเพิ่มเติมตามโปรฯ ได้ที่ https://chawcher.com/category/promotion/,ฌ เฌอ,โซฟา,CL (125*166),ฟีนิกซ์,(Phoenix Sofa),,,หนังแท้,เลือกสีได้,W125,D166,H85,,,B 135500.00,40%,B 81300.00,10%,B 73170.00
ฌ เฌอ | โซฟา DAYBED เอียง W213 x D135 xH85 ฟีนิกซ์ (Phoenix Daybed)   ผ้า A เลือกสีได้ | ขนาด W213 D135 H85 ,ฌ เฌอ | โซฟา DAYBED เอียง W213 x D135 xH85 ฟีนิกซ์ (Phoenix Daybed)   ผ้า A เลือกสีได้ | ขนาด W213 D135 H85  ราคา 99400 ลด 40% เหลือ 59640 ชำระเป็นเงินสด ลด on top เพิ่ม 10% เหลือ 53676 ภายใน เดือนกันยายน 2569 และส่วนลดเพิ่มเติมตามโปรฯ ได้ที่ https://chawcher.com/category/promotion/,ฌ เฌอ,โซฟา,DAYBED เอียง W213 x D135 xH85,ฟีนิกซ์,(Phoenix Daybed),,,ผ้า A ,เลือกสีได้,W213,D135,H85,,,B 99400.00,40%,B 59640.00,10%,B 53676.00
ฌ เฌอ | โซฟา DAYBED เอียง W213 x D135 xH85 ฟีนิกซ์ (Phoenix Daybed)   ผ้า B เลือกสีได้ | ขนาด W213 D135 H85 ,ฌ เฌอ | โซฟา DAYBED เอียง W213 x D135 xH85 ฟีนิกซ์ (Phoenix Daybed)   ผ้า B เลือกสีได้ | ขนาด W213 D135 H85  ราคา 115000 ลด 40% เหลือ 69000 ชำระเป็นเงินสด ลด on top เพิ่ม 10% เหลือ 62100 ภายใน เดือนกันยายน 2569 และส่วนลดเพิ่มเติมตามโปรฯ ได้ที่ https://chawcher.com/category/promotion/,ฌ เฌอ,โซฟา,DAYBED เอียง W213 x D135 xH85,ฟีนิกซ์,(Phoenix Daybed),,,ผ้า B ,เลือกสีได้,W213,D135,H85,,,B 115000.00,40%,B 69000.00,10%,B 62100.00
ฌ เฌอ | โซฟา DAYBED เอียง W213 x D135 xH85 ฟีนิกซ์ (Phoenix Daybed)   ผ้า C เลือกสีได้ | ขนาด W213 D135 H85 ,ฌ เฌอ | โซฟา DAYBED เอียง W213 x D135 xH85 ฟีนิกซ์ (Phoenix Daybed)   ผ้า C เลือกสีได้ | ขนาด W213 D135 H85  ราคา 129000 ลด 40% เหลือ 77400 ชำระเป็นเงินสด ลด on top เพิ่ม 10% เหลือ 69660 ภายใน เดือนกันยายน 2569 และส่วนลดเพิ่มเติมตามโปรฯ ได้ที่ https://chawcher.com/category/promotion/,ฌ เฌอ,โซฟา,DAYBED เอียง W213 x D135 xH85,ฟีนิกซ์,(Phoenix Daybed),,,ผ้า C ,เลือกสีได้,W213,D135,H85,,,B 129000.00,40%,B 77400.00,10%,B 69660.00
ฌ เฌอ | โซฟา DAYBED เอียง W213 x D135 xH85 ฟีนิกซ์ (Phoenix Daybed)   หนังแท้ (ออย)เลือกสีได้ | ขนาด W213 D135 H85 ,ฌ เฌอ | โซฟา DAYBED เอียง W213 x D135 xH85 ฟีนิกซ์ (Phoenix Daybed)   หนังแท้ (ออย)เลือกสีได้ | ขนาด W213 D135 H85  ราคา 195500 ลด 40% เหลือ 117300 ชำระเป็นเงินสด ลด on top เพิ่ม 10% เหลือ 105570 ภายใน เดือนกันยายน 2569 และส่วนลดเพิ่มเติมตามโปรฯ ได้ที่ https://chawcher.com/category/promotion/,ฌ เฌอ,โซฟา,DAYBED เอียง W213 x D135 xH85,ฟีนิกซ์,(Phoenix Daybed),,,หนังแท้ (ออย),เลือกสีได้,W213,D135,H85,,,B 195500.00,40%,B 117300.00,10%,B 105570.00
ฌ เฌอ | โซฟา DAYBED เอียง W213 x D135 xH85 ฟีนิกซ์ (Phoenix Daybed)   หนังแท้เลือกสีได้ | ขนาด W213 D135 H85 ,ฌ เฌอ | โซฟา DAYBED เอียง W213 x D135 xH85 ฟีนิกซ์ (Phoenix Daybed)   หนังแท้เลือกสีได้ | ขนาด W213 D135 H85  ราคา 166200 ลด 40% เหลือ 99720 ชำระเป็นเงินสด ลด on top เพิ่ม 10% เหลือ 89748 ภายใน เดือนกันยายน 2569 และส่วนลดเพิ่มเติมตามโปรฯ ได้ที่ https://chawcher.com/category/promotion/,ฌ เฌอ,โซฟา,DAYBED เอียง W213 x D135 xH85,ฟีนิกซ์,(Phoenix Daybed),,,หนังแท้,เลือกสีได้,W213,D135,H85,,,B 166200.00,40%,B 99720.00,10%,B 89748.00
ฌ เฌอ | โซฟา DAYBED-R/L (170) ฟีนิกซ์ (Phoenix Daybed)   ผ้า A เลือกสีได้ | ขนาด W170 D96 H85 ,ฌ เฌอ | โซฟา DAYBED-R/L (170) ฟีนิกซ์ (Phoenix Daybed)   ผ้า A เลือกสีได้ | ขนาด W170 D96 H85  ราคา 81400 ลด 40% เหลือ 48840 ชำระเป็นเงินสด ลด on top เพิ่ม 10% เหลือ 43956 ภายใน เดือนกันยายน 2569 และส่วนลดเพิ่มเติมตามโปรฯ ได้ที่ https://chawcher.com/category/promotion/,ฌ เฌอ,โซฟา,DAYBED-R/L (170),ฟีนิกซ์,(Phoenix Daybed),,,ผ้า A ,เลือกสีได้,W170,D96,H85,,,B 81400.00,40%,B 48840.00,10%,B 43956.00
ฌ เฌอ | โซฟา DAYBED-R/L (170) ฟีนิกซ์ (Phoenix Daybed)   ผ้า B เลือกสีได้ | ขนาด W170 D96 H85 ,ฌ เฌอ | โซฟา DAYBED-R/L (170) ฟีนิกซ์ (Phoenix Daybed)   ผ้า B เลือกสีได้ | ขนาด W170 D96 H85  ราคา 92000 ลด 40% เหลือ 55200 ชำระเป็นเงินสด ลด on top เพิ่ม 10% เหลือ 49680 ภายใน เดือนกันยายน 2569 และส่วนลดเพิ่มเติมตามโปรฯ ได้ที่ https://chawcher.com/category/promotion/,ฌ เฌอ,โซฟา,DAYBED-R/L (170),ฟีนิกซ์,(Phoenix Daybed),,,ผ้า B ,เลือกสีได้,W170,D96,H85,,,B 92000.00,40%,B 55200.00,10%,B 49680.00
ฌ เฌอ | โซฟา DAYBED-R/L (170) ฟีนิกซ์ (Phoenix Daybed)   ผ้า C เลือกสีได้ | ขนาด W170 D96 H85 ,ฌ เฌอ | โซฟา DAYBED-R/L (170) ฟีนิกซ์ (Phoenix Daybed)   ผ้า C เลือกสีได้ | ขนาด W170 D96 H85  ราคา 106800 ลด 40% เหลือ 64080 ชำระเป็นเงินสด ลด on top เพิ่ม 10% เหลือ 57672 ภายใน เดือนกันยายน 2569 และส่วนลดเพิ่มเติมตามโปรฯ ได้ที่ https://chawcher.com/category/promotion/,ฌ เฌอ,โซฟา,DAYBED-R/L (170),ฟีนิกซ์,(Phoenix Daybed),,,ผ้า C ,เลือกสีได้,W170,D96,H85,,,B 106800.00,40%,B 64080.00,10%,B 57672.00
ฌ เฌอ | โซฟา DAYBED-R/L (170) ฟีนิกซ์ (Phoenix Daybed)   หนังแท้ (ออย)เลือกสีได้ | ขนาด W170 D96 H85 ,ฌ เฌอ | โซฟา DAYBED-R/L (170) ฟีนิกซ์ (Phoenix Daybed)   หนังแท้ (ออย)เลือกสีได้ | ขนาด W170 D96 H85  ราคา 160500 ลด 40% เหลือ 96300 ชำระเป็นเงินสด ลด on top เพิ่ม 10% เหลือ 86670 ภายใน เดือนกันยายน 2569 และส่วนลดเพิ่มเติมตามโปรฯ ได้ที่ https://chawcher.com/category/promotion/,ฌ เฌอ,โซฟา,DAYBED-R/L (170),ฟีนิกซ์,(Phoenix Daybed),,,หนังแท้ (ออย),เลือกสีได้,W170,D96,H85,,,B 160500.00,40%,B 96300.00,10%,B 86670.00
ฌ เฌอ | โซฟา DAYBED-R/L (170) ฟีนิกซ์ (Phoenix Daybed)   หนังแท้เลือกสีได้ | ขนาด W170 D96 H85 ,ฌ เฌอ | โซฟา DAYBED-R/L (170) ฟีนิกซ์ (Phoenix Daybed)   หนังแท้เลือกสีได้ | ขนาด W170 D96 H85  ราคา 136500 ลด 40% เหลือ 81900 ชำระเป็นเงินสด ลด on top เพิ่ม 10% เหลือ 73710 ภายใน เดือนกันยายน 2569 และส่วนลดเพิ่มเติมตามโปรฯ ได้ที่ https://chawcher.com/category/promotion/,ฌ เฌอ,โซฟา,DAYBED-R/L (170),ฟีนิกซ์,(Phoenix Daybed),,,หนังแท้,เลือกสีได้,W170,D96,H85,,,B 136500.00,40%,B 81900.00,10%,B 73710.00
ฌ เฌอ | โซฟา DAYBED-R/L (210) ฟีนิกซ์ (Phoenix Daybed)   ผ้า A เลือกสีได้ | ขนาด W210 D96 H85 ,ฌ เฌอ | โซฟา DAYBED-R/L (210) ฟีนิกซ์ (Phoenix Daybed)   ผ้า A เลือกสีได้ | ขนาด W210 D96 H85  ราคา 99400 ลด 40% เหลือ 59640 ชำระเป็นเงินสด ลด on top เพิ่ม 10% เหลือ 53676 ภายใน เดือนกันยายน 2569 และส่วนลดเพิ่มเติมตามโปรฯ ได้ที่ https://chawcher.com/category/promotion/,ฌ เฌอ,โซฟา,DAYBED-R/L (210),ฟีนิกซ์,(Phoenix Daybed),,,ผ้า A ,เลือกสีได้,W210,D96,H85,,,B 99400.00,40%,B 59640.00,10%,B 53676.00
ฌ เฌอ | โซฟา DAYBED-R/L (210) ฟีนิกซ์ (Phoenix Daybed)   ผ้า B เลือกสีได้ | ขนาด W210 D96 H85 ,ฌ เฌอ | โซฟา DAYBED-R/L (210) ฟีนิกซ์ (Phoenix Daybed)   ผ้า B เลือกสีได้ | ขนาด W210 D96 H85  ราคา 115000 ลด 40% เหลือ 69000 ชำระเป็นเงินสด ลด on top เพิ่ม 10% เหลือ 62100 ภายใน เดือนกันยายน 2569 และส่วนลดเพิ่มเติมตามโปรฯ ได้ที่ https://chawcher.com/category/promotion/,ฌ เฌอ,โซฟา,DAYBED-R/L (210),ฟีนิกซ์,(Phoenix Daybed),,,ผ้า B ,เลือกสีได้,W210,D96,H85,,,B 115000.00,40%,B 69000.00,10%,B 62100.00
ฌ เฌอ | โซฟา DAYBED-R/L (210) ฟีนิกซ์ (Phoenix Daybed)   ผ้า C เลือกสีได้ | ขนาด W210 D96 H85 ,ฌ เฌอ | โซฟา DAYBED-R/L (210) ฟีนิกซ์ (Phoenix Daybed)   ผ้า C เลือกสีได้ | ขนาด W210 D96 H85  ราคา 129000 ลด 40% เหลือ 77400 ชำระเป็นเงินสด ลด on top เพิ่ม 10% เหลือ 69660 ภายใน เดือนกันยายน 2569 และส่วนลดเพิ่มเติมตามโปรฯ ได้ที่ https://chawcher.com/category/promotion/,ฌ เฌอ,โซฟา,DAYBED-R/L (210),ฟีนิกซ์,(Phoenix Daybed),,,ผ้า C ,เลือกสีได้,W210,D96,H85,,,B 129000.00,40%,B 77400.00,10%,B 69660.00
ฌ เฌอ | โซฟา DAYBED-R/L (210) ฟีนิกซ์ (Phoenix Daybed)   หนังแท้ (ออย)เลือกสีได้ | ขนาด W210 D96 H85 ,ฌ เฌอ | โซฟา DAYBED-R/L (210) ฟีนิกซ์ (Phoenix Daybed)   หนังแท้ (ออย)เลือกสีได้ | ขนาด W210 D96 H85  ราคา 195500 ลด 40% เหลือ 117300 ชำระเป็นเงินสด ลด on top เพิ่ม 10% เหลือ 105570 ภายใน เดือนกันยายน 2569 และส่วนลดเพิ่มเติมตามโปรฯ ได้ที่ https://chawcher.com/category/promotion/,ฌ เฌอ,โซฟา,DAYBED-R/L (210),ฟีนิกซ์,(Phoenix Daybed),,,หนังแท้ (ออย),เลือกสีได้,W210,D96,H85,,,B 195500.00,40%,B 117300.00,10%,B 105570.00
ฌ เฌอ | โซฟา DAYBED-R/L (210) ฟีนิกซ์ (Phoenix Daybed)   หนังแท้เลือกสีได้ | ขนาด W210 D96 H85 ,ฌ เฌอ | โซฟา DAYBED-R/L (210) ฟีนิกซ์ (Phoenix Daybed)   หนังแท้เลือกสีได้ | ขนาด W210 D96 H85  ราคา 166200 ลด 40% เหลือ 99720 ชำระเป็นเงินสด ลด on top เพิ่ม 10% เหลือ 89748 ภายใน เดือนกันยายน 2569 และส่วนลดเพิ่มเติมตามโปรฯ ได้ที่ https://chawcher.com/category/promotion/,ฌ เฌอ,โซฟา,DAYBED-R/L (210),ฟีนิกซ์,(Phoenix Daybed),,,หนังแท้,เลือกสีได้,W210,D96,H85,,,B 166200.00,40%,B 99720.00,10%,B 89748.00
ฌ เฌอ | โซฟา DAYBED-R/L (230) ฟีนิกซ์ (Phoenix Daybed)   ผ้า A เลือกสีได้ | ขนาด W230 D96 H85 ,ฌ เฌอ | โซฟา DAYBED-R/L (230) ฟีนิกซ์ (Phoenix Daybed)   ผ้า A เลือกสีได้ | ขนาด W230 D96 H85  ราคา 107900 ลด 40% เหลือ 64740 ชำระเป็นเงินสด ลด on top เพิ่ม 10% เหลือ 58266 ภายใน เดือนกันยายน 2569 และส่วนลดเพิ่มเติมตามโปรฯ ได้ที่ https://chawcher.com/category/promotion/,ฌ เฌอ,โซฟา,DAYBED-R/L (230),ฟีนิกซ์,(Phoenix Daybed),,,ผ้า A ,เลือกสีได้,W230,D96,H85,,,B 107900.00,40%,B 64740.00,10%,B 58266.00
ฌ เฌอ | โซฟา DAYBED-R/L (230) ฟีนิกซ์ (Phoenix Daybed)   ผ้า B เลือกสีได้ | ขนาด W230 D96 H85 ,ฌ เฌอ | โซฟา DAYBED-R/L (230) ฟีนิกซ์ (Phoenix Daybed)   ผ้า B เลือกสีได้ | ขนาด W230 D96 H85  ราคา 125000 ลด 40% เหลือ 75000 ชำระเป็นเงินสด ลด on top เพิ่ม 10% เหลือ 67500 ภายใน เดือนกันยายน 2569 และส่วนลดเพิ่มเติมตามโปรฯ ได้ที่ https://chawcher.com/category/promotion/,ฌ เฌอ,โซฟา,DAYBED-R/L (230),ฟีนิกซ์,(Phoenix Daybed),,,ผ้า B ,เลือกสีได้,W230,D96,H85,,,B 125000.00,40%,B 75000.00,10%,B 67500.00
ฌ เฌอ | โซฟา DAYBED-R/L (230) ฟีนิกซ์ (Phoenix Daybed)   ผ้า C เลือกสีได้ | ขนาด W230 D96 H85 ,ฌ เฌอ | โซฟา DAYBED-R/L (230) ฟีนิกซ์ (Phoenix Daybed)   ผ้า C เลือกสีได้ | ขนาด W230 D96 H85  ราคา 140000 ลด 40% เหลือ 84000 ชำระเป็นเงินสด ลด on top เพิ่ม 10% เหลือ 75600 ภายใน เดือนกันยายน 2569 และส่วนลดเพิ่มเติมตามโปรฯ ได้ที่ https://chawcher.com/category/promotion/,ฌ เฌอ,โซฟา,DAYBED-R/L (230),ฟีนิกซ์,(Phoenix Daybed),,,ผ้า C ,เลือกสีได้,W230,D96,H85,,,B 140000.00,40%,B 84000.00,10%,B 75600.00
ฌ เฌอ | โซฟา DAYBED-R/L (230) ฟีนิกซ์ (Phoenix Daybed)   หนังแท้ (ออย)เลือกสีได้ | ขนาด W230 D96 H85 ,ฌ เฌอ | โซฟา DAYBED-R/L (230) ฟีนิกซ์ (Phoenix Daybed)   หนังแท้ (ออย)เลือกสีได้ | ขนาด W230 D96 H85  ราคา 211800 ลด 40% เหลือ 127080 ชำระเป็นเงินสด ลด on top เพิ่ม 10% เหลือ 114372 ภายใน เดือนกันยายน 2569 และส่วนลดเพิ่มเติมตามโปรฯ ได้ที่ https://chawcher.com/category/promotion/,ฌ เฌอ,โซฟา,DAYBED-R/L (230),ฟีนิกซ์,(Phoenix Daybed),,,หนังแท้ (ออย),เลือกสีได้,W230,D96,H85,,,B 211800.00,40%,B 127080.00,10%,B 114372.00
ฌ เฌอ | โซฟา DAYBED-R/L (230) ฟีนิกซ์ (Phoenix Daybed)   หนังแท้เลือกสีได้ | ขนาด W230 D96 H85 ,ฌ เฌอ | โซฟา DAYBED-R/L (230) ฟีนิกซ์ (Phoenix Daybed)   หนังแท้เลือกสีได้ | ขนาด W230 D96 H85  ราคา 180000 ลด 40% เหลือ 108000 ชำระเป็นเงินสด ลด on top เพิ่ม 10% เหลือ 97200 ภายใน เดือนกันยายน 2569 และส่วนลดเพิ่มเติมตามโปรฯ ได้ที่ https://chawcher.com/category/promotion/,ฌ เฌอ,โซฟา,DAYBED-R/L (230),ฟีนิกซ์,(Phoenix Daybed),,,หนังแท้,เลือกสีได้,W230,D96,H85,,,B 180000.00,40%,B 108000.00,10%,B 97200.00
ฌ เฌอ | โซฟา L-shape (Daybed High back) สวอน (Swan L-Shape Sofa)   ผ้า A เลือกสีได้ | ขนาด W345 D185 (105) H81 (66) cm,ฌ เฌอ | โซฟา L-shape (Daybed High back) สวอน (Swan L-Shape Sofa)   ผ้า A เลือกสีได้ | ขนาด W345 D185 (105) H81 (66) cm ราคา 200000 ลด 40% เหลือ 120000 ชำระเป็นเงินสด ลด on top เพิ่ม 10% เหลือ 108000 ภายใน เดือนกันยายน 2569 และส่วนลดเพิ่มเติมตามโปรฯ ได้ที่ https://chawcher.com/category/promotion/,ฌ เฌอ,โซฟา,L-shape (Daybed High back),สวอน,(Swan L-Shape Sofa),,,ผ้า A ,เลือกสีได้,W345,D185 (105),H81 (66),cm,xxxxxxxx,B 200000.00,40%,B 120000.00,10%,B 108000.00
ฌ เฌอ | โซฟา L-shape (Daybed High back) สวอน (Swan L-Shape Sofa)   ผ้า C เลือกสีได้ | ขนาด W345 D185 (105) H81 (66) cm,ฌ เฌอ | โซฟา L-shape (Daybed High back) สวอน (Swan L-Shape Sofa)   ผ้า C เลือกสีได้ | ขนาด W345 D185 (105) H81 (66) cm ราคา 250000 ลด 40% เหลือ 150000 ชำระเป็นเงินสด ลด on top เพิ่ม 10% เหลือ 135000 ภายใน เดือนกันยายน 2569 และส่วนลดเพิ่มเติมตามโปรฯ ได้ที่ https://chawcher.com/category/promotion/,ฌ เฌอ,โซฟา,L-shape (Daybed High back),สวอน,(Swan L-Shape Sofa),,,ผ้า C ,เลือกสีได้,W345,D185 (105),H81 (66),cm,xxxxxxxx,B 250000.00,40%,B 150000.00,10%,B 135000.00
ฌ เฌอ | โซฟา L-shape (Daybed High back) สวอน (Swan L-Shape Sofa)   หนังแท้ (ออย)เลือกสีได้ | ขนาด W345 D185 (105) H81 (66) cm,ฌ เฌอ | โซฟา L-shape (Daybed High back) สวอน (Swan L-Shape Sofa)   หนังแท้ (ออย)เลือกสีได้ | ขนาด W345 D185 (105) H81 (66) cm ราคา 380000 ลด 40% เหลือ 228000 ชำระเป็นเงินสด ลด on top เพิ่ม 10% เหลือ 205200 ภายใน เดือนกันยายน 2569 และส่วนลดเพิ่มเติมตามโปรฯ ได้ที่ https://chawcher.com/category/promotion/,ฌ เฌอ,โซฟา,L-shape (Daybed High back),สวอน,(Swan L-Shape Sofa),,,หนังแท้ (ออย),เลือกสีได้,W345,D185 (105),H81 (66),cm,xxxxxxxx,B 380000.00,40%,B 228000.00,10%,B 205200.00
ฌ เฌอ | โซฟา L-shape (Daybed High back) สวอน (Swan L-Shape Sofa)   หนังแท้เลือกสีได้ | ขนาด W345 D185 (105) H81 (66) cm,ฌ เฌอ | โซฟา L-shape (Daybed High back) สวอน (Swan L-Shape Sofa)   หนังแท้เลือกสีได้ | ขนาด W345 D185 (105) H81 (66) cm ราคา 325000 ลด 40% เหลือ 195000 ชำระเป็นเงินสด ลด on top เพิ่ม 10% เหลือ 175500 ภายใน เดือนกันยายน 2569 และส่วนลดเพิ่มเติมตามโปรฯ ได้ที่ https://chawcher.com/category/promotion/,ฌ เฌอ,โซฟา,L-shape (Daybed High back),สวอน,(Swan L-Shape Sofa),,,หนังแท้,เลือกสีได้,W345,D185 (105),H81 (66),cm,xxxxxxxx,B 325000.00,40%,B 195000.00,10%,B 175500.00
ฌ เฌอ | โซฟา L-shape ขุนทอง (Koontong L-shape Sofa)   เบาะหนังแท้ ฐานหนังเทียมเลือกสีได้ | ขนาด W210 D150 H87 cm,ฌ เฌอ | โซฟา L-shape ขุนทอง (Koontong L-shape Sofa)   เบาะหนังแท้ ฐานหนังเทียมเลือกสีได้ | ขนาด W210 D150 H87 cm ราคา 103200 ลด 30% เหลือ 72240 ชำระเป็นเงินสด ลด on top เพิ่ม 10% เหลือ 65016 ภายใน เดือนกันยายน 2569 และส่วนลดเพิ่มเติมตามโปรฯ ได้ที่ https://chawcher.com/category/promotion/,ฌ เฌอ,โซฟา,L-shape,ขุนทอง,(Koontong L-shape Sofa),,,เบาะหนังแท้ ฐานหนังเทียม,เลือกสีได้,W210,D150,H87,cm,10023267,B 103200.00,30%,B 72240.00,10%,B 65016.00
ฌ เฌอ | โซฟา L-shape ขุนทอง (Koontong L-shape Sofa)   เบาะหนังแท้ ฐานหนังเทียมเลือกสีได้ | ขนาด W240 D150 H87 cm,ฌ เฌอ | โซฟา L-shape ขุนทอง (Koontong L-shape Sofa)   เบาะหนังแท้ ฐานหนังเทียมเลือกสีได้ | ขนาด W240 D150 H87 cm ราคา 119600 ลด 30% เหลือ 83720 ชำระเป็นเงินสด ลด on top เพิ่ม 10% เหลือ 75348 ภายใน เดือนกันยายน 2569 และส่วนลดเพิ่มเติมตามโปรฯ ได้ที่ https://chawcher.com/category/promotion/,ฌ เฌอ,โซฟา,L-shape,ขุนทอง,(Koontong L-shape Sofa),,,เบาะหนังแท้ ฐานหนังเทียม,เลือกสีได้,W240,D150,H87,cm,10023269,B 119600.00,30%,B 83720.00,10%,B 75348.00
ฌ เฌอ | โซฟา L-shape ขุนทอง (Koontong L-shape Sofa)   เบาะหนังแท้ ฐานหนังเทียมเลือกสีได้ | ขนาด W320 D150 H87 cm,ฌ เฌอ | โซฟา L-shape ขุนทอง (Koontong L-shape Sofa)   เบาะหนังแท้ ฐานหนังเทียมเลือกสีได้ | ขนาด W320 D150 H87 cm ราคา 161500 ลด 30% เหลือ 113050 ชำระเป็นเงินสด ลด on top เพิ่ม 10% เหลือ 101745 ภายใน เดือนกันยายน 2569 และส่วนลดเพิ่มเติมตามโปรฯ ได้ที่ https://chawcher.com/category/promotion/,ฌ เฌอ,โซฟา,L-shape,ขุนทอง,(Koontong L-shape Sofa),,,เบาะหนังแท้ ฐานหนังเทียม,เลือกสีได้,W320,D150,H87,cm,10117621,B 161500.00,30%,B 113050.00,10%,B 101745.00
ฌ เฌอ | โซฟา L-shape ขุนทอง (Koontong L-shape Sofa)   ผ้า A เลือกสีได้ | ขนาด W210 D150 H87 cm,ฌ เฌอ | โซฟา L-shape ขุนทอง (Koontong L-shape Sofa)   ผ้า A เลือกสีได้ | ขนาด W210 D150 H87 cm ราคา 76700 ลด 30% เหลือ 53690 ชำระเป็นเงินสด ลด on top เพิ่ม 10% เหลือ 48321 ภายใน เดือนกันยายน 2569 และส่วนลดเพิ่มเติมตามโปรฯ ได้ที่ https://chawcher.com/category/promotion/,ฌ เฌอ,โซฟา,L-shape,ขุนทอง,(Koontong L-shape Sofa),,,ผ้า A ,เลือกสีได้,W210,D150,H87,cm,10117618,B 76700.00,30%,B 53690.00,10%,B 48321.00
ฌ เฌอ | โซฟา L-shape ขุนทอง (Koontong L-shape Sofa)   ผ้า A เลือกสีได้ | ขนาด W240 D150 H87 cm,ฌ เฌอ | โซฟา L-shape ขุนทอง (Koontong L-shape Sofa)   ผ้า A เลือกสีได้ | ขนาด W240 D150 H87 cm ราคา 92000 ลด 30% เหลือ 64400 ชำระเป็นเงินสด ลด on top เพิ่ม 10% เหลือ 57960 ภายใน เดือนกันยายน 2569 และส่วนลดเพิ่มเติมตามโปรฯ ได้ที่ https://chawcher.com/category/promotion/,ฌ เฌอ,โซฟา,L-shape,ขุนทอง,(Koontong L-shape Sofa),,,ผ้า A ,เลือกสีได้,W240,D150,H87,cm,10117619,B 92000.00,30%,B 64400.00,10%,B 57960.00
ฌ เฌอ | โซฟา L-shape ขุนทอง (Koontong L-shape Sofa)   ผ้า A เลือกสีได้ | ขนาด W320 D150 H87 cm,ฌ เฌอ | โซฟา L-shape ขุนทอง (Koontong L-shape Sofa)   ผ้า A เลือกสีได้ | ขนาด W320 D150 H87 cm ราคา 121100 ลด 30% เหลือ 84770 ชำระเป็นเงินสด ลด on top เพิ่ม 10% เหลือ 76293 ภายใน เดือนกันยายน 2569 และส่วนลดเพิ่มเติมตามโปรฯ ได้ที่ https://chawcher.com/category/promotion/,ฌ เฌอ,โซฟา,L-shape,ขุนทอง,(Koontong L-shape Sofa),,,ผ้า A ,เลือกสีได้,W320,D150,H87,cm,10117620,B 121100.00,30%,B 84770.00,10%,B 76293.00
ฌ เฌอ | โซฟา L-shape ขุนทอง (Koontong L-shape Sofa)   ผ้า B เลือกสีได้ | ขนาด W210 D150 H87 cm,ฌ เฌอ | โซฟา L-shape ขุนทอง (Koontong L-shape Sofa)   ผ้า B เลือกสีได้ | ขนาด W210 D150 H87 cm ราคา 86000 ลด 30% เหลือ 60200 ชำระเป็นเงินสด ลด on top เพิ่ม 10% เหลือ 54180 ภายใน เดือนกันยายน 2569 และส่วนลดเพิ่มเติมตามโปรฯ ได้ที่ https://chawcher.com/category/promotion/,ฌ เฌอ,โซฟา,L-shape,ขุนทอง,(Koontong L-shape Sofa),,,ผ้า B ,เลือกสีได้,W210,D150,H87,cm,xxxxxxxx,B 86000.00,30%,B 60200.00,10%,B 54180.00
ฌ เฌอ | โซฟา L-shape ขุนทอง (Koontong L-shape Sofa)   ผ้า B เลือกสีได้ | ขนาด W240 D150 H87 cm,ฌ เฌอ | โซฟา L-shape ขุนทอง (Koontong L-shape Sofa)   ผ้า B เลือกสีได้ | ขนาด W240 D150 H87 cm ราคา 100000 ลด 30% เหลือ 70000 ชำระเป็นเงินสด ลด on top เพิ่ม 10% เหลือ 63000 ภายใน เดือนกันยายน 2569 และส่วนลดเพิ่มเติมตามโปรฯ ได้ที่ https://chawcher.com/category/promotion/,ฌ เฌอ,โซฟา,L-shape,ขุนทอง,(Koontong L-shape Sofa),,,ผ้า B ,เลือกสีได้,W240,D150,H87,cm,xxxxxxxx,B 100000.00,30%,B 70000.00,10%,B 63000.00
ฌ เฌอ | โซฟา L-shape ขุนทอง (Koontong L-shape Sofa)   ผ้า B เลือกสีได้ | ขนาด W320 D150 H87 cm,ฌ เฌอ | โซฟา L-shape ขุนทอง (Koontong L-shape Sofa)   ผ้า B เลือกสีได้ | ขนาด W320 D150 H87 cm ราคา 135000 ลด 30% เหลือ 94500 ชำระเป็นเงินสด ลด on top เพิ่ม 10% เหลือ 85050 ภายใน เดือนกันยายน 2569 และส่วนลดเพิ่มเติมตามโปรฯ ได้ที่ https://chawcher.com/category/promotion/,ฌ เฌอ,โซฟา,L-shape,ขุนทอง,(Koontong L-shape Sofa),,,ผ้า B ,เลือกสีได้,W320,D150,H87,cm,xxxxxxxx,B 135000.00,30%,B 94500.00,10%,B 85050.00
ฌ เฌอ | โซฟา L-shape ขุนทอง (Koontong L-shape Sofa)   ผ้า C เลือกสีได้ | ขนาด W210 D150 H87 cm,ฌ เฌอ | โซฟา L-shape ขุนทอง (Koontong L-shape Sofa)   ผ้า C เลือกสีได้ | ขนาด W210 D150 H87 cm ราคา 95900 ลด 30% เหลือ 67130 ชำระเป็นเงินสด ลด on top เพิ่ม 10% เหลือ 60417 ภายใน เดือนกันยายน 2569 และส่วนลดเพิ่มเติมตามโปรฯ ได้ที่ https://chawcher.com/category/promotion/,ฌ เฌอ,โซฟา,L-shape,ขุนทอง,(Koontong L-shape Sofa),,,ผ้า C ,เลือกสีได้,W210,D150,H87,cm,xxxxxxxx,B 95900.00,30%,B 67130.00,10%,B 60417.00
ฌ เฌอ | โซฟา L-shape ขุนทอง (Koontong L-shape Sofa)   ผ้า C เลือกสีได้ | ขนาด W240 D150 H87 cm,ฌ เฌอ | โซฟา L-shape ขุนทอง (Koontong L-shape Sofa)   ผ้า C เลือกสีได้ | ขนาด W240 D150 H87 cm ราคา 115000 ลด 30% เหลือ 80500 ชำระเป็นเงินสด ลด on top เพิ่ม 10% เหลือ 72450 ภายใน เดือนกันยายน 2569 และส่วนลดเพิ่มเติมตามโปรฯ ได้ที่ https://chawcher.com/category/promotion/,ฌ เฌอ,โซฟา,L-shape,ขุนทอง,(Koontong L-shape Sofa),,,ผ้า C ,เลือกสีได้,W240,D150,H87,cm,xxxxxxxx,B 115000.00,30%,B 80500.00,10%,B 72450.00
ฌ เฌอ | โซฟา L-shape ขุนทอง (Koontong L-shape Sofa)   ผ้า C เลือกสีได้ | ขนาด W320 D150 H87 cm,ฌ เฌอ | โซฟา L-shape ขุนทอง (Koontong L-shape Sofa)   ผ้า C เลือกสีได้ | ขนาด W320 D150 H87 cm ราคา 151400 ลด 30% เหลือ 105980 ชำระเป็นเงินสด ลด on top เพิ่ม 10% เหลือ 95382 ภายใน เดือนกันยายน 2569 และส่วนลดเพิ่มเติมตามโปรฯ ได้ที่ https://chawcher.com/category/promotion/,ฌ เฌอ,โซฟา,L-shape,ขุนทอง,(Koontong L-shape Sofa),,,ผ้า C ,เลือกสีได้,W320,D150,H87,cm,xxxxxxxx,B 151400.00,30%,B 105980.00,10%,B 95382.00
ฌ เฌอ | โซฟา L-shape ขุนทอง (Koontong L-shape Sofa)   หนังแท้ (ออย)เลือกสีได้ | ขนาด W210 D150 H87 cm,ฌ เฌอ | โซฟา L-shape ขุนทอง (Koontong L-shape Sofa)   หนังแท้ (ออย)เลือกสีได้ | ขนาด W210 D150 H87 cm ราคา 168500 ลด 30% เหลือ 117950 ชำระเป็นเงินสด ลด on top เพิ่ม 10% เหลือ 106155 ภายใน เดือนกันยายน 2569 และส่วนลดเพิ่มเติมตามโปรฯ ได้ที่ https://chawcher.com/category/promotion/,ฌ เฌอ,โซฟา,L-shape,ขุนทอง,(Koontong L-shape Sofa),,,หนังแท้ (ออย),เลือกสีได้,W210,D150,H87,cm,xxxxxxxx,B 168500.00,30%,B 117950.00,10%,B 106155.00
ฌ เฌอ | โซฟา L-shape ขุนทอง (Koontong L-shape Sofa)   หนังแท้ (ออย)เลือกสีได้ | ขนาด W240 D150 H87 cm,ฌ เฌอ | โซฟา L-shape ขุนทอง (Koontong L-shape Sofa)   หนังแท้ (ออย)เลือกสีได้ | ขนาด W240 D150 H87 cm ราคา 191700 ลด 30% เหลือ 134190 ชำระเป็นเงินสด ลด on top เพิ่ม 10% เหลือ 120771 ภายใน เดือนกันยายน 2569 และส่วนลดเพิ่มเติมตามโปรฯ ได้ที่ https://chawcher.com/category/promotion/,ฌ เฌอ,โซฟา,L-shape,ขุนทอง,(Koontong L-shape Sofa),,,หนังแท้ (ออย),เลือกสีได้,W240,D150,H87,cm,xxxxxxxx,B 191700.00,30%,B 134190.00,10%,B 120771.00
ฌ เฌอ | โซฟา L-shape ขุนทอง (Koontong L-shape Sofa)   หนังแท้ (ออย)เลือกสีได้ | ขนาด W320 D150 H87 cm,ฌ เฌอ | โซฟา L-shape ขุนทอง (Koontong L-shape Sofa)   หนังแท้ (ออย)เลือกสีได้ | ขนาด W320 D150 H87 cm ราคา 258700 ลด 30% เหลือ 181090 ชำระเป็นเงินสด ลด on top เพิ่ม 10% เหลือ 162981 ภายใน เดือนกันยายน 2569 และส่วนลดเพิ่มเติมตามโปรฯ ได้ที่ https://chawcher.com/category/promotion/,ฌ เฌอ,โซฟา,L-shape,ขุนทอง,(Koontong L-shape Sofa),,,หนังแท้ (ออย),เลือกสีได้,W320,D150,H87,cm,xxxxxxxx,B 258700.00,30%,B 181090.00,10%,B 162981.00
ฌ เฌอ | โซฟา L-shape ขุนทอง (Koontong L-shape Sofa)   หนังแท้เลือกสีได้ | ขนาด W210 D150 H87 cm,ฌ เฌอ | โซฟา L-shape ขุนทอง (Koontong L-shape Sofa)   หนังแท้เลือกสีได้ | ขนาด W210 D150 H87 cm ราคา 122500 ลด 30% เหลือ 85750 ชำระเป็นเงินสด ลด on top เพิ่ม 10% เหลือ 77175 ภายใน เดือนกันยายน 2569 และส่วนลดเพิ่มเติมตามโปรฯ ได้ที่ https://chawcher.com/category/promotion/,ฌ เฌอ,โซฟา,L-shape,ขุนทอง,(Koontong L-shape Sofa),,,หนังแท้,เลือกสีได้,W210,D150,H87,cm,10023266,B 122500.00,30%,B 85750.00,10%,B 77175.00
ฌ เฌอ | โซฟา L-shape ขุนทอง (Koontong L-shape Sofa)   หนังแท้เลือกสีได้ | ขนาด W240 D150 H87 cm,ฌ เฌอ | โซฟา L-shape ขุนทอง (Koontong L-shape Sofa)   หนังแท้เลือกสีได้ | ขนาด W240 D150 H87 cm ราคา 139300 ลด 30% เหลือ 97510 ชำระเป็นเงินสด ลด on top เพิ่ม 10% เหลือ 87759 ภายใน เดือนกันยายน 2569 และส่วนลดเพิ่มเติมตามโปรฯ ได้ที่ https://chawcher.com/category/promotion/,ฌ เฌอ,โซฟา,L-shape,ขุนทอง,(Koontong L-shape Sofa),,,หนังแท้,เลือกสีได้,W240,D150,H87,cm,10023268,B 139300.00,30%,B 97510.00,10%,B 87759.00
ฌ เฌอ | โซฟา L-shape ขุนทอง (Koontong L-shape Sofa)   หนังแท้เลือกสีได้ | ขนาด W320 D150 H87 cm,ฌ เฌอ | โซฟา L-shape ขุนทอง (Koontong L-shape Sofa)   หนังแท้เลือกสีได้ | ขนาด W320 D150 H87 cm ราคา 188100 ลด 30% เหลือ 131670 ชำระเป็นเงินสด ลด on top เพิ่ม 10% เหลือ 118503 ภายใน เดือนกันยายน 2569 และส่วนลดเพิ่มเติมตามโปรฯ ได้ที่ https://chawcher.com/category/promotion/,ฌ เฌอ,โซฟา,L-shape,ขุนทอง,(Koontong L-shape Sofa),,,หนังแท้,เลือกสีได้,W320,D150,H87,cm,10117622,B 188100.00,30%,B 131670.00,10%,B 118503.00
ฌ เฌอ | โซฟา L-shape ทากะ (Taka L-Shape Sofa)   ผ้า A เลือกสีได้ | ขนาด W254 D162 (90) H72 (46) ,ฌ เฌอ | โซฟา L-shape ทากะ (Taka L-Shape Sofa)   ผ้า A เลือกสีได้ | ขนาด W254 D162 (90) H72 (46)  ราคา 110000 ลด 30% เหลือ 77000 ชำระเป็นเงินสด ลด on top เพิ่ม 10% เหลือ 69300 ภายใน เดือนกันยายน 2569 และส่วนลดเพิ่มเติมตามโปรฯ ได้ที่ https://chawcher.com/category/promotion/,ฌ เฌอ,โซฟา,L-shape,ทากะ,(Taka L-Shape Sofa),,,ผ้า A ,เลือกสีได้,W254,D162 (90),H72 (46),,,B 110000.00,30%,B 77000.00,10%,B 69300.00
ฌ เฌอ | โซฟา L-shape ทากะ (Taka L-Shape Sofa)   ผ้า A เลือกสีได้ | ขนาด W284 D162 (90) H72 (46) cm,ฌ เฌอ | โซฟา L-shape ทากะ (Taka L-Shape Sofa)   ผ้า A เลือกสีได้ | ขนาด W284 D162 (90) H72 (46) cm ราคา 120000 ลด 30% เหลือ 84000 ชำระเป็นเงินสด ลด on top เพิ่ม 10% เหลือ 75600 ภายใน เดือนกันยายน 2569 และส่วนลดเพิ่มเติมตามโปรฯ ได้ที่ https://chawcher.com/category/promotion/,ฌ เฌอ,โซฟา,L-shape,ทากะ,(Taka L-Shape Sofa),,,ผ้า A ,เลือกสีได้,W284,D162 (90),H72 (46),cm,10784917,B 120000.00,30%,B 84000.00,10%,B 75600.00
ฌ เฌอ | โซฟา L-shape ทากะ (Taka L-Shape Sofa)   ผ้า A เลือกสีได้ | ขนาด W315 D162 (90) H72 (46) ,ฌ เฌอ | โซฟา L-shape ทากะ (Taka L-Shape Sofa)   ผ้า A เลือกสีได้ | ขนาด W315 D162 (90) H72 (46)  ราคา 159000 ลด 30% เหลือ 111300 ชำระเป็นเงินสด ลด on top เพิ่ม 10% เหลือ 100170 ภายใน เดือนกันยายน 2569 และส่วนลดเพิ่มเติมตามโปรฯ ได้ที่ https://chawcher.com/category/promotion/,ฌ เฌอ,โซฟา,L-shape,ทากะ,(Taka L-Shape Sofa),,,ผ้า A ,เลือกสีได้,W315,D162 (90),H72 (46),,,B 159000.00,30%,B 111300.00,10%,B 100170.00
ฌ เฌอ | โซฟา L-shape ทากะ (Taka L-Shape Sofa)   ผ้า B เลือกสีได้ | ขนาด W254 D162 (90) H72 (46) ,ฌ เฌอ | โซฟา L-shape ทากะ (Taka L-Shape Sofa)   ผ้า B เลือกสีได้ | ขนาด W254 D162 (90) H72 (46)  ราคา 145000 ลด 30% เหลือ 101500 ชำระเป็นเงินสด ลด on top เพิ่ม 10% เหลือ 91350 ภายใน เดือนกันยายน 2569 และส่วนลดเพิ่มเติมตามโปรฯ ได้ที่ https://chawcher.com/category/promotion/,ฌ เฌอ,โซฟา,L-shape,ทากะ,(Taka L-Shape Sofa),,,ผ้า B ,เลือกสีได้,W254,D162 (90),H72 (46),,,B 145000.00,30%,B 101500.00,10%,B 91350.00
ฌ เฌอ | โซฟา L-shape ทากะ (Taka L-Shape Sofa)   ผ้า B เลือกสีได้ | ขนาด W284 D162 (90) H72 (46) cm,ฌ เฌอ | โซฟา L-shape ทากะ (Taka L-Shape Sofa)   ผ้า B เลือกสีได้ | ขนาด W284 D162 (90) H72 (46) cm ราคา 155000 ลด 30% เหลือ 108500 ชำระเป็นเงินสด ลด on top เพิ่ม 10% เหลือ 97650 ภายใน เดือนกันยายน 2569 และส่วนลดเพิ่มเติมตามโปรฯ ได้ที่ https://chawcher.com/category/promotion/,ฌ เฌอ,โซฟา,L-shape,ทากะ,(Taka L-Shape Sofa),,,ผ้า B ,เลือกสีได้,W284,D162 (90),H72 (46),cm,10784918,B 155000.00,30%,B 108500.00,10%,B 97650.00
ฌ เฌอ | โซฟา L-shape ทากะ (Taka L-Shape Sofa)   ผ้า B เลือกสีได้ | ขนาด W315 D162 (90) H72 (46) ,ฌ เฌอ | โซฟา L-shape ทากะ (Taka L-Shape Sofa)   ผ้า B เลือกสีได้ | ขนาด W315 D162 (90) H72 (46)  ราคา 185000 ลด 30% เหลือ 129500 ชำระเป็นเงินสด ลด on top เพิ่ม 10% เหลือ 116550 ภายใน เดือนกันยายน 2569 และส่วนลดเพิ่มเติมตามโปรฯ ได้ที่ https://chawcher.com/category/promotion/,ฌ เฌอ,โซฟา,L-shape,ทากะ,(Taka L-Shape Sofa),,,ผ้า B ,เลือกสีได้,W315,D162 (90),H72 (46),,,B 185000.00,30%,B 129500.00,10%,B 116550.00
ฌ เฌอ | โซฟา L-shape ทากะ (Taka L-Shape Sofa)   ผ้า C เลือกสีได้ | ขนาด W254 D162 (90) H72 (46) ,ฌ เฌอ | โซฟา L-shape ทากะ (Taka L-Shape Sofa)   ผ้า C เลือกสีได้ | ขนาด W254 D162 (90) H72 (46)  ราคา 160000 ลด 30% เหลือ 112000 ชำระเป็นเงินสด ลด on top เพิ่ม 10% เหลือ 100800 ภายใน เดือนกันยายน 2569 และส่วนลดเพิ่มเติมตามโปรฯ ได้ที่ https://chawcher.com/category/promotion/,ฌ เฌอ,โซฟา,L-shape,ทากะ,(Taka L-Shape Sofa),,,ผ้า C ,เลือกสีได้,W254,D162 (90),H72 (46),,,B 160000.00,30%,B 112000.00,10%,B 100800.00
ฌ เฌอ | โซฟา L-shape ทากะ (Taka L-Shape Sofa)   ผ้า C เลือกสีได้ | ขนาด W284 D162 (90) H72 (46) cm,ฌ เฌอ | โซฟา L-shape ทากะ (Taka L-Shape Sofa)   ผ้า C เลือกสีได้ | ขนาด W284 D162 (90) H72 (46) cm ราคา 170000 ลด 30% เหลือ 119000 ชำระเป็นเงินสด ลด on top เพิ่ม 10% เหลือ 107100 ภายใน เดือนกันยายน 2569 และส่วนลดเพิ่มเติมตามโปรฯ ได้ที่ https://chawcher.com/category/promotion/,ฌ เฌอ,โซฟา,L-shape,ทากะ,(Taka L-Shape Sofa),,,ผ้า C ,เลือกสีได้,W284,D162 (90),H72 (46),cm,10784919,B 170000.00,30%,B 119000.00,10%,B 107100.00
ฌ เฌอ | โซฟา L-shape ทากะ (Taka L-Shape Sofa)   ผ้า C เลือกสีได้ | ขนาด W315 D162 (90) H72 (46) ,ฌ เฌอ | โซฟา L-shape ทากะ (Taka L-Shape Sofa)   ผ้า C เลือกสีได้ | ขนาด W315 D162 (90) H72 (46)  ราคา 215000 ลด 30% เหลือ 150500 ชำระเป็นเงินสด ลด on top เพิ่ม 10% เหลือ 135450 ภายใน เดือนกันยายน 2569 และส่วนลดเพิ่มเติมตามโปรฯ ได้ที่ https://chawcher.com/category/promotion/,ฌ เฌอ,โซฟา,L-shape,ทากะ,(Taka L-Shape Sofa),,,ผ้า C ,เลือกสีได้,W315,D162 (90),H72 (46),,,B 215000.00,30%,B 150500.00,10%,B 135450.00
ฌ เฌอ | โซฟา L-shape ทากะ (Taka L-Shape Sofa)   หนังแท้ (ออย)เลือกสีได้ | ขนาด W254 D162 (90) H72 (46) ,ฌ เฌอ | โซฟา L-shape ทากะ (Taka L-Shape Sofa)   หนังแท้ (ออย)เลือกสีได้ | ขนาด W254 D162 (90) H72 (46)  ราคา 215000 ลด 30% เหลือ 150500 ชำระเป็นเงินสด ลด on top เพิ่ม 10% เหลือ 135450 ภายใน เดือนกันยายน 2569 และส่วนลดเพิ่มเติมตามโปรฯ ได้ที่ https://chawcher.com/category/promotion/,ฌ เฌอ,โซฟา,L-shape,ทากะ,(Taka L-Shape Sofa),,,หนังแท้ (ออย),เลือกสีได้,W254,D162 (90),H72 (46),,,B 215000.00,30%,B 150500.00,10%,B 135450.00
ฌ เฌอ | โซฟา L-shape ทากะ (Taka L-Shape Sofa)   หนังแท้ (ออย)เลือกสีได้ | ขนาด W284 D162 (90) H72 (46) cm,ฌ เฌอ | โซฟา L-shape ทากะ (Taka L-Shape Sofa)   หนังแท้ (ออย)เลือกสีได้ | ขนาด W284 D162 (90) H72 (46) cm ราคา 230000 ลด 30% เหลือ 161000 ชำระเป็นเงินสด ลด on top เพิ่ม 10% เหลือ 144900 ภายใน เดือนกันยายน 2569 และส่วนลดเพิ่มเติมตามโปรฯ ได้ที่ https://chawcher.com/category/promotion/,ฌ เฌอ,โซฟา,L-shape,ทากะ,(Taka L-Shape Sofa),,,หนังแท้ (ออย),เลือกสีได้,W284,D162 (90),H72 (46),cm,10784921,B 230000.00,30%,B 161000.00,10%,B 144900.00
ฌ เฌอ | โซฟา L-shape ทากะ (Taka L-Shape Sofa)   หนังแท้ (ออย)เลือกสีได้ | ขนาด W315 D162 (90) H72 (46) ,ฌ เฌอ | โซฟา L-shape ทากะ (Taka L-Shape Sofa)   หนังแท้ (ออย)เลือกสีได้ | ขนาด W315 D162 (90) H72 (46)  ราคา 280000 ลด 30% เหลือ 196000 ชำระเป็นเงินสด ลด on top เพิ่ม 10% เหลือ 176400 ภายใน เดือนกันยายน 2569 และส่วนลดเพิ่มเติมตามโปรฯ ได้ที่ https://chawcher.com/category/promotion/,ฌ เฌอ,โซฟา,L-shape,ทากะ,(Taka L-Shape Sofa),,,หนังแท้ (ออย),เลือกสีได้,W315,D162 (90),H72 (46),,,B 280000.00,30%,B 196000.00,10%,B 176400.00
ฌ เฌอ | โซฟา L-shape ทากะ (Taka L-Shape Sofa)   หนังแท้เลือกสีได้ | ขนาด W254 D162 (90) H72 (46) ,ฌ เฌอ | โซฟา L-shape ทากะ (Taka L-Shape Sofa)   หนังแท้เลือกสีได้ | ขนาด W254 D162 (90) H72 (46)  ราคา 185000 ลด 30% เหลือ 129500 ชำระเป็นเงินสด ลด on top เพิ่ม 10% เหลือ 116550 ภายใน เดือนกันยายน 2569 และส่วนลดเพิ่มเติมตามโปรฯ ได้ที่ https://chawcher.com/category/promotion/,ฌ เฌอ,โซฟา,L-shape,ทากะ,(Taka L-Shape Sofa),,,หนังแท้,เลือกสีได้,W254,D162 (90),H72 (46),,,B 185000.00,30%,B 129500.00,10%,B 116550.00
ฌ เฌอ | โซฟา L-shape ทากะ (Taka L-Shape Sofa)   หนังแท้เลือกสีได้ | ขนาด W284 D162 (90) H72 (46) cm,ฌ เฌอ | โซฟา L-shape ทากะ (Taka L-Shape Sofa)   หนังแท้เลือกสีได้ | ขนาด W284 D162 (90) H72 (46) cm ราคา 200000 ลด 30% เหลือ 140000 ชำระเป็นเงินสด ลด on top เพิ่ม 10% เหลือ 126000 ภายใน เดือนกันยายน 2569 และส่วนลดเพิ่มเติมตามโปรฯ ได้ที่ https://chawcher.com/category/promotion/,ฌ เฌอ,โซฟา,L-shape,ทากะ,(Taka L-Shape Sofa),,,หนังแท้,เลือกสีได้,W284,D162 (90),H72 (46),cm,10784920,B 200000.00,30%,B 140000.00,10%,B 126000.00
ฌ เฌอ | โซฟา L-shape ทากะ (Taka L-Shape Sofa)   หนังแท้เลือกสีได้ | ขนาด W315 D162 (90) H72 (46) ,ฌ เฌอ | โซฟา L-shape ทากะ (Taka L-Shape Sofa)   หนังแท้เลือกสีได้ | ขนาด W315 D162 (90) H72 (46)  ราคา 250000 ลด 30% เหลือ 175000 ชำระเป็นเงินสด ลด on top เพิ่ม 10% เหลือ 157500 ภายใน เดือนกันยายน 2569 และส่วนลดเพิ่มเติมตามโปรฯ ได้ที่ https://chawcher.com/category/promotion/,ฌ เฌอ,โซฟา,L-shape,ทากะ,(Taka L-Shape Sofa),,,หนังแท้,เลือกสีได้,W315,D162 (90),H72 (46),,,B 250000.00,30%,B 175000.00,10%,B 157500.00
ฌ เฌอ | โซฟา L-shape ฟีนิกซ์ (Phoenix Sofa)   ผ้า A เลือกสีได้ | ขนาด W355 D166 H85 cm,ฌ เฌอ | โซฟา L-shape ฟีนิกซ์ (Phoenix Sofa)   ผ้า A เลือกสีได้ | ขนาด W355 D166 H85 cm ราคา 193400 ลด 40% เหลือ 116040 ชำระเป็นเงินสด ลด on top เพิ่ม 10% เหลือ 104436 ภายใน เดือนกันยายน 2569 และส่วนลดเพิ่มเติมตามโปรฯ ได้ที่ https://chawcher.com/category/promotion/,ฌ เฌอ,โซฟา,L-shape,ฟีนิกซ์,(Phoenix Sofa),,,ผ้า A ,เลือกสีได้,W355,D166,H85,cm,xxxxxxxx,B 193400.00,40%,B 116040.00,10%,B 104436.00
ฌ เฌอ | โซฟา L-shape ฟีนิกซ์ (Phoenix Sofa)   ผ้า B เลือกสีได้ | ขนาด W355 D166 H85 cm,ฌ เฌอ | โซฟา L-shape ฟีนิกซ์ (Phoenix Sofa)   ผ้า B เลือกสีได้ | ขนาด W355 D166 H85 cm ราคา 218000 ลด 40% เหลือ 130800 ชำระเป็นเงินสด ลด on top เพิ่ม 10% เหลือ 117720 ภายใน เดือนกันยายน 2569 และส่วนลดเพิ่มเติมตามโปรฯ ได้ที่ https://chawcher.com/category/promotion/,ฌ เฌอ,โซฟา,L-shape,ฟีนิกซ์,(Phoenix Sofa),,,ผ้า B ,เลือกสีได้,W355,D166,H85,cm,xxxxxxxx,B 218000.00,40%,B 130800.00,10%,B 117720.00
ฌ เฌอ | โซฟา L-shape ฟีนิกซ์ (Phoenix Sofa)   ผ้า C เลือกสีได้ | ขนาด W355 D166 H85 cm,ฌ เฌอ | โซฟา L-shape ฟีนิกซ์ (Phoenix Sofa)   ผ้า C เลือกสีได้ | ขนาด W355 D166 H85 cm ราคา 250900 ลด 40% เหลือ 150540 ชำระเป็นเงินสด ลด on top เพิ่ม 10% เหลือ 135486 ภายใน เดือนกันยายน 2569 และส่วนลดเพิ่มเติมตามโปรฯ ได้ที่ https://chawcher.com/category/promotion/,ฌ เฌอ,โซฟา,L-shape,ฟีนิกซ์,(Phoenix Sofa),,,ผ้า C ,เลือกสีได้,W355,D166,H85,cm,10029841,B 250900.00,40%,B 150540.00,10%,B 135486.00
ฌ เฌอ | โซฟา L-shape ฟีนิกซ์ (Phoenix Sofa)   หนังแท้ (ออย)เลือกสีได้ | ขนาด W355 D166 H85 cm,ฌ เฌอ | โซฟา L-shape ฟีนิกซ์ (Phoenix Sofa)   หนังแท้ (ออย)เลือกสีได้ | ขนาด W355 D166 H85 cm ราคา 379800 ลด 40% เหลือ 227880 ชำระเป็นเงินสด ลด on top เพิ่ม 10% เหลือ 205092 ภายใน เดือนกันยายน 2569 และส่วนลดเพิ่มเติมตามโปรฯ ได้ที่ https://chawcher.com/category/promotion/,ฌ เฌอ,โซฟา,L-shape,ฟีนิกซ์,(Phoenix Sofa),,,หนังแท้ (ออย),เลือกสีได้,W355,D166,H85,cm,10123954,B 379800.00,40%,B 227880.00,10%,B 205092.00
ฌ เฌอ | โซฟา L-shape ฟีนิกซ์ (Phoenix Sofa)   หนังแท้เลือกสีได้ | ขนาด W355 D166 H85 cm,ฌ เฌอ | โซฟา L-shape ฟีนิกซ์ (Phoenix Sofa)   หนังแท้เลือกสีได้ | ขนาด W355 D166 H85 cm ราคา 323000 ลด 40% เหลือ 193800 ชำระเป็นเงินสด ลด on top เพิ่ม 10% เหลือ 174420 ภายใน เดือนกันยายน 2569 และส่วนลดเพิ่มเติมตามโปรฯ ได้ที่ https://chawcher.com/category/promotion/,ฌ เฌอ,โซฟา,L-shape,ฟีนิกซ์,(Phoenix Sofa),,,หนังแท้,เลือกสีได้,W355,D166,H85,cm,xxxxxxxx,B 323000.00,40%,B 193800.00,10%,B 174420.00
ฌ เฌอ | โซฟา L-shape โอมุ (Omu L-Shape Sofa)   ผ้า A เลือกสีได้ | ขนาด W280 D167 (101) H84 (45) cm,ฌ เฌอ | โซฟา L-shape โอมุ (Omu L-Shape Sofa)   ผ้า A เลือกสีได้ | ขนาด W280 D167 (101) H84 (45) cm ราคา 120000 ลด 25% เหลือ 90000 ชำระเป็นเงินสด ลด on top เพิ่ม 10% เหลือ 81000 ภายใน เดือนกันยายน 2569 และส่วนลดเพิ่มเติมตามโปรฯ ได้ที่ https://chawcher.com/category/promotion/,ฌ เฌอ,โซฟา,L-shape,โอมุ,(Omu L-Shape Sofa),,,ผ้า A ,เลือกสีได้,W280,D167 (101),H84 (45),cm,xxxxxxxx,B 120000.00,25%,B 90000.00,10%,B 81000.00
ฌ เฌอ | โซฟา L-shape โอมุ (Omu L-Shape Sofa)   ผ้า A เลือกสีได้ | ขนาด W320 D167 (101) H84 (45) cm,ฌ เฌอ | โซฟา L-shape โอมุ (Omu L-Shape Sofa)   ผ้า A เลือกสีได้ | ขนาด W320 D167 (101) H84 (45) cm ราคา 130000 ลด 25% เหลือ 97500 ชำระเป็นเงินสด ลด on top เพิ่ม 10% เหลือ 87750 ภายใน เดือนกันยายน 2569 และส่วนลดเพิ่มเติมตามโปรฯ ได้ที่ https://chawcher.com/category/promotion/,ฌ เฌอ,โซฟา,L-shape,โอมุ,(Omu L-Shape Sofa),,,ผ้า A ,เลือกสีได้,W320,D167 (101),H84 (45),cm,xxxxxxxx,B 130000.00,25%,B 97500.00,10%,B 87750.00
ฌ เฌอ | โซฟา L-shape โอมุ (Omu L-Shape Sofa)   ผ้า B เลือกสีได้ | ขนาด W280 D167 (101) H84 (45) cm,ฌ เฌอ | โซฟา L-shape โอมุ (Omu L-Shape Sofa)   ผ้า B เลือกสีได้ | ขนาด W280 D167 (101) H84 (45) cm ราคา 140000 ลด 25% เหลือ 105000 ชำระเป็นเงินสด ลด on top เพิ่ม 10% เหลือ 94500 ภายใน เดือนกันยายน 2569 และส่วนลดเพิ่มเติมตามโปรฯ ได้ที่ https://chawcher.com/category/promotion/,ฌ เฌอ,โซฟา,L-shape,โอมุ,(Omu L-Shape Sofa),,,ผ้า B ,เลือกสีได้,W280,D167 (101),H84 (45),cm,xxxxxxxx,B 140000.00,25%,B 105000.00,10%,B 94500.00
ฌ เฌอ | โซฟา L-shape โอมุ (Omu L-Shape Sofa)   ผ้า B เลือกสีได้ | ขนาด W320 D167 (101) H84 (45) cm,ฌ เฌอ | โซฟา L-shape โอมุ (Omu L-Shape Sofa)   ผ้า B เลือกสีได้ | ขนาด W320 D167 (101) H84 (45) cm ราคา 160000 ลด 25% เหลือ 120000 ชำระเป็นเงินสด ลด on top เพิ่ม 10% เหลือ 108000 ภายใน เดือนกันยายน 2569 และส่วนลดเพิ่มเติมตามโปรฯ ได้ที่ https://chawcher.com/category/promotion/,ฌ เฌอ,โซฟา,L-shape,โอมุ,(Omu L-Shape Sofa),,,ผ้า B ,เลือกสีได้,W320,D167 (101),H84 (45),cm,xxxxxxxx,B 160000.00,25%,B 120000.00,10%,B 108000.00
ฌ เฌอ | โซฟา L-shape โอมุ (Omu L-Shape Sofa)   ผ้า C เลือกสีได้ | ขนาด W280 D167 (101) H84 (45) cm,ฌ เฌอ | โซฟา L-shape โอมุ (Omu L-Shape Sofa)   ผ้า C เลือกสีได้ | ขนาด W280 D167 (101) H84 (45) cm ราคา 170000 ลด 25% เหลือ 127500 ชำระเป็นเงินสด ลด on top เพิ่ม 10% เหลือ 114750 ภายใน เดือนกันยายน 2569 และส่วนลดเพิ่มเติมตามโปรฯ ได้ที่ https://chawcher.com/category/promotion/,ฌ เฌอ,โซฟา,L-shape,โอมุ,(Omu L-Shape Sofa),,,ผ้า C ,เลือกสีได้,W280,D167 (101),H84 (45),cm,xxxxxxxx,B 170000.00,25%,B 127500.00,10%,B 114750.00
ฌ เฌอ | โซฟา L-shape โอมุ (Omu L-Shape Sofa)   ผ้า C เลือกสีได้ | ขนาด W320 D167 (101) H84 (45) cm,ฌ เฌอ | โซฟา L-shape โอมุ (Omu L-Shape Sofa)   ผ้า C เลือกสีได้ | ขนาด W320 D167 (101) H84 (45) cm ราคา 190000 ลด 25% เหลือ 142500 ชำระเป็นเงินสด ลด on top เพิ่ม 10% เหลือ 128250 ภายใน เดือนกันยายน 2569 และส่วนลดเพิ่มเติมตามโปรฯ ได้ที่ https://chawcher.com/category/promotion/,ฌ เฌอ,โซฟา,L-shape,โอมุ,(Omu L-Shape Sofa),,,ผ้า C ,เลือกสีได้,W320,D167 (101),H84 (45),cm,xxxxxxxx,B 190000.00,25%,B 142500.00,10%,B 128250.00
ฌ เฌอ | โซฟา L-shape โอมุ (Omu L-Shape Sofa)   หนังแท้ (ออย)เลือกสีได้ | ขนาด W280 D167 (101) H84 (45) cm,ฌ เฌอ | โซฟา L-shape โอมุ (Omu L-Shape Sofa)   หนังแท้ (ออย)เลือกสีได้ | ขนาด W280 D167 (101) H84 (45) cm ราคา 290000 ลด 25% เหลือ 217500 ชำระเป็นเงินสด ลด on top เพิ่ม 10% เหลือ 195750 ภายใน เดือนกันยายน 2569 และส่วนลดเพิ่มเติมตามโปรฯ ได้ที่ https://chawcher.com/category/promotion/,ฌ เฌอ,โซฟา,L-shape,โอมุ,(Omu L-Shape Sofa),,,หนังแท้ (ออย),เลือกสีได้,W280,D167 (101),H84 (45),cm,xxxxxxxx,B 290000.00,25%,B 217500.00,10%,B 195750.00
ฌ เฌอ | โซฟา L-shape โอมุ (Omu L-Shape Sofa)   หนังแท้ (ออย)เลือกสีได้ | ขนาด W320 D167 (101) H84 (45) cm,ฌ เฌอ | โซฟา L-shape โอมุ (Omu L-Shape Sofa)   หนังแท้ (ออย)เลือกสีได้ | ขนาด W320 D167 (101) H84 (45) cm ราคา 320000 ลด 25% เหลือ 240000 ชำระเป็นเงินสด ลด on top เพิ่ม 10% เหลือ 216000 ภายใน เดือนกันยายน 2569 และส่วนลดเพิ่มเติมตามโปรฯ ได้ที่ https://chawcher.com/category/promotion/,ฌ เฌอ,โซฟา,L-shape,โอมุ,(Omu L-Shape Sofa),,,หนังแท้ (ออย),เลือกสีได้,W320,D167 (101),H84 (45),cm,xxxxxxxx,B 320000.00,25%,B 240000.00,10%,B 216000.00
ฌ เฌอ | โซฟา L-shape โอมุ (Omu L-Shape Sofa)   หนังแท้เลือกสีได้ | ขนาด W280 D167 (101) H84 (45) cm,ฌ เฌอ | โซฟา L-shape โอมุ (Omu L-Shape Sofa)   หนังแท้เลือกสีได้ | ขนาด W280 D167 (101) H84 (45) cm ราคา 220000 ลด 25% เหลือ 165000 ชำระเป็นเงินสด ลด on top เพิ่ม 10% เหลือ 148500 ภายใน เดือนกันยายน 2569 และส่วนลดเพิ่มเติมตามโปรฯ ได้ที่ https://chawcher.com/category/promotion/,ฌ เฌอ,โซฟา,L-shape,โอมุ,(Omu L-Shape Sofa),,,หนังแท้,เลือกสีได้,W280,D167 (101),H84 (45),cm,xxxxxxxx,B 220000.00,25%,B 165000.00,10%,B 148500.00
ฌ เฌอ | โซฟา L-shape โอมุ (Omu L-Shape Sofa)   หนังแท้เลือกสีได้ | ขนาด W320 D167 (101) H84 (45) cm,ฌ เฌอ | โซฟา L-shape โอมุ (Omu L-Shape Sofa)   หนังแท้เลือกสีได้ | ขนาด W320 D167 (101) H84 (45) cm ราคา 250000 ลด 25% เหลือ 187500 ชำระเป็นเงินสด ลด on top เพิ่ม 10% เหลือ 168750 ภายใน เดือนกันยายน 2569 และส่วนลดเพิ่มเติมตามโปรฯ ได้ที่ https://chawcher.com/category/promotion/,ฌ เฌอ,โซฟา,L-shape,โอมุ,(Omu L-Shape Sofa),,,หนังแท้,เลือกสีได้,W320,D167 (101),H84 (45),cm,xxxxxxxx,B 250000.00,25%,B 187500.00,10%,B 168750.00
ฌ เฌอ | โซฟา เดย์เบด ขุนทอง (Koontong Daybed)   เบาะหนังแท้ ฐานหนังเทียมเลือกสีได้ | ขนาด W70 D150 H87 cm,ฌ เฌอ | โซฟา เดย์เบด ขุนทอง (Koontong Daybed)   เบาะหนังแท้ ฐานหนังเทียมเลือกสีได้ | ขนาด W70 D150 H87 cm ราคา 49800 ลด 30% เหลือ 34860 ชำระเป็นเงินสด ลด on top เพิ่ม 10% เหลือ 31374 ภายใน เดือนกันยายน 2569 และส่วนลดเพิ่มเติมตามโปรฯ ได้ที่ https://chawcher.com/category/promotion/,ฌ เฌอ,โซฟา,เดย์เบด,ขุนทอง,(Koontong Daybed),,,เบาะหนังแท้ ฐานหนังเทียม,เลือกสีได้,W70,D150,H87,cm,10061415,B 49800.00,30%,B 34860.00,10%,B 31374.00
ฌ เฌอ | โซฟา เดย์เบด ขุนทอง (Koontong Daybed)   เบาะหนังแท้ ฐานหนังเทียมเลือกสีได้ | ขนาด W80 D150 H87 cm,ฌ เฌอ | โซฟา เดย์เบด ขุนทอง (Koontong Daybed)   เบาะหนังแท้ ฐานหนังเทียมเลือกสีได้ | ขนาด W80 D150 H87 cm ราคา 57700 ลด 30% เหลือ 40390 ชำระเป็นเงินสด ลด on top เพิ่ม 10% เหลือ 36351 ภายใน เดือนกันยายน 2569 และส่วนลดเพิ่มเติมตามโปรฯ ได้ที่ https://chawcher.com/category/promotion/,ฌ เฌอ,โซฟา,เดย์เบด,ขุนทอง,(Koontong Daybed),,,เบาะหนังแท้ ฐานหนังเทียม,เลือกสีได้,W80,D150,H87,cm,10061417,B 57700.00,30%,B 40390.00,10%,B 36351.00
ฌ เฌอ | โซฟา เดย์เบด ขุนทอง (Koontong Daybed)   ผ้า A เลือกสีได้ | ขนาด W70 D150 H87 cm,ฌ เฌอ | โซฟา เดย์เบด ขุนทอง (Koontong Daybed)   ผ้า A เลือกสีได้ | ขนาด W70 D150 H87 cm ราคา 38400 ลด 30% เหลือ 26880 ชำระเป็นเงินสด ลด on top เพิ่ม 10% เหลือ 24192 ภายใน เดือนกันยายน 2569 และส่วนลดเพิ่มเติมตามโปรฯ ได้ที่ https://chawcher.com/category/promotion/,ฌ เฌอ,โซฟา,เดย์เบด,ขุนทอง,(Koontong Daybed),,,ผ้า A ,เลือกสีได้,W70,D150,H87,cm,xxxxxxxx,B 38400.00,30%,B 26880.00,10%,B 24192.00
ฌ เฌอ | โซฟา เดย์เบด ขุนทอง (Koontong Daybed)   ผ้า A เลือกสีได้ | ขนาด W80 D150 H87 cm,ฌ เฌอ | โซฟา เดย์เบด ขุนทอง (Koontong Daybed)   ผ้า A เลือกสีได้ | ขนาด W80 D150 H87 cm ราคา 45800 ลด 30% เหลือ 32060 ชำระเป็นเงินสด ลด on top เพิ่ม 10% เหลือ 28854 ภายใน เดือนกันยายน 2569 และส่วนลดเพิ่มเติมตามโปรฯ ได้ที่ https://chawcher.com/category/promotion/,ฌ เฌอ,โซฟา,เดย์เบด,ขุนทอง,(Koontong Daybed),,,ผ้า A ,เลือกสีได้,W80,D150,H87,cm,xxxxxxxx,B 45800.00,30%,B 32060.00,10%,B 28854.00
ฌ เฌอ | โซฟา เดย์เบด ขุนทอง (Koontong Daybed)   ผ้า B เลือกสีได้ | ขนาด W70 D150 H87 cm,ฌ เฌอ | โซฟา เดย์เบด ขุนทอง (Koontong Daybed)   ผ้า B เลือกสีได้ | ขนาด W70 D150 H87 cm ราคา 44000 ลด 30% เหลือ 30800 ชำระเป็นเงินสด ลด on top เพิ่ม 10% เหลือ 27720 ภายใน เดือนกันยายน 2569 และส่วนลดเพิ่มเติมตามโปรฯ ได้ที่ https://chawcher.com/category/promotion/,ฌ เฌอ,โซฟา,เดย์เบด,ขุนทอง,(Koontong Daybed),,,ผ้า B ,เลือกสีได้,W70,D150,H87,cm,xxxxxxxx,B 44000.00,30%,B 30800.00,10%,B 27720.00
ฌ เฌอ | โซฟา เดย์เบด ขุนทอง (Koontong Daybed)   ผ้า B เลือกสีได้ | ขนาด W80 D150 H87 cm,ฌ เฌอ | โซฟา เดย์เบด ขุนทอง (Koontong Daybed)   ผ้า B เลือกสีได้ | ขนาด W80 D150 H87 cm ราคา 50000 ลด 30% เหลือ 35000 ชำระเป็นเงินสด ลด on top เพิ่ม 10% เหลือ 31500 ภายใน เดือนกันยายน 2569 และส่วนลดเพิ่มเติมตามโปรฯ ได้ที่ https://chawcher.com/category/promotion/,ฌ เฌอ,โซฟา,เดย์เบด,ขุนทอง,(Koontong Daybed),,,ผ้า B ,เลือกสีได้,W80,D150,H87,cm,xxxxxxxx,B 50000.00,30%,B 35000.00,10%,B 31500.00
ฌ เฌอ | โซฟา เดย์เบด ขุนทอง (Koontong Daybed)   ผ้า C เลือกสีได้ | ขนาด W70 D150 H87 cm,ฌ เฌอ | โซฟา เดย์เบด ขุนทอง (Koontong Daybed)   ผ้า C เลือกสีได้ | ขนาด W70 D150 H87 cm ราคา 48000 ลด 30% เหลือ 33600 ชำระเป็นเงินสด ลด on top เพิ่ม 10% เหลือ 30240 ภายใน เดือนกันยายน 2569 และส่วนลดเพิ่มเติมตามโปรฯ ได้ที่ https://chawcher.com/category/promotion/,ฌ เฌอ,โซฟา,เดย์เบด,ขุนทอง,(Koontong Daybed),,,ผ้า C ,เลือกสีได้,W70,D150,H87,cm,xxxxxxxx,B 48000.00,30%,B 33600.00,10%,B 30240.00
ฌ เฌอ | โซฟา เดย์เบด ขุนทอง (Koontong Daybed)   ผ้า C เลือกสีได้ | ขนาด W80 D150 H87 cm,ฌ เฌอ | โซฟา เดย์เบด ขุนทอง (Koontong Daybed)   ผ้า C เลือกสีได้ | ขนาด W80 D150 H87 cm ราคา 57300 ลด 30% เหลือ 40110 ชำระเป็นเงินสด ลด on top เพิ่ม 10% เหลือ 36099 ภายใน เดือนกันยายน 2569 และส่วนลดเพิ่มเติมตามโปรฯ ได้ที่ https://chawcher.com/category/promotion/,ฌ เฌอ,โซฟา,เดย์เบด,ขุนทอง,(Koontong Daybed),,,ผ้า C ,เลือกสีได้,W80,D150,H87,cm,xxxxxxxx,B 57300.00,30%,B 40110.00,10%,B 36099.00
ฌ เฌอ | โซฟา เดย์เบด ขุนทอง (Koontong Daybed)   หนังแท้ (ออย)เลือกสีได้ | ขนาด W70 D150 H87 cm,ฌ เฌอ | โซฟา เดย์เบด ขุนทอง (Koontong Daybed)   หนังแท้ (ออย)เลือกสีได้ | ขนาด W70 D150 H87 cm ราคา 75900 ลด 30% เหลือ 53130 ชำระเป็นเงินสด ลด on top เพิ่ม 10% เหลือ 47817 ภายใน เดือนกันยายน 2569 และส่วนลดเพิ่มเติมตามโปรฯ ได้ที่ https://chawcher.com/category/promotion/,ฌ เฌอ,โซฟา,เดย์เบด,ขุนทอง,(Koontong Daybed),,,หนังแท้ (ออย),เลือกสีได้,W70,D150,H87,cm,xxxxxxxx,B 75900.00,30%,B 53130.00,10%,B 47817.00
ฌ เฌอ | โซฟา เดย์เบด ขุนทอง (Koontong Daybed)   หนังแท้ (ออย)เลือกสีได้ | ขนาด W80 D150 H87 cm,ฌ เฌอ | โซฟา เดย์เบด ขุนทอง (Koontong Daybed)   หนังแท้ (ออย)เลือกสีได้ | ขนาด W80 D150 H87 cm ราคา 86200 ลด 30% เหลือ 60340 ชำระเป็นเงินสด ลด on top เพิ่ม 10% เหลือ 54306 ภายใน เดือนกันยายน 2569 และส่วนลดเพิ่มเติมตามโปรฯ ได้ที่ https://chawcher.com/category/promotion/,ฌ เฌอ,โซฟา,เดย์เบด,ขุนทอง,(Koontong Daybed),,,หนังแท้ (ออย),เลือกสีได้,W80,D150,H87,cm,xxxxxxxx,B 86200.00,30%,B 60340.00,10%,B 54306.00
ฌ เฌอ | โซฟา เดย์เบด ขุนทอง (Koontong Daybed)   หนังแท้เลือกสีได้ | ขนาด W70 D150 H87 cm,ฌ เฌอ | โซฟา เดย์เบด ขุนทอง (Koontong Daybed)   หนังแท้เลือกสีได้ | ขนาด W70 D150 H87 cm ราคา 59100 ลด 30% เหลือ 41370 ชำระเป็นเงินสด ลด on top เพิ่ม 10% เหลือ 37233 ภายใน เดือนกันยายน 2569 และส่วนลดเพิ่มเติมตามโปรฯ ได้ที่ https://chawcher.com/category/promotion/,ฌ เฌอ,โซฟา,เดย์เบด,ขุนทอง,(Koontong Daybed),,,หนังแท้,เลือกสีได้,W70,D150,H87,cm,10061416,B 59100.00,30%,B 41370.00,10%,B 37233.00
ฌ เฌอ | โซฟา เดย์เบด ขุนทอง (Koontong Daybed)   หนังแท้เลือกสีได้ | ขนาด W80 D150 H87 cm,ฌ เฌอ | โซฟา เดย์เบด ขุนทอง (Koontong Daybed)   หนังแท้เลือกสีได้ | ขนาด W80 D150 H87 cm ราคา 67200 ลด 30% เหลือ 47040 ชำระเป็นเงินสด ลด on top เพิ่ม 10% เหลือ 42336 ภายใน เดือนกันยายน 2569 และส่วนลดเพิ่มเติมตามโปรฯ ได้ที่ https://chawcher.com/category/promotion/,ฌ เฌอ,โซฟา,เดย์เบด,ขุนทอง,(Koontong Daybed),,,หนังแท้,เลือกสีได้,W80,D150,H87,cm,10061418,B 67200.00,30%,B 47040.00,10%,B 42336.00
ฌ เฌอ | โซฟา เดย์เบด ฟีนิกซ์ (Phoenix Daybed)   ผ้า A เลือกสีได้ | ขนาด W100 D166 H85 cm,ฌ เฌอ | โซฟา เดย์เบด ฟีนิกซ์ (Phoenix Daybed)   ผ้า A เลือกสีได้ | ขนาด W100 D166 H85 cm ราคา 78000 ลด 40% เหลือ 46800 ชำระเป็นเงินสด ลด on top เพิ่ม 10% เหลือ 42120 ภายใน เดือนกันยายน 2569 และส่วนลดเพิ่มเติมตามโปรฯ ได้ที่ https://chawcher.com/category/promotion/,ฌ เฌอ,โซฟา,เดย์เบด,ฟีนิกซ์,(Phoenix Daybed),,,ผ้า A ,เลือกสีได้,W100,D166,H85,cm,xxxxxxxx,B 78000.00,40%,B 46800.00,10%,B 42120.00
ฌ เฌอ | โซฟา เดย์เบด ฟีนิกซ์ (Phoenix Daybed)   ผ้า A เลือกสีได้ | ขนาด W100 D180 H85 cm,ฌ เฌอ | โซฟา เดย์เบด ฟีนิกซ์ (Phoenix Daybed)   ผ้า A เลือกสีได้ | ขนาด W100 D180 H85 cm ราคา 81000 ลด 40% เหลือ 48600 ชำระเป็นเงินสด ลด on top เพิ่ม 10% เหลือ 43740 ภายใน เดือนกันยายน 2569 และส่วนลดเพิ่มเติมตามโปรฯ ได้ที่ https://chawcher.com/category/promotion/,ฌ เฌอ,โซฟา,เดย์เบด,ฟีนิกซ์,(Phoenix Daybed),,,ผ้า A ,เลือกสีได้,W100,D180,H85,cm,xxxxxxxx,B 81000.00,40%,B 48600.00,10%,B 43740.00
ฌ เฌอ | โซฟา เดย์เบด ฟีนิกซ์ (Phoenix Daybed)   ผ้า A เลือกสีได้ | ขนาด W125 D166 H85 cm,ฌ เฌอ | โซฟา เดย์เบด ฟีนิกซ์ (Phoenix Daybed)   ผ้า A เลือกสีได้ | ขนาด W125 D166 H85 cm ราคา 81000 ลด 40% เหลือ 48600 ชำระเป็นเงินสด ลด on top เพิ่ม 10% เหลือ 43740 ภายใน เดือนกันยายน 2569 และส่วนลดเพิ่มเติมตามโปรฯ ได้ที่ https://chawcher.com/category/promotion/,ฌ เฌอ,โซฟา,เดย์เบด,ฟีนิกซ์,(Phoenix Daybed),,,ผ้า A ,เลือกสีได้,W125,D166,H85,cm,xxxxxxxx,B 81000.00,40%,B 48600.00,10%,B 43740.00
ฌ เฌอ | โซฟา เดย์เบด ฟีนิกซ์ (Phoenix Daybed)   ผ้า B เลือกสีได้ | ขนาด W100 D166 H85 cm,ฌ เฌอ | โซฟา เดย์เบด ฟีนิกซ์ (Phoenix Daybed)   ผ้า B เลือกสีได้ | ขนาด W100 D166 H85 cm ราคา 86000 ลด 40% เหลือ 51600 ชำระเป็นเงินสด ลด on top เพิ่ม 10% เหลือ 46440 ภายใน เดือนกันยายน 2569 และส่วนลดเพิ่มเติมตามโปรฯ ได้ที่ https://chawcher.com/category/promotion/,ฌ เฌอ,โซฟา,เดย์เบด,ฟีนิกซ์,(Phoenix Daybed),,,ผ้า B ,เลือกสีได้,W100,D166,H85,cm,xxxxxxxx,B 86000.00,40%,B 51600.00,10%,B 46440.00
ฌ เฌอ | โซฟา เดย์เบด ฟีนิกซ์ (Phoenix Daybed)   ผ้า B เลือกสีได้ | ขนาด W125 D166 H85 cm,ฌ เฌอ | โซฟา เดย์เบด ฟีนิกซ์ (Phoenix Daybed)   ผ้า B เลือกสีได้ | ขนาด W125 D166 H85 cm ราคา 90000 ลด 40% เหลือ 54000 ชำระเป็นเงินสด ลด on top เพิ่ม 10% เหลือ 48600 ภายใน เดือนกันยายน 2569 และส่วนลดเพิ่มเติมตามโปรฯ ได้ที่ https://chawcher.com/category/promotion/,ฌ เฌอ,โซฟา,เดย์เบด,ฟีนิกซ์,(Phoenix Daybed),,,ผ้า B ,เลือกสีได้,W125,D166,H85,cm,xxxxxxxx,B 90000.00,40%,B 54000.00,10%,B 48600.00
ฌ เฌอ | โซฟา เดย์เบด ฟีนิกซ์ (Phoenix Daybed)   ผ้า C เลือกสีได้ | ขนาด W100 D166 H85 cm,ฌ เฌอ | โซฟา เดย์เบด ฟีนิกซ์ (Phoenix Daybed)   ผ้า C เลือกสีได้ | ขนาด W100 D166 H85 cm ราคา 98000 ลด 40% เหลือ 58800 ชำระเป็นเงินสด ลด on top เพิ่ม 10% เหลือ 52920 ภายใน เดือนกันยายน 2569 และส่วนลดเพิ่มเติมตามโปรฯ ได้ที่ https://chawcher.com/category/promotion/,ฌ เฌอ,โซฟา,เดย์เบด,ฟีนิกซ์,(Phoenix Daybed),,,ผ้า C ,เลือกสีได้,W100,D166,H85,cm,xxxxxxxx,B 98000.00,40%,B 58800.00,10%,B 52920.00
ฌ เฌอ | โซฟา เดย์เบด ฟีนิกซ์ (Phoenix Daybed)   ผ้า C เลือกสีได้ | ขนาด W100 D180 H85 cm,ฌ เฌอ | โซฟา เดย์เบด ฟีนิกซ์ (Phoenix Daybed)   ผ้า C เลือกสีได้ | ขนาด W100 D180 H85 cm ราคา 105000 ลด 40% เหลือ 63000 ชำระเป็นเงินสด ลด on top เพิ่ม 10% เหลือ 56700 ภายใน เดือนกันยายน 2569 และส่วนลดเพิ่มเติมตามโปรฯ ได้ที่ https://chawcher.com/category/promotion/,ฌ เฌอ,โซฟา,เดย์เบด,ฟีนิกซ์,(Phoenix Daybed),,,ผ้า C ,เลือกสีได้,W100,D180,H85,cm,xxxxxxxx,B 105000.00,40%,B 63000.00,10%,B 56700.00
ฌ เฌอ | โซฟา เดย์เบด ฟีนิกซ์ (Phoenix Daybed)   ผ้า C เลือกสีได้ | ขนาด W125 D166 H85 cm,ฌ เฌอ | โซฟา เดย์เบด ฟีนิกซ์ (Phoenix Daybed)   ผ้า C เลือกสีได้ | ขนาด W125 D166 H85 cm ราคา 105000 ลด 40% เหลือ 63000 ชำระเป็นเงินสด ลด on top เพิ่ม 10% เหลือ 56700 ภายใน เดือนกันยายน 2569 และส่วนลดเพิ่มเติมตามโปรฯ ได้ที่ https://chawcher.com/category/promotion/,ฌ เฌอ,โซฟา,เดย์เบด,ฟีนิกซ์,(Phoenix Daybed),,,ผ้า C ,เลือกสีได้,W125,D166,H85,cm,10061413,B 105000.00,40%,B 63000.00,10%,B 56700.00
ฌ เฌอ | โซฟา เดย์เบด ฟีนิกซ์ (Phoenix Daybed)   หนังแท้ (ออย)เลือกสีได้ | ขนาด W100 D166 H85 cm,ฌ เฌอ | โซฟา เดย์เบด ฟีนิกซ์ (Phoenix Daybed)   หนังแท้ (ออย)เลือกสีได้ | ขนาด W100 D166 H85 cm ราคา 145000 ลด 40% เหลือ 87000 ชำระเป็นเงินสด ลด on top เพิ่ม 10% เหลือ 78300 ภายใน เดือนกันยายน 2569 และส่วนลดเพิ่มเติมตามโปรฯ ได้ที่ https://chawcher.com/category/promotion/,ฌ เฌอ,โซฟา,เดย์เบด,ฟีนิกซ์,(Phoenix Daybed),,,หนังแท้ (ออย),เลือกสีได้,W100,D166,H85,cm,xxxxxxxx,B 145000.00,40%,B 87000.00,10%,B 78300.00
ฌ เฌอ | โซฟา เดย์เบด ฟีนิกซ์ (Phoenix Daybed)   หนังแท้ (ออย)เลือกสีได้ | ขนาด W100 D180 H85 cm,ฌ เฌอ | โซฟา เดย์เบด ฟีนิกซ์ (Phoenix Daybed)   หนังแท้ (ออย)เลือกสีได้ | ขนาด W100 D180 H85 cm ราคา 159300 ลด 40% เหลือ 95580 ชำระเป็นเงินสด ลด on top เพิ่ม 10% เหลือ 86022 ภายใน เดือนกันยายน 2569 และส่วนลดเพิ่มเติมตามโปรฯ ได้ที่ https://chawcher.com/category/promotion/,ฌ เฌอ,โซฟา,เดย์เบด,ฟีนิกซ์,(Phoenix Daybed),,,หนังแท้ (ออย),เลือกสีได้,W100,D180,H85,cm,xxxxxxxx,B 159300.00,40%,B 95580.00,10%,B 86022.00
ฌ เฌอ | โซฟา เดย์เบด ฟีนิกซ์ (Phoenix Daybed)   หนังแท้ (ออย)เลือกสีได้ | ขนาด W125 D166 H85 cm,ฌ เฌอ | โซฟา เดย์เบด ฟีนิกซ์ (Phoenix Daybed)   หนังแท้ (ออย)เลือกสีได้ | ขนาด W125 D166 H85 cm ราคา 159300 ลด 40% เหลือ 95580 ชำระเป็นเงินสด ลด on top เพิ่ม 10% เหลือ 86022 ภายใน เดือนกันยายน 2569 และส่วนลดเพิ่มเติมตามโปรฯ ได้ที่ https://chawcher.com/category/promotion/,ฌ เฌอ,โซฟา,เดย์เบด,ฟีนิกซ์,(Phoenix Daybed),,,หนังแท้ (ออย),เลือกสีได้,W125,D166,H85,cm,10061414,B 159300.00,40%,B 95580.00,10%,B 86022.00
ฌ เฌอ | โซฟา เดย์เบด ฟีนิกซ์ (Phoenix Daybed)   หนังแท้เลือกสีได้ | ขนาด W100 D166 H85 cm,ฌ เฌอ | โซฟา เดย์เบด ฟีนิกซ์ (Phoenix Daybed)   หนังแท้เลือกสีได้ | ขนาด W100 D166 H85 cm ราคา 125000 ลด 40% เหลือ 75000 ชำระเป็นเงินสด ลด on top เพิ่ม 10% เหลือ 67500 ภายใน เดือนกันยายน 2569 และส่วนลดเพิ่มเติมตามโปรฯ ได้ที่ https://chawcher.com/category/promotion/,ฌ เฌอ,โซฟา,เดย์เบด,ฟีนิกซ์,(Phoenix Daybed),,,หนังแท้,เลือกสีได้,W100,D166,H85,cm,xxxxxxxx,B 125000.00,40%,B 75000.00,10%,B 67500.00
ฌ เฌอ | โซฟา เดย์เบด ฟีนิกซ์ (Phoenix Daybed)   หนังแท้เลือกสีได้ | ขนาด W100 D180 H85 cm,ฌ เฌอ | โซฟา เดย์เบด ฟีนิกซ์ (Phoenix Daybed)   หนังแท้เลือกสีได้ | ขนาด W100 D180 H85 cm ราคา 135500 ลด 40% เหลือ 81300 ชำระเป็นเงินสด ลด on top เพิ่ม 10% เหลือ 73170 ภายใน เดือนกันยายน 2569 และส่วนลดเพิ่มเติมตามโปรฯ ได้ที่ https://chawcher.com/category/promotion/,ฌ เฌอ,โซฟา,เดย์เบด,ฟีนิกซ์,(Phoenix Daybed),,,หนังแท้,เลือกสีได้,W100,D180,H85,cm,xxxxxxxx,B 135500.00,40%,B 81300.00,10%,B 73170.00
ฌ เฌอ | โซฟา เดย์เบด ฟีนิกซ์ (Phoenix Daybed)   หนังแท้เลือกสีได้ | ขนาด W125 D166 H85 cm,ฌ เฌอ | โซฟา เดย์เบด ฟีนิกซ์ (Phoenix Daybed)   หนังแท้เลือกสีได้ | ขนาด W125 D166 H85 cm ราคา 135500 ลด 40% เหลือ 81300 ชำระเป็นเงินสด ลด on top เพิ่ม 10% เหลือ 73170 ภายใน เดือนกันยายน 2569 และส่วนลดเพิ่มเติมตามโปรฯ ได้ที่ https://chawcher.com/category/promotion/,ฌ เฌอ,โซฟา,เดย์เบด,ฟีนิกซ์,(Phoenix Daybed),,,หนังแท้,เลือกสีได้,W125,D166,H85,cm,xxxxxxxx,B 135500.00,40%,B 81300.00,10%,B 73170.00
ฌ เฌอ | ตู้เก็บของ   กระสา (Krasa Sideboard) ไม้โอ๊ค  สีธรรมชาติ  | ขนาด W180 D43.5 H80 cm,ฌ เฌอ | ตู้เก็บของ   กระสา (Krasa Sideboard) ไม้โอ๊ค  สีธรรมชาติ  | ขนาด W180 D43.5 H80 cm ราคา 51500 ลด 20% เหลือ 41200 ชำระเป็นเงินสด ลด on top เพิ่ม 10% เหลือ 37080 ภายใน เดือนกันยายน 2569 และส่วนลดเพิ่มเติมตามโปรฯ ได้ที่ https://chawcher.com/category/promotion/,ฌ เฌอ,ตู้เก็บของ ,,กระสา ,(Krasa Sideboard),ไม้โอ๊ค ,สีธรรมชาติ,,,W180,D43.5,H80,cm,10503857,B 51500.00,20%,B 41200.00,10%,B 37080.00
ฌ เฌอ | ตู้เก็บของ   กางเขน (Kangkean Highchest of Drawer) ไม้โอ๊ค  สีธรรมชาติ  | ขนาด W80 D44.5 H126.5 cm,ฌ เฌอ | ตู้เก็บของ   กางเขน (Kangkean Highchest of Drawer) ไม้โอ๊ค  สีธรรมชาติ  | ขนาด W80 D44.5 H126.5 cm ราคา 43900 ลด 15% เหลือ 37315 ชำระเป็นเงินสด ลด on top เพิ่ม 10% เหลือ 33583.5 ภายใน เดือนกันยายน 2569 และส่วนลดเพิ่มเติมตามโปรฯ ได้ที่ https://chawcher.com/category/promotion/,ฌ เฌอ,ตู้เก็บของ ,,กางเขน ,(Kangkean Highchest of Drawer),ไม้โอ๊ค ,สีธรรมชาติ,,,W80,D44.5,H126.5,cm,10092921,B 43900.00,15%,B 37315.00,10%,B 33583.50
ฌ เฌอ | ตู้เก็บของ   ขมิ้น (Kamin Sideboard) ไม้โอ๊ค  สีธรรมชาติ  | ขนาด W120 D44.5 H80 cm,ฌ เฌอ | ตู้เก็บของ   ขมิ้น (Kamin Sideboard) ไม้โอ๊ค  สีธรรมชาติ  | ขนาด W120 D44.5 H80 cm ราคา 44600 ลด 20% เหลือ 35680 ชำระเป็นเงินสด ลด on top เพิ่ม 10% เหลือ 32112 ภายใน เดือนกันยายน 2569 และส่วนลดเพิ่มเติมตามโปรฯ ได้ที่ https://chawcher.com/category/promotion/,ฌ เฌอ,ตู้เก็บของ ,,ขมิ้น,(Kamin Sideboard),ไม้โอ๊ค ,สีธรรมชาติ,,,W120,D44.5,H80,cm,10027770,B 44600.00,20%,B 35680.00,10%,B 32112.00
ฌ เฌอ | ตู้เก็บของ   ขมิ้น (Kamin Sideboard) ไม้โอ๊ค  สีวอลนัท  | ขนาด W120 D44.5 H80 cm,ฌ เฌอ | ตู้เก็บของ   ขมิ้น (Kamin Sideboard) ไม้โอ๊ค  สีวอลนัท  | ขนาด W120 D44.5 H80 cm ราคา 44600 ลด 20% เหลือ 35680 ชำระเป็นเงินสด ลด on top เพิ่ม 10% เหลือ 32112 ภายใน เดือนกันยายน 2569 และส่วนลดเพิ่มเติมตามโปรฯ ได้ที่ https://chawcher.com/category/promotion/,ฌ เฌอ,ตู้เก็บของ ,,ขมิ้น,(Kamin Sideboard),ไม้โอ๊ค ,สีวอลนัท,,,W120,D44.5,H80,cm,10027771,B 44600.00,20%,B 35680.00,10%,B 32112.00
ฌ เฌอ | ตู้เก็บของ   ขุนทอง (Koontong Sideboard) ไม้โอ๊ค  สีธรรมชาติ  | ขนาด W120 D43.5 H79 cm,ฌ เฌอ | ตู้เก็บของ   ขุนทอง (Koontong Sideboard) ไม้โอ๊ค  สีธรรมชาติ  | ขนาด W120 D43.5 H79 cm ราคา 44600 ลด 20% เหลือ 35680 ชำระเป็นเงินสด ลด on top เพิ่ม 10% เหลือ 32112 ภายใน เดือนกันยายน 2569 และส่วนลดเพิ่มเติมตามโปรฯ ได้ที่ https://chawcher.com/category/promotion/,ฌ เฌอ,ตู้เก็บของ ,,ขุนทอง,(Koontong Sideboard),ไม้โอ๊ค ,สีธรรมชาติ,,,W120,D43.5,H79,cm,10027768,B 44600.00,20%,B 35680.00,10%,B 32112.00
ฌ เฌอ | ตู้เก็บของ   ขุนทอง (Koontong Sideboard) ไม้โอ๊ค  สีธรรมชาติ  | ขนาด W160 D43.5 H79 cm,ฌ เฌอ | ตู้เก็บของ   ขุนทอง (Koontong Sideboard) ไม้โอ๊ค  สีธรรมชาติ  | ขนาด W160 D43.5 H79 cm ราคา 51500 ลด 20% เหลือ 41200 ชำระเป็นเงินสด ลด on top เพิ่ม 10% เหลือ 37080 ภายใน เดือนกันยายน 2569 และส่วนลดเพิ่มเติมตามโปรฯ ได้ที่ https://chawcher.com/category/promotion/,ฌ เฌอ,ตู้เก็บของ ,,ขุนทอง,(Koontong Sideboard),ไม้โอ๊ค ,สีธรรมชาติ,,,W160,D43.5,H79,cm,10794505,B 51500.00,20%,B 41200.00,10%,B 37080.00
ฌ เฌอ | ตู้เก็บของ   ขุนทอง (Koontong Sideboard) ไม้โอ๊ค  สีวอลนัท  | ขนาด W120 D43.5 H79 cm,ฌ เฌอ | ตู้เก็บของ   ขุนทอง (Koontong Sideboard) ไม้โอ๊ค  สีวอลนัท  | ขนาด W120 D43.5 H79 cm ราคา 44600 ลด 20% เหลือ 35680 ชำระเป็นเงินสด ลด on top เพิ่ม 10% เหลือ 32112 ภายใน เดือนกันยายน 2569 และส่วนลดเพิ่มเติมตามโปรฯ ได้ที่ https://chawcher.com/category/promotion/,ฌ เฌอ,ตู้เก็บของ ,,ขุนทอง,(Koontong Sideboard),ไม้โอ๊ค ,สีวอลนัท,,,W120,D43.5,H79,cm,10027769,B 44600.00,20%,B 35680.00,10%,B 32112.00
ฌ เฌอ | ตู้เก็บของ   ขุนทอง (Koontong Sideboard) ไม้โอ๊ค  สีวอลนัท  | ขนาด W160 D43.5 H79 cm,ฌ เฌอ | ตู้เก็บของ   ขุนทอง (Koontong Sideboard) ไม้โอ๊ค  สีวอลนัท  | ขนาด W160 D43.5 H79 cm ราคา 51500 ลด 20% เหลือ 41200 ชำระเป็นเงินสด ลด on top เพิ่ม 10% เหลือ 37080 ภายใน เดือนกันยายน 2569 และส่วนลดเพิ่มเติมตามโปรฯ ได้ที่ https://chawcher.com/category/promotion/,ฌ เฌอ,ตู้เก็บของ ,,ขุนทอง,(Koontong Sideboard),ไม้โอ๊ค ,สีวอลนัท,,,W160,D43.5,H79,cm,10794507,B 51500.00,20%,B 41200.00,10%,B 37080.00
ฌ เฌอ | ตู้เก็บของ   ฟลามิงโก (Flamingo Sideboard) ไม้โอ๊ค  สีธรรมชาติ  | ขนาด W161 D44.5 H80 cm,ฌ เฌอ | ตู้เก็บของ   ฟลามิงโก (Flamingo Sideboard) ไม้โอ๊ค  สีธรรมชาติ  | ขนาด W161 D44.5 H80 cm ราคา 51500 ลด 20% เหลือ 41200 ชำระเป็นเงินสด ลด on top เพิ่ม 10% เหลือ 37080 ภายใน เดือนกันยายน 2569 และส่วนลดเพิ่มเติมตามโปรฯ ได้ที่ https://chawcher.com/category/promotion/,ฌ เฌอ,ตู้เก็บของ ,,ฟลามิงโก,(Flamingo Sideboard),ไม้โอ๊ค ,สีธรรมชาติ,,,W161,D44.5,H80,cm,10027772,B 51500.00,20%,B 41200.00,10%,B 37080.00
ฌ เฌอ | ตู้เก็บของ   ฟลามิงโก (Flamingo Sideboard) ไม้โอ๊ค  สีวอลนัท  | ขนาด W161 D44.5 H80 cm,ฌ เฌอ | ตู้เก็บของ   ฟลามิงโก (Flamingo Sideboard) ไม้โอ๊ค  สีวอลนัท  | ขนาด W161 D44.5 H80 cm ราคา 51500 ลด 20% เหลือ 41200 ชำระเป็นเงินสด ลด on top เพิ่ม 10% เหลือ 37080 ภายใน เดือนกันยายน 2569 และส่วนลดเพิ่มเติมตามโปรฯ ได้ที่ https://chawcher.com/category/promotion/,ฌ เฌอ,ตู้เก็บของ ,,ฟลามิงโก,(Flamingo Sideboard),ไม้โอ๊ค ,สีวอลนัท,,,W161,D44.5,H80,cm,10027773,B 51500.00,20%,B 41200.00,10%,B 37080.00
ฌ เฌอ | ตู้เก็บของ  กระทา  (Krata Sideboard) ไม้โอ๊ค  สีธรรมชาติ  | ขนาด W160 D45.5 H80 cm,ฌ เฌอ | ตู้เก็บของ  กระทา  (Krata Sideboard) ไม้โอ๊ค  สีธรรมชาติ  | ขนาด W160 D45.5 H80 cm ราคา 51500 ลด 20% เหลือ 41200 ชำระเป็นเงินสด ลด on top เพิ่ม 10% เหลือ 37080 ภายใน เดือนกันยายน 2569 และส่วนลดเพิ่มเติมตามโปรฯ ได้ที่ https://chawcher.com/category/promotion/,ฌ เฌอ,ตู้เก็บของ ,,กระทา ,(Krata Sideboard),ไม้โอ๊ค ,สีธรรมชาติ,,,W160,D45.5,H80,cm,10503858,B 51500.00,20%,B 41200.00,10%,B 37080.00
ฌ เฌอ | ตู้เก็บของ  กางเขน  (Kangkaen Sideboard) ไม้โอ๊ค  สีธรรมชาติ  | ขนาด W80 D44.5 H80 cm,ฌ เฌอ | ตู้เก็บของ  กางเขน  (Kangkaen Sideboard) ไม้โอ๊ค  สีธรรมชาติ  | ขนาด W80 D44.5 H80 cm ราคา 24200 ลด 20% เหลือ 19360 ชำระเป็นเงินสด ลด on top เพิ่ม 10% เหลือ 17424 ภายใน เดือนกันยายน 2569 และส่วนลดเพิ่มเติมตามโปรฯ ได้ที่ https://chawcher.com/category/promotion/,ฌ เฌอ,ตู้เก็บของ ,,กางเขน ,(Kangkaen Sideboard),ไม้โอ๊ค ,สีธรรมชาติ,,,W80,D44.5,H80,cm,10023264,B 24200.00,20%,B 19360.00,10%,B 17424.00
ฌ เฌอ | ตู้เก็บของ  ฟีนิกซ์ (Phoenix Sideboard) ไม้โอ๊ค  สีธรรมชาติ  | ขนาด W135 D43.5 H80 cm,ฌ เฌอ | ตู้เก็บของ  ฟีนิกซ์ (Phoenix Sideboard) ไม้โอ๊ค  สีธรรมชาติ  | ขนาด W135 D43.5 H80 cm ราคา 35700 ลด 20% เหลือ 28560 ชำระเป็นเงินสด ลด on top เพิ่ม 10% เหลือ 25704 ภายใน เดือนกันยายน 2569 และส่วนลดเพิ่มเติมตามโปรฯ ได้ที่ https://chawcher.com/category/promotion/,ฌ เฌอ,ตู้เก็บของ ,,ฟีนิกซ์,(Phoenix Sideboard),ไม้โอ๊ค ,สีธรรมชาติ,,,W135,D43.5,H80,cm,10503856,B 35700.00,20%,B 28560.00,10%,B 25704.00
ฌ เฌอ | เตียง 3.5 ฟุต ขุนทอง (Koontong Bed)   ผ้า A เลือกสีได้ | ขนาด W118 D218 H90 cm,ฌ เฌอ | เตียง 3.5 ฟุต ขุนทอง (Koontong Bed)   ผ้า A เลือกสีได้ | ขนาด W118 D218 H90 cm ราคา 53400 ลด 25% เหลือ 40050 ชำระเป็นเงินสด ลด on top เพิ่ม 10% เหลือ 36045 ภายใน เดือนกันยายน 2569 และส่วนลดเพิ่มเติมตามโปรฯ ได้ที่ https://chawcher.com/category/promotion/,ฌ เฌอ,เตียง,3.5 ฟุต,ขุนทอง,(Koontong Bed),,,ผ้า A ,เลือกสีได้,W118,D218,H90,cm,10111970,B 53400.00,25%,B 40050.00,10%,B 36045.00
ฌ เฌอ | เตียง 3.5 ฟุต ขุนทอง (Koontong Bed)   ผ้า C เลือกสีได้ | ขนาด W118 D218 H90 cm,ฌ เฌอ | เตียง 3.5 ฟุต ขุนทอง (Koontong Bed)   ผ้า C เลือกสีได้ | ขนาด W118 D218 H90 cm ราคา 61500 ลด 25% เหลือ 46125 ชำระเป็นเงินสด ลด on top เพิ่ม 10% เหลือ 41512.5 ภายใน เดือนกันยายน 2569 และส่วนลดเพิ่มเติมตามโปรฯ ได้ที่ https://chawcher.com/category/promotion/,ฌ เฌอ,เตียง,3.5 ฟุต,ขุนทอง,(Koontong Bed),,,ผ้า C ,เลือกสีได้,W118,D218,H90,cm,xxxxxxxx,B 61500.00,25%,B 46125.00,10%,B 41512.50
ฌ เฌอ | เตียง 3.5 ฟุต ขุนทอง (Koontong Bed)   หนังแท้เลือกสีได้ | ขนาด W118 D218 H90 cm,ฌ เฌอ | เตียง 3.5 ฟุต ขุนทอง (Koontong Bed)   หนังแท้เลือกสีได้ | ขนาด W118 D218 H90 cm ราคา 64700 ลด 25% เหลือ 48525 ชำระเป็นเงินสด ลด on top เพิ่ม 10% เหลือ 43672.5 ภายใน เดือนกันยายน 2569 และส่วนลดเพิ่มเติมตามโปรฯ ได้ที่ https://chawcher.com/category/promotion/,ฌ เฌอ,เตียง,3.5 ฟุต,ขุนทอง,(Koontong Bed),,,หนังแท้,เลือกสีได้,W118,D218,H90,cm,10111967,B 64700.00,25%,B 48525.00,10%,B 43672.50
ฌ เฌอ | เตียง 3.5 ฟุต อีมู  (Emu Bed)   ผ้า A เลือกสีได้ | ขนาด W162 D219 H107 cm,ฌ เฌอ | เตียง 3.5 ฟุต อีมู  (Emu Bed)   ผ้า A เลือกสีได้ | ขนาด W162 D219 H107 cm ราคา 51600 ลด 25% เหลือ 38700 ชำระเป็นเงินสด ลด on top เพิ่ม 10% เหลือ 34830 ภายใน เดือนกันยายน 2569 และส่วนลดเพิ่มเติมตามโปรฯ ได้ที่ https://chawcher.com/category/promotion/,ฌ เฌอ,เตียง,3.5 ฟุต,อีมู ,(Emu Bed),,,ผ้า A ,เลือกสีได้,W162,D219,H107,cm,10179414,B 51600.00,25%,B 38700.00,10%,B 34830.00
ฌ เฌอ | เตียง 3.5 ฟุต อีมู  (Emu Bed)   ผ้า B เลือกสีได้ | ขนาด W162 D219 H107 cm,ฌ เฌอ | เตียง 3.5 ฟุต อีมู  (Emu Bed)   ผ้า B เลือกสีได้ | ขนาด W162 D219 H107 cm ราคา 58000 ลด 25% เหลือ 43500 ชำระเป็นเงินสด ลด on top เพิ่ม 10% เหลือ 39150 ภายใน เดือนกันยายน 2569 และส่วนลดเพิ่มเติมตามโปรฯ ได้ที่ https://chawcher.com/category/promotion/,ฌ เฌอ,เตียง,3.5 ฟุต,อีมู ,(Emu Bed),,,ผ้า B ,เลือกสีได้,W162,D219,H107,cm,xxxxxxxx,B 58000.00,25%,B 43500.00,10%,B 39150.00
ฌ เฌอ | เตียง 3.5 ฟุต อีมู  (Emu Bed)   ผ้า C เลือกสีได้ | ขนาด W162 D219 H107 cm,ฌ เฌอ | เตียง 3.5 ฟุต อีมู  (Emu Bed)   ผ้า C เลือกสีได้ | ขนาด W162 D219 H107 cm ราคา 64500 ลด 25% เหลือ 48375 ชำระเป็นเงินสด ลด on top เพิ่ม 10% เหลือ 43537.5 ภายใน เดือนกันยายน 2569 และส่วนลดเพิ่มเติมตามโปรฯ ได้ที่ https://chawcher.com/category/promotion/,ฌ เฌอ,เตียง,3.5 ฟุต,อีมู ,(Emu Bed),,,ผ้า C ,เลือกสีได้,W162,D219,H107,cm,xxxxxxxx,B 64500.00,25%,B 48375.00,10%,B 43537.50
ฌ เฌอ | เตียง 3.5 ฟุต อีมู  (Emu Bed)   หนังแท้ (ออย)เลือกสีได้ | ขนาด W162 D219 H107 cm,ฌ เฌอ | เตียง 3.5 ฟุต อีมู  (Emu Bed)   หนังแท้ (ออย)เลือกสีได้ | ขนาด W162 D219 H107 cm ราคา 110000 ลด 25% เหลือ 82500 ชำระเป็นเงินสด ลด on top เพิ่ม 10% เหลือ 74250 ภายใน เดือนกันยายน 2569 และส่วนลดเพิ่มเติมตามโปรฯ ได้ที่ https://chawcher.com/category/promotion/,ฌ เฌอ,เตียง,3.5 ฟุต,อีมู ,(Emu Bed),,,หนังแท้ (ออย),เลือกสีได้,W162,D219,H107,cm,xxxxxxxx,B 110000.00,25%,B 82500.00,10%,B 74250.00
ฌ เฌอ | เตียง 3.5 ฟุต อีมู  (Emu Bed)   หนังแท้เลือกสีได้ | ขนาด W162 D219 H107 cm,ฌ เฌอ | เตียง 3.5 ฟุต อีมู  (Emu Bed)   หนังแท้เลือกสีได้ | ขนาด W162 D219 H107 cm ราคา 69100 ลด 25% เหลือ 51825 ชำระเป็นเงินสด ลด on top เพิ่ม 10% เหลือ 46642.5 ภายใน เดือนกันยายน 2569 และส่วนลดเพิ่มเติมตามโปรฯ ได้ที่ https://chawcher.com/category/promotion/,ฌ เฌอ,เตียง,3.5 ฟุต,อีมู ,(Emu Bed),,,หนังแท้,เลือกสีได้,W162,D219,H107,cm,10179411,B 69100.00,25%,B 51825.00,10%,B 46642.50
ฌ เฌอ | เตียง 5 ฟุต (เฉพาะฐานเตียง) นางแอ่น  (Nang Aaen Bed) ไม้โอ๊ค    | ขนาด W175 D211 H90 cm,ฌ เฌอ | เตียง 5 ฟุต (เฉพาะฐานเตียง) นางแอ่น  (Nang Aaen Bed) ไม้โอ๊ค    | ขนาด W175 D211 H90 cm ราคา 52000 ลด 20% เหลือ 41600 ชำระเป็นเงินสด ลด on top เพิ่ม 10% เหลือ 37440 ภายใน เดือนกันยายน 2569 และส่วนลดเพิ่มเติมตามโปรฯ ได้ที่ https://chawcher.com/category/promotion/,ฌ เฌอ,เตียง,5 ฟุต (เฉพาะฐานเตียง),นางแอ่น ,(Nang Aaen Bed),ไม้โอ๊ค ,,,,W175,D211,H90,cm,10112412,B 52000.00,20%,B 41600.00,10%,B 37440.00
ฌ เฌอ | เตียง 5 ฟุต กางเขน (Kangkaen Bed) ไม้โอ๊ค  สีธรรมชาติ  | ขนาด W152.5 D210 H80 cm,ฌ เฌอ | เตียง 5 ฟุต กางเขน (Kangkaen Bed) ไม้โอ๊ค  สีธรรมชาติ  | ขนาด W152.5 D210 H80 cm ราคา 38100 ลด 20% เหลือ 30480 ชำระเป็นเงินสด ลด on top เพิ่ม 10% เหลือ 27432 ภายใน เดือนกันยายน 2569 และส่วนลดเพิ่มเติมตามโปรฯ ได้ที่ https://chawcher.com/category/promotion/,ฌ เฌอ,เตียง,5 ฟุต,กางเขน ,(Kangkaen Bed),ไม้โอ๊ค ,สีธรรมชาติ,,,W152.5,D210,H80,cm,10023910,B 38100.00,20%,B 30480.00,10%,B 27432.00
ฌ เฌอ | เตียง 5 ฟุต ขุนทอง (Koontong Bed)   ผ้า A เลือกสีได้ | ขนาด W163 D218 H90 cm,ฌ เฌอ | เตียง 5 ฟุต ขุนทอง (Koontong Bed)   ผ้า A เลือกสีได้ | ขนาด W163 D218 H90 cm ราคา 62000 ลด 25% เหลือ 46500 ชำระเป็นเงินสด ลด on top เพิ่ม 10% เหลือ 41850 ภายใน เดือนกันยายน 2569 และส่วนลดเพิ่มเติมตามโปรฯ ได้ที่ https://chawcher.com/category/promotion/,ฌ เฌอ,เตียง,5 ฟุต,ขุนทอง,(Koontong Bed),,,ผ้า A ,เลือกสีได้,W163,D218,H90,cm,10111971,B 62000.00,25%,B 46500.00,10%,B 41850.00
ฌ เฌอ | เตียง 5 ฟุต ขุนทอง (Koontong Bed)   ผ้า C เลือกสีได้ | ขนาด W163 D218 H90 cm,ฌ เฌอ | เตียง 5 ฟุต ขุนทอง (Koontong Bed)   ผ้า C เลือกสีได้ | ขนาด W163 D218 H90 cm ราคา 71300 ลด 25% เหลือ 53475 ชำระเป็นเงินสด ลด on top เพิ่ม 10% เหลือ 48127.5 ภายใน เดือนกันยายน 2569 และส่วนลดเพิ่มเติมตามโปรฯ ได้ที่ https://chawcher.com/category/promotion/,ฌ เฌอ,เตียง,5 ฟุต,ขุนทอง,(Koontong Bed),,,ผ้า C ,เลือกสีได้,W163,D218,H90,cm,xxxxxxxx,B 71300.00,25%,B 53475.00,10%,B 48127.50
ฌ เฌอ | เตียง 5 ฟุต ขุนทอง (Koontong Bed)   หนังแท้เลือกสีได้ | ขนาด W163 D218 H90 cm,ฌ เฌอ | เตียง 5 ฟุต ขุนทอง (Koontong Bed)   หนังแท้เลือกสีได้ | ขนาด W163 D218 H90 cm ราคา 76000 ลด 25% เหลือ 57000 ชำระเป็นเงินสด ลด on top เพิ่ม 10% เหลือ 51300 ภายใน เดือนกันยายน 2569 และส่วนลดเพิ่มเติมตามโปรฯ ได้ที่ https://chawcher.com/category/promotion/,ฌ เฌอ,เตียง,5 ฟุต,ขุนทอง,(Koontong Bed),,,หนังแท้,เลือกสีได้,W163,D218,H90,cm,10111968,B 76000.00,25%,B 57000.00,10%,B 51300.00
ฌ เฌอ | เตียง 5 ฟุต นกยูง (Nokyoong Bed) ไม้วอลนัท เชอรี่ และเบิร์ช   | ขนาด W153 D206 H80 cm,ฌ เฌอ | เตียง 5 ฟุต นกยูง (Nokyoong Bed) ไม้วอลนัท เชอรี่ และเบิร์ช   | ขนาด W153 D206 H80 cm ราคา 38100 ลด 20% เหลือ 30480 ชำระเป็นเงินสด ลด on top เพิ่ม 10% เหลือ 27432 ภายใน เดือนกันยายน 2569 และส่วนลดเพิ่มเติมตามโปรฯ ได้ที่ https://chawcher.com/category/promotion/,ฌ เฌอ,เตียง,5 ฟุต,นกยูง,(Nokyoong Bed),ไม้วอลนัท เชอรี่ และเบิร์ช,,,,W153,D206,H80,cm,10028165,B 38100.00,20%,B 30480.00,10%,B 27432.00
ฌ เฌอ | เตียง 5 ฟุต นางแอ่น  (Nang Aaen Bed) ไม้โอ๊ค   ผ้า A เลือกสีได้ | ขนาด W175 D211 H90 cm,ฌ เฌอ | เตียง 5 ฟุต นางแอ่น  (Nang Aaen Bed) ไม้โอ๊ค   ผ้า A เลือกสีได้ | ขนาด W175 D211 H90 cm ราคา 72000 ลด 25% เหลือ 54000 ชำระเป็นเงินสด ลด on top เพิ่ม 10% เหลือ 48600 ภายใน เดือนกันยายน 2569 และส่วนลดเพิ่มเติมตามโปรฯ ได้ที่ https://chawcher.com/category/promotion/,ฌ เฌอ,เตียง,5 ฟุต,นางแอ่น ,(Nang Aaen Bed),ไม้โอ๊ค ,,ผ้า A ,เลือกสีได้,W175,D211,H90,cm,10029887,B 72000.00,25%,B 54000.00,10%,B 48600.00
ฌ เฌอ | เตียง 5 ฟุต นางแอ่น  (Nang Aaen Bed) ไม้โอ๊ค   ผ้า A เลือกสีได้ | ขนาด W175 D211 H110 cm,ฌ เฌอ | เตียง 5 ฟุต นางแอ่น  (Nang Aaen Bed) ไม้โอ๊ค   ผ้า A เลือกสีได้ | ขนาด W175 D211 H110 cm ราคา 75000 ลด 25% เหลือ 56250 ชำระเป็นเงินสด ลด on top เพิ่ม 10% เหลือ 50625 ภายใน เดือนกันยายน 2569 และส่วนลดเพิ่มเติมตามโปรฯ ได้ที่ https://chawcher.com/category/promotion/,ฌ เฌอ,เตียง,5 ฟุต,นางแอ่น ,(Nang Aaen Bed),ไม้โอ๊ค ,,ผ้า A ,เลือกสีได้,W175,D211,H110,cm,10794514,B 75000.00,25%,B 56250.00,10%,B 50625.00
ฌ เฌอ | เตียง 5 ฟุต นางแอ่น  (Nang Aaen Bed) ไม้โอ๊ค   ผ้า B เลือกสีได้ | ขนาด W175 D211 H90 cm,ฌ เฌอ | เตียง 5 ฟุต นางแอ่น  (Nang Aaen Bed) ไม้โอ๊ค   ผ้า B เลือกสีได้ | ขนาด W175 D211 H90 cm ราคา 75000 ลด 25% เหลือ 56250 ชำระเป็นเงินสด ลด on top เพิ่ม 10% เหลือ 50625 ภายใน เดือนกันยายน 2569 และส่วนลดเพิ่มเติมตามโปรฯ ได้ที่ https://chawcher.com/category/promotion/,ฌ เฌอ,เตียง,5 ฟุต,นางแอ่น ,(Nang Aaen Bed),ไม้โอ๊ค ,,ผ้า B ,เลือกสีได้,W175,D211,H90,cm,xxxxxxxx,B 75000.00,25%,B 56250.00,10%,B 50625.00
ฌ เฌอ | เตียง 5 ฟุต นางแอ่น  (Nang Aaen Bed) ไม้โอ๊ค   ผ้า B เลือกสีได้ | ขนาด W175 D211 H110 cm,ฌ เฌอ | เตียง 5 ฟุต นางแอ่น  (Nang Aaen Bed) ไม้โอ๊ค   ผ้า B เลือกสีได้ | ขนาด W175 D211 H110 cm ราคา 83000 ลด 25% เหลือ 62250 ชำระเป็นเงินสด ลด on top เพิ่ม 10% เหลือ 56025 ภายใน เดือนกันยายน 2569 และส่วนลดเพิ่มเติมตามโปรฯ ได้ที่ https://chawcher.com/category/promotion/,ฌ เฌอ,เตียง,5 ฟุต,นางแอ่น ,(Nang Aaen Bed),ไม้โอ๊ค ,,ผ้า B ,เลือกสีได้,W175,D211,H110,cm,10794515,B 83000.00,25%,B 62250.00,10%,B 56025.00
ฌ เฌอ | เตียง 5 ฟุต นางแอ่น  (Nang Aaen Bed) ไม้โอ๊ค   ผ้า C เลือกสีได้ | ขนาด W175 D211 H90 cm,ฌ เฌอ | เตียง 5 ฟุต นางแอ่น  (Nang Aaen Bed) ไม้โอ๊ค   ผ้า C เลือกสีได้ | ขนาด W175 D211 H90 cm ราคา 79300 ลด 25% เหลือ 59475 ชำระเป็นเงินสด ลด on top เพิ่ม 10% เหลือ 53527.5 ภายใน เดือนกันยายน 2569 และส่วนลดเพิ่มเติมตามโปรฯ ได้ที่ https://chawcher.com/category/promotion/,ฌ เฌอ,เตียง,5 ฟุต,นางแอ่น ,(Nang Aaen Bed),ไม้โอ๊ค ,,ผ้า C ,เลือกสีได้,W175,D211,H90,cm,xxxxxxxx,B 79300.00,25%,B 59475.00,10%,B 53527.50
ฌ เฌอ | เตียง 5 ฟุต นางแอ่น  (Nang Aaen Bed) ไม้โอ๊ค   ผ้า C เลือกสีได้ | ขนาด W175 D211 H110 cm,ฌ เฌอ | เตียง 5 ฟุต นางแอ่น  (Nang Aaen Bed) ไม้โอ๊ค   ผ้า C เลือกสีได้ | ขนาด W175 D211 H110 cm ราคา 91000 ลด 25% เหลือ 68250 ชำระเป็นเงินสด ลด on top เพิ่ม 10% เหลือ 61425 ภายใน เดือนกันยายน 2569 และส่วนลดเพิ่มเติมตามโปรฯ ได้ที่ https://chawcher.com/category/promotion/,ฌ เฌอ,เตียง,5 ฟุต,นางแอ่น ,(Nang Aaen Bed),ไม้โอ๊ค ,,ผ้า C ,เลือกสีได้,W175,D211,H110,cm,10794516,B 91000.00,25%,B 68250.00,10%,B 61425.00
ฌ เฌอ | เตียง 5 ฟุต นางแอ่น  (Nang Aaen Bed) ไม้โอ๊ค   หนังแท้ (ออย)เลือกสีได้ | ขนาด W175 D211 H90 cm,ฌ เฌอ | เตียง 5 ฟุต นางแอ่น  (Nang Aaen Bed) ไม้โอ๊ค   หนังแท้ (ออย)เลือกสีได้ | ขนาด W175 D211 H90 cm ราคา 120000 ลด 25% เหลือ 90000 ชำระเป็นเงินสด ลด on top เพิ่ม 10% เหลือ 81000 ภายใน เดือนกันยายน 2569 และส่วนลดเพิ่มเติมตามโปรฯ ได้ที่ https://chawcher.com/category/promotion/,ฌ เฌอ,เตียง,5 ฟุต,นางแอ่น ,(Nang Aaen Bed),ไม้โอ๊ค ,,หนังแท้ (ออย),เลือกสีได้,W175,D211,H90,cm,xxxxxxxx,B 120000.00,25%,B 90000.00,10%,B 81000.00
ฌ เฌอ | เตียง 5 ฟุต นางแอ่น  (Nang Aaen Bed) ไม้โอ๊ค   หนังแท้ (ออย)เลือกสีได้ | ขนาด W175 D211 H110 cm,ฌ เฌอ | เตียง 5 ฟุต นางแอ่น  (Nang Aaen Bed) ไม้โอ๊ค   หนังแท้ (ออย)เลือกสีได้ | ขนาด W175 D211 H110 cm ราคา 112000 ลด 25% เหลือ 84000 ชำระเป็นเงินสด ลด on top เพิ่ม 10% เหลือ 75600 ภายใน เดือนกันยายน 2569 และส่วนลดเพิ่มเติมตามโปรฯ ได้ที่ https://chawcher.com/category/promotion/,ฌ เฌอ,เตียง,5 ฟุต,นางแอ่น ,(Nang Aaen Bed),ไม้โอ๊ค ,,หนังแท้ (ออย),เลือกสีได้,W175,D211,H110,cm,10794518,B 112000.00,25%,B 84000.00,10%,B 75600.00
ฌ เฌอ | เตียง 5 ฟุต นางแอ่น  (Nang Aaen Bed) ไม้โอ๊ค   หนังแท้เลือกสีได้ | ขนาด W175 D211 H90 cm,ฌ เฌอ | เตียง 5 ฟุต นางแอ่น  (Nang Aaen Bed) ไม้โอ๊ค   หนังแท้เลือกสีได้ | ขนาด W175 D211 H90 cm ราคา 90800 ลด 25% เหลือ 68100 ชำระเป็นเงินสด ลด on top เพิ่ม 10% เหลือ 61290 ภายใน เดือนกันยายน 2569 และส่วนลดเพิ่มเติมตามโปรฯ ได้ที่ https://chawcher.com/category/promotion/,ฌ เฌอ,เตียง,5 ฟุต,นางแอ่น ,(Nang Aaen Bed),ไม้โอ๊ค ,,หนังแท้,เลือกสีได้,W175,D211,H90,cm,10096150,B 90800.00,25%,B 68100.00,10%,B 61290.00
ฌ เฌอ | เตียง 5 ฟุต นางแอ่น  (Nang Aaen Bed) ไม้โอ๊ค   หนังแท้เลือกสีได้ | ขนาด W175 D211 H110 cm,ฌ เฌอ | เตียง 5 ฟุต นางแอ่น  (Nang Aaen Bed) ไม้โอ๊ค   หนังแท้เลือกสีได้ | ขนาด W175 D211 H110 cm ราคา 98000 ลด 25% เหลือ 73500 ชำระเป็นเงินสด ลด on top เพิ่ม 10% เหลือ 66150 ภายใน เดือนกันยายน 2569 และส่วนลดเพิ่มเติมตามโปรฯ ได้ที่ https://chawcher.com/category/promotion/,ฌ เฌอ,เตียง,5 ฟุต,นางแอ่น ,(Nang Aaen Bed),ไม้โอ๊ค ,,หนังแท้,เลือกสีได้,W175,D211,H110,cm,10794517,B 98000.00,25%,B 73500.00,10%,B 66150.00
ฌ เฌอ | เตียง 5 ฟุต อีมู  (Emu Bed)   ผ้า A เลือกสีได้ | ขนาด W207 D219 H107 cm,ฌ เฌอ | เตียง 5 ฟุต อีมู  (Emu Bed)   ผ้า A เลือกสีได้ | ขนาด W207 D219 H107 cm ราคา 57200 ลด 25% เหลือ 42900 ชำระเป็นเงินสด ลด on top เพิ่ม 10% เหลือ 38610 ภายใน เดือนกันยายน 2569 และส่วนลดเพิ่มเติมตามโปรฯ ได้ที่ https://chawcher.com/category/promotion/,ฌ เฌอ,เตียง,5 ฟุต,อีมู ,(Emu Bed),,,ผ้า A ,เลือกสีได้,W207,D219,H107,cm,10179415,B 57200.00,25%,B 42900.00,10%,B 38610.00
ฌ เฌอ | เตียง 5 ฟุต อีมู  (Emu Bed)   ผ้า B เลือกสีได้ | ขนาด W207 D219 H107 cm,ฌ เฌอ | เตียง 5 ฟุต อีมู  (Emu Bed)   ผ้า B เลือกสีได้ | ขนาด W207 D219 H107 cm ราคา 63000 ลด 25% เหลือ 47250 ชำระเป็นเงินสด ลด on top เพิ่ม 10% เหลือ 42525 ภายใน เดือนกันยายน 2569 และส่วนลดเพิ่มเติมตามโปรฯ ได้ที่ https://chawcher.com/category/promotion/,ฌ เฌอ,เตียง,5 ฟุต,อีมู ,(Emu Bed),,,ผ้า B ,เลือกสีได้,W207,D219,H107,cm,xxxxxxxx,B 63000.00,25%,B 47250.00,10%,B 42525.00
ฌ เฌอ | เตียง 5 ฟุต อีมู  (Emu Bed)   ผ้า C เลือกสีได้ | ขนาด W207 D219 H107 cm,ฌ เฌอ | เตียง 5 ฟุต อีมู  (Emu Bed)   ผ้า C เลือกสีได้ | ขนาด W207 D219 H107 cm ราคา 71500 ลด 25% เหลือ 53625 ชำระเป็นเงินสด ลด on top เพิ่ม 10% เหลือ 48262.5 ภายใน เดือนกันยายน 2569 และส่วนลดเพิ่มเติมตามโปรฯ ได้ที่ https://chawcher.com/category/promotion/,ฌ เฌอ,เตียง,5 ฟุต,อีมู ,(Emu Bed),,,ผ้า C ,เลือกสีได้,W207,D219,H107,cm,xxxxxxxx,B 71500.00,25%,B 53625.00,10%,B 48262.50
ฌ เฌอ | เตียง 5 ฟุต อีมู  (Emu Bed)   หนังแท้ (ออย)เลือกสีได้ | ขนาด W207 D219 H107 cm,ฌ เฌอ | เตียง 5 ฟุต อีมู  (Emu Bed)   หนังแท้ (ออย)เลือกสีได้ | ขนาด W207 D219 H107 cm ราคา 130000 ลด 25% เหลือ 97500 ชำระเป็นเงินสด ลด on top เพิ่ม 10% เหลือ 87750 ภายใน เดือนกันยายน 2569 และส่วนลดเพิ่มเติมตามโปรฯ ได้ที่ https://chawcher.com/category/promotion/,ฌ เฌอ,เตียง,5 ฟุต,อีมู ,(Emu Bed),,,หนังแท้ (ออย),เลือกสีได้,W207,D219,H107,cm,xxxxxxxx,B 130000.00,25%,B 97500.00,10%,B 87750.00
ฌ เฌอ | เตียง 5 ฟุต อีมู  (Emu Bed)   หนังแท้เลือกสีได้ | ขนาด W207 D219 H107 cm,ฌ เฌอ | เตียง 5 ฟุต อีมู  (Emu Bed)   หนังแท้เลือกสีได้ | ขนาด W207 D219 H107 cm ราคา 76900 ลด 25% เหลือ 57675 ชำระเป็นเงินสด ลด on top เพิ่ม 10% เหลือ 51907.5 ภายใน เดือนกันยายน 2569 และส่วนลดเพิ่มเติมตามโปรฯ ได้ที่ https://chawcher.com/category/promotion/,ฌ เฌอ,เตียง,5 ฟุต,อีมู ,(Emu Bed),,,หนังแท้,เลือกสีได้,W207,D219,H107,cm,10179412,B 76900.00,25%,B 57675.00,10%,B 51907.50
ฌ เฌอ | เตียง 6 ฟุต (เฉพาะฐานเตียง) นางแอ่น  (Nang Aaen Bed) ไม้โอ๊ค    | ขนาด W205 D211 H90 cm,ฌ เฌอ | เตียง 6 ฟุต (เฉพาะฐานเตียง) นางแอ่น  (Nang Aaen Bed) ไม้โอ๊ค    | ขนาด W205 D211 H90 cm ราคา 55900 ลด 20% เหลือ 44720 ชำระเป็นเงินสด ลด on top เพิ่ม 10% เหลือ 40248 ภายใน เดือนกันยายน 2569 และส่วนลดเพิ่มเติมตามโปรฯ ได้ที่ https://chawcher.com/category/promotion/,ฌ เฌอ,เตียง,6 ฟุต (เฉพาะฐานเตียง),นางแอ่น ,(Nang Aaen Bed),ไม้โอ๊ค ,,,,W205,D211,H90,cm,10112411,B 55900.00,20%,B 44720.00,10%,B 40248.00
ฌ เฌอ | เตียง 6 ฟุต กางเขน (Kangkaen Bed) ไม้โอ๊ค  สีธรรมชาติ  | ขนาด W182.5 D210 H80 cm,ฌ เฌอ | เตียง 6 ฟุต กางเขน (Kangkaen Bed) ไม้โอ๊ค  สีธรรมชาติ  | ขนาด W182.5 D210 H80 cm ราคา 45900 ลด 20% เหลือ 36720 ชำระเป็นเงินสด ลด on top เพิ่ม 10% เหลือ 33048 ภายใน เดือนกันยายน 2569 และส่วนลดเพิ่มเติมตามโปรฯ ได้ที่ https://chawcher.com/category/promotion/,ฌ เฌอ,เตียง,6 ฟุต,กางเขน ,(Kangkaen Bed),ไม้โอ๊ค ,สีธรรมชาติ,,,W182.5,D210,H80,cm,10023911,B 45900.00,20%,B 36720.00,10%,B 33048.00
ฌ เฌอ | เตียง 6 ฟุต ขุนทอง (Koontong Bed)   ผ้า A เลือกสีได้ | ขนาด W193 D218 H90 cm,ฌ เฌอ | เตียง 6 ฟุต ขุนทอง (Koontong Bed)   ผ้า A เลือกสีได้ | ขนาด W193 D218 H90 cm ราคา 70600 ลด 25% เหลือ 52950 ชำระเป็นเงินสด ลด on top เพิ่ม 10% เหลือ 47655 ภายใน เดือนกันยายน 2569 และส่วนลดเพิ่มเติมตามโปรฯ ได้ที่ https://chawcher.com/category/promotion/,ฌ เฌอ,เตียง,6 ฟุต,ขุนทอง,(Koontong Bed),,,ผ้า A ,เลือกสีได้,W193,D218,H90,cm,10111972,B 70600.00,25%,B 52950.00,10%,B 47655.00
ฌ เฌอ | เตียง 6 ฟุต ขุนทอง (Koontong Bed)   ผ้า C เลือกสีได้ | ขนาด W193 D218 H90 cm,ฌ เฌอ | เตียง 6 ฟุต ขุนทอง (Koontong Bed)   ผ้า C เลือกสีได้ | ขนาด W193 D218 H90 cm ราคา 81200 ลด 25% เหลือ 60900 ชำระเป็นเงินสด ลด on top เพิ่ม 10% เหลือ 54810 ภายใน เดือนกันยายน 2569 และส่วนลดเพิ่มเติมตามโปรฯ ได้ที่ https://chawcher.com/category/promotion/,ฌ เฌอ,เตียง,6 ฟุต,ขุนทอง,(Koontong Bed),,,ผ้า C ,เลือกสีได้,W193,D218,H90,cm,xxxxxxxx,B 81200.00,25%,B 60900.00,10%,B 54810.00
ฌ เฌอ | เตียง 6 ฟุต ขุนทอง (Koontong Bed)   หนังแท้เลือกสีได้ | ขนาด W193 D218 H90 cm,ฌ เฌอ | เตียง 6 ฟุต ขุนทอง (Koontong Bed)   หนังแท้เลือกสีได้ | ขนาด W193 D218 H90 cm ราคา 87500 ลด 25% เหลือ 65625 ชำระเป็นเงินสด ลด on top เพิ่ม 10% เหลือ 59062.5 ภายใน เดือนกันยายน 2569 และส่วนลดเพิ่มเติมตามโปรฯ ได้ที่ https://chawcher.com/category/promotion/,ฌ เฌอ,เตียง,6 ฟุต,ขุนทอง,(Koontong Bed),,,หนังแท้,เลือกสีได้,W193,D218,H90,cm,10111969,B 87500.00,25%,B 65625.00,10%,B 59062.50
ฌ เฌอ | เตียง 6 ฟุต นกยูง (Nokyoong Bed) ไม้วอลนัท เชอรี่ และเบิร์ช   | ขนาด W183 D206 H80 cm,ฌ เฌอ | เตียง 6 ฟุต นกยูง (Nokyoong Bed) ไม้วอลนัท เชอรี่ และเบิร์ช   | ขนาด W183 D206 H80 cm ราคา 45900 ลด 20% เหลือ 36720 ชำระเป็นเงินสด ลด on top เพิ่ม 10% เหลือ 33048 ภายใน เดือนกันยายน 2569 และส่วนลดเพิ่มเติมตามโปรฯ ได้ที่ https://chawcher.com/category/promotion/,ฌ เฌอ,เตียง,6 ฟุต,นกยูง,(Nokyoong Bed),ไม้วอลนัท เชอรี่ และเบิร์ช,,,,W183,D206,H80,cm,10028166,B 45900.00,20%,B 36720.00,10%,B 33048.00
ฌ เฌอ | เตียง 6 ฟุต นางแอ่น  (Nang Aaen Bed) ไม้โอ๊ค   ผ้า A เลือกสีได้ | ขนาด W205 D211 H90 cm,ฌ เฌอ | เตียง 6 ฟุต นางแอ่น  (Nang Aaen Bed) ไม้โอ๊ค   ผ้า A เลือกสีได้ | ขนาด W205 D211 H90 cm ราคา 76900 ลด 25% เหลือ 57675 ชำระเป็นเงินสด ลด on top เพิ่ม 10% เหลือ 51907.5 ภายใน เดือนกันยายน 2569 และส่วนลดเพิ่มเติมตามโปรฯ ได้ที่ https://chawcher.com/category/promotion/,ฌ เฌอ,เตียง,6 ฟุต,นางแอ่น ,(Nang Aaen Bed),ไม้โอ๊ค ,,ผ้า A ,เลือกสีได้,W205,D211,H90,cm,10061300,B 76900.00,25%,B 57675.00,10%,B 51907.50
ฌ เฌอ | เตียง 6 ฟุต นางแอ่น  (Nang Aaen Bed) ไม้โอ๊ค   ผ้า A เลือกสีได้ | ขนาด W205 D211 H110 cm,ฌ เฌอ | เตียง 6 ฟุต นางแอ่น  (Nang Aaen Bed) ไม้โอ๊ค   ผ้า A เลือกสีได้ | ขนาด W205 D211 H110 cm ราคา 80000 ลด 25% เหลือ 60000 ชำระเป็นเงินสด ลด on top เพิ่ม 10% เหลือ 54000 ภายใน เดือนกันยายน 2569 และส่วนลดเพิ่มเติมตามโปรฯ ได้ที่ https://chawcher.com/category/promotion/,ฌ เฌอ,เตียง,6 ฟุต,นางแอ่น ,(Nang Aaen Bed),ไม้โอ๊ค ,,ผ้า A ,เลือกสีได้,W205,D211,H110,cm,10794519,B 80000.00,25%,B 60000.00,10%,B 54000.00
ฌ เฌอ | เตียง 6 ฟุต นางแอ่น  (Nang Aaen Bed) ไม้โอ๊ค   ผ้า B เลือกสีได้ | ขนาด W205 D211 H90 cm,ฌ เฌอ | เตียง 6 ฟุต นางแอ่น  (Nang Aaen Bed) ไม้โอ๊ค   ผ้า B เลือกสีได้ | ขนาด W205 D211 H90 cm ราคา 80000 ลด 25% เหลือ 60000 ชำระเป็นเงินสด ลด on top เพิ่ม 10% เหลือ 54000 ภายใน เดือนกันยายน 2569 และส่วนลดเพิ่มเติมตามโปรฯ ได้ที่ https://chawcher.com/category/promotion/,ฌ เฌอ,เตียง,6 ฟุต,นางแอ่น ,(Nang Aaen Bed),ไม้โอ๊ค ,,ผ้า B ,เลือกสีได้,W205,D211,H90,cm,xxxxxxxx,B 80000.00,25%,B 60000.00,10%,B 54000.00
ฌ เฌอ | เตียง 6 ฟุต นางแอ่น  (Nang Aaen Bed) ไม้โอ๊ค   ผ้า B เลือกสีได้ | ขนาด W205 D211 H110 cm,ฌ เฌอ | เตียง 6 ฟุต นางแอ่น  (Nang Aaen Bed) ไม้โอ๊ค   ผ้า B เลือกสีได้ | ขนาด W205 D211 H110 cm ราคา 88000 ลด 25% เหลือ 66000 ชำระเป็นเงินสด ลด on top เพิ่ม 10% เหลือ 59400 ภายใน เดือนกันยายน 2569 และส่วนลดเพิ่มเติมตามโปรฯ ได้ที่ https://chawcher.com/category/promotion/,ฌ เฌอ,เตียง,6 ฟุต,นางแอ่น ,(Nang Aaen Bed),ไม้โอ๊ค ,,ผ้า B ,เลือกสีได้,W205,D211,H110,cm,10794520,B 88000.00,25%,B 66000.00,10%,B 59400.00
ฌ เฌอ | เตียง 6 ฟุต นางแอ่น  (Nang Aaen Bed) ไม้โอ๊ค   ผ้า C เลือกสีได้ | ขนาด W205 D211 H90 cm,ฌ เฌอ | เตียง 6 ฟุต นางแอ่น  (Nang Aaen Bed) ไม้โอ๊ค   ผ้า C เลือกสีได้ | ขนาด W205 D211 H90 cm ราคา 84600 ลด 25% เหลือ 63450 ชำระเป็นเงินสด ลด on top เพิ่ม 10% เหลือ 57105 ภายใน เดือนกันยายน 2569 และส่วนลดเพิ่มเติมตามโปรฯ ได้ที่ https://chawcher.com/category/promotion/,ฌ เฌอ,เตียง,6 ฟุต,นางแอ่น ,(Nang Aaen Bed),ไม้โอ๊ค ,,ผ้า C ,เลือกสีได้,W205,D211,H90,cm,xxxxxxxx,B 84600.00,25%,B 63450.00,10%,B 57105.00
ฌ เฌอ | เตียง 6 ฟุต นางแอ่น  (Nang Aaen Bed) ไม้โอ๊ค   ผ้า C เลือกสีได้ | ขนาด W205 D211 H110 cm,ฌ เฌอ | เตียง 6 ฟุต นางแอ่น  (Nang Aaen Bed) ไม้โอ๊ค   ผ้า C เลือกสีได้ | ขนาด W205 D211 H110 cm ราคา 96800 ลด 25% เหลือ 72600 ชำระเป็นเงินสด ลด on top เพิ่ม 10% เหลือ 65340 ภายใน เดือนกันยายน 2569 และส่วนลดเพิ่มเติมตามโปรฯ ได้ที่ https://chawcher.com/category/promotion/,ฌ เฌอ,เตียง,6 ฟุต,นางแอ่น ,(Nang Aaen Bed),ไม้โอ๊ค ,,ผ้า C ,เลือกสีได้,W205,D211,H110,cm,10794521,B 96800.00,25%,B 72600.00,10%,B 65340.00
ฌ เฌอ | เตียง 6 ฟุต นางแอ่น  (Nang Aaen Bed) ไม้โอ๊ค   หนังแท้ (ออย)เลือกสีได้ | ขนาด W205 D211 H90 cm,ฌ เฌอ | เตียง 6 ฟุต นางแอ่น  (Nang Aaen Bed) ไม้โอ๊ค   หนังแท้ (ออย)เลือกสีได้ | ขนาด W205 D211 H90 cm ราคา 140000 ลด 25% เหลือ 105000 ชำระเป็นเงินสด ลด on top เพิ่ม 10% เหลือ 94500 ภายใน เดือนกันยายน 2569 และส่วนลดเพิ่มเติมตามโปรฯ ได้ที่ https://chawcher.com/category/promotion/,ฌ เฌอ,เตียง,6 ฟุต,นางแอ่น ,(Nang Aaen Bed),ไม้โอ๊ค ,,หนังแท้ (ออย),เลือกสีได้,W205,D211,H90,cm,xxxxxxxx,B 140000.00,25%,B 105000.00,10%,B 94500.00
ฌ เฌอ | เตียง 6 ฟุต นางแอ่น  (Nang Aaen Bed) ไม้โอ๊ค   หนังแท้ (ออย)เลือกสีได้ | ขนาด W205 D211 H110 cm,ฌ เฌอ | เตียง 6 ฟุต นางแอ่น  (Nang Aaen Bed) ไม้โอ๊ค   หนังแท้ (ออย)เลือกสีได้ | ขนาด W205 D211 H110 cm ราคา 118000 ลด 25% เหลือ 88500 ชำระเป็นเงินสด ลด on top เพิ่ม 10% เหลือ 79650 ภายใน เดือนกันยายน 2569 และส่วนลดเพิ่มเติมตามโปรฯ ได้ที่ https://chawcher.com/category/promotion/,ฌ เฌอ,เตียง,6 ฟุต,นางแอ่น ,(Nang Aaen Bed),ไม้โอ๊ค ,,หนังแท้ (ออย),เลือกสีได้,W205,D211,H110,cm,10794523,B 118000.00,25%,B 88500.00,10%,B 79650.00
ฌ เฌอ | เตียง 6 ฟุต นางแอ่น  (Nang Aaen Bed) ไม้โอ๊ค   หนังแท้เลือกสีได้ | ขนาด W205 D211 H90 cm,ฌ เฌอ | เตียง 6 ฟุต นางแอ่น  (Nang Aaen Bed) ไม้โอ๊ค   หนังแท้เลือกสีได้ | ขนาด W205 D211 H90 cm ราคา 96000 ลด 25% เหลือ 72000 ชำระเป็นเงินสด ลด on top เพิ่ม 10% เหลือ 64800 ภายใน เดือนกันยายน 2569 และส่วนลดเพิ่มเติมตามโปรฯ ได้ที่ https://chawcher.com/category/promotion/,ฌ เฌอ,เตียง,6 ฟุต,นางแอ่น ,(Nang Aaen Bed),ไม้โอ๊ค ,,หนังแท้,เลือกสีได้,W205,D211,H90,cm,10096149,B 96000.00,25%,B 72000.00,10%,B 64800.00
ฌ เฌอ | เตียง 6 ฟุต นางแอ่น  (Nang Aaen Bed) ไม้โอ๊ค   หนังแท้เลือกสีได้ | ขนาด W205 D211 H110 cm,ฌ เฌอ | เตียง 6 ฟุต นางแอ่น  (Nang Aaen Bed) ไม้โอ๊ค   หนังแท้เลือกสีได้ | ขนาด W205 D211 H110 cm ราคา 103000 ลด 25% เหลือ 77250 ชำระเป็นเงินสด ลด on top เพิ่ม 10% เหลือ 69525 ภายใน เดือนกันยายน 2569 และส่วนลดเพิ่มเติมตามโปรฯ ได้ที่ https://chawcher.com/category/promotion/,ฌ เฌอ,เตียง,6 ฟุต,นางแอ่น ,(Nang Aaen Bed),ไม้โอ๊ค ,,หนังแท้,เลือกสีได้,W205,D211,H110,cm,10794522,B 103000.00,25%,B 77250.00,10%,B 69525.00
ฌ เฌอ | เตียง 6 ฟุต อีมู  (Emu Bed)   ผ้า A เลือกสีได้ | ขนาด W237 D219 H107 cm,ฌ เฌอ | เตียง 6 ฟุต อีมู  (Emu Bed)   ผ้า A เลือกสีได้ | ขนาด W237 D219 H107 cm ราคา 63300 ลด 25% เหลือ 47475 ชำระเป็นเงินสด ลด on top เพิ่ม 10% เหลือ 42727.5 ภายใน เดือนกันยายน 2569 และส่วนลดเพิ่มเติมตามโปรฯ ได้ที่ https://chawcher.com/category/promotion/,ฌ เฌอ,เตียง,6 ฟุต,อีมู ,(Emu Bed),,,ผ้า A ,เลือกสีได้,W237,D219,H107,cm,10179416,B 63300.00,25%,B 47475.00,10%,B 42727.50
ฌ เฌอ | เตียง 6 ฟุต อีมู  (Emu Bed)   ผ้า B เลือกสีได้ | ขนาด W237 D219 H107 cm,ฌ เฌอ | เตียง 6 ฟุต อีมู  (Emu Bed)   ผ้า B เลือกสีได้ | ขนาด W237 D219 H107 cm ราคา 72000 ลด 25% เหลือ 54000 ชำระเป็นเงินสด ลด on top เพิ่ม 10% เหลือ 48600 ภายใน เดือนกันยายน 2569 และส่วนลดเพิ่มเติมตามโปรฯ ได้ที่ https://chawcher.com/category/promotion/,ฌ เฌอ,เตียง,6 ฟุต,อีมู ,(Emu Bed),,,ผ้า B ,เลือกสีได้,W237,D219,H107,cm,xxxxxxxx,B 72000.00,25%,B 54000.00,10%,B 48600.00
ฌ เฌอ | เตียง 6 ฟุต อีมู  (Emu Bed)   ผ้า C เลือกสีได้ | ขนาด W237 D219 H107 cm,ฌ เฌอ | เตียง 6 ฟุต อีมู  (Emu Bed)   ผ้า C เลือกสีได้ | ขนาด W237 D219 H107 cm ราคา 79100 ลด 25% เหลือ 59325 ชำระเป็นเงินสด ลด on top เพิ่ม 10% เหลือ 53392.5 ภายใน เดือนกันยายน 2569 และส่วนลดเพิ่มเติมตามโปรฯ ได้ที่ https://chawcher.com/category/promotion/,ฌ เฌอ,เตียง,6 ฟุต,อีมู ,(Emu Bed),,,ผ้า C ,เลือกสีได้,W237,D219,H107,cm,xxxxxxxx,B 79100.00,25%,B 59325.00,10%,B 53392.50
ฌ เฌอ | เตียง 6 ฟุต อีมู  (Emu Bed)   หนังแท้ (ออย)เลือกสีได้ | ขนาด W237 D219 H107 cm,ฌ เฌอ | เตียง 6 ฟุต อีมู  (Emu Bed)   หนังแท้ (ออย)เลือกสีได้ | ขนาด W237 D219 H107 cm ราคา 150000 ลด 25% เหลือ 112500 ชำระเป็นเงินสด ลด on top เพิ่ม 10% เหลือ 101250 ภายใน เดือนกันยายน 2569 และส่วนลดเพิ่มเติมตามโปรฯ ได้ที่ https://chawcher.com/category/promotion/,ฌ เฌอ,เตียง,6 ฟุต,อีมู ,(Emu Bed),,,หนังแท้ (ออย),เลือกสีได้,W237,D219,H107,cm,xxxxxxxx,B 150000.00,25%,B 112500.00,10%,B 101250.00
ฌ เฌอ | เตียง 6 ฟุต อีมู  (Emu Bed)   หนังแท้เลือกสีได้ | ขนาด W237 D219 H107 cm,ฌ เฌอ | เตียง 6 ฟุต อีมู  (Emu Bed)   หนังแท้เลือกสีได้ | ขนาด W237 D219 H107 cm ราคา 84600 ลด 25% เหลือ 63450 ชำระเป็นเงินสด ลด on top เพิ่ม 10% เหลือ 57105 ภายใน เดือนกันยายน 2569 และส่วนลดเพิ่มเติมตามโปรฯ ได้ที่ https://chawcher.com/category/promotion/,ฌ เฌอ,เตียง,6 ฟุต,อีมู ,(Emu Bed),,,หนังแท้,เลือกสีได้,W237,D219,H107,cm,10179413,B 84600.00,25%,B 63450.00,10%,B 57105.00
ฌ เฌอ | โต๊ะกลาง  นกยูง (Nokyoong Coffee Table) ไม้วอลนัท เชอรี่ และเบิร์ช   | ขนาด W110 D50 H40 cm,ฌ เฌอ | โต๊ะกลาง  นกยูง (Nokyoong Coffee Table) ไม้วอลนัท เชอรี่ และเบิร์ช   | ขนาด W110 D50 H40 cm ราคา 13500 ลด 15% เหลือ 11475 ชำระเป็นเงินสด ลด on top เพิ่ม 0% เหลือ 11475 ภายใน เดือนกันยายน 2569 และส่วนลดเพิ่มเติมตามโปรฯ ได้ที่ https://chawcher.com/category/promotion/,ฌ เฌอ,โต๊ะกลาง,,นกยูง,(Nokyoong Coffee Table),ไม้วอลนัท เชอรี่ และเบิร์ช,,,,W110,D50 ,H40,cm,10028164,B 13500.00,15%,B 11475.00,0%,B 11475.00
ฌ เฌอ | โต๊ะกลาง  นกยูง (Nokyoong Coffee Table) ไม้โอ๊ค  สีธรรมชาติ  | ขนาด W110 D50 H40 cm,ฌ เฌอ | โต๊ะกลาง  นกยูง (Nokyoong Coffee Table) ไม้โอ๊ค  สีธรรมชาติ  | ขนาด W110 D50 H40 cm ราคา 13500 ลด 15% เหลือ 11475 ชำระเป็นเงินสด ลด on top เพิ่ม 0% เหลือ 11475 ภายใน เดือนกันยายน 2569 และส่วนลดเพิ่มเติมตามโปรฯ ได้ที่ https://chawcher.com/category/promotion/,ฌ เฌอ,โต๊ะกลาง,,นกยูง,(Nokyoong Coffee Table),ไม้โอ๊ค ,สีธรรมชาติ,,,W110,D50 ,H40,cm,xxxxxxxx,B 13500.00,15%,B 11475.00,0%,B 11475.00
ฌ เฌอ | โต๊ะกลาง  นางนวล (Nangnuan Coffee Table) ไม้โอ๊ค  สีธรรมชาติ  | ขนาด W110 D60 H35 cm,ฌ เฌอ | โต๊ะกลาง  นางนวล (Nangnuan Coffee Table) ไม้โอ๊ค  สีธรรมชาติ  | ขนาด W110 D60 H35 cm ราคา 13500 ลด 15% เหลือ 11475 ชำระเป็นเงินสด ลด on top เพิ่ม 0% เหลือ 11475 ภายใน เดือนกันยายน 2569 และส่วนลดเพิ่มเติมตามโปรฯ ได้ที่ https://chawcher.com/category/promotion/,ฌ เฌอ,โต๊ะกลาง,,นางนวล ,(Nangnuan Coffee Table),ไม้โอ๊ค ,สีธรรมชาติ,,,W110,D60,H35,cm,10028163,B 13500.00,15%,B 11475.00,0%,B 11475.00
ฌ เฌอ | โต๊ะกลาง  ฟีนิกซ์ (Phoenix Coffee Table) ขาเหล็ก ท็อปไม้โอ๊ค  เลือกสีได้ | ขนาด W120 D90 H40 cm,ฌ เฌอ | โต๊ะกลาง  ฟีนิกซ์ (Phoenix Coffee Table) ขาเหล็ก ท็อปไม้โอ๊ค  เลือกสีได้ | ขนาด W120 D90 H40 cm ราคา 45000 ลด 45% เหลือ 24750 ชำระเป็นเงินสด ลด on top เพิ่ม 10% เหลือ 22275 ภายใน เดือนกันยายน 2569 และส่วนลดเพิ่มเติมตามโปรฯ ได้ที่ https://chawcher.com/category/promotion/,ฌ เฌอ,โต๊ะกลาง,,ฟีนิกซ์,(Phoenix Coffee Table),ขาเหล็ก ท็อปไม้โอ๊ค,,,เลือกสีได้,W120,D90,H40,cm,xxxxxxxx,B 45000.00,45%,B 24750.00,10%,B 22275.00
ฌ เฌอ | โต๊ะกลาง  ฟีนิกซ์ (Phoenix Coffee Table) ขาเหล็ก ท็อปหินสังเคราะห์  เลือกสีได้ | ขนาด W120 D90 H40 cm,ฌ เฌอ | โต๊ะกลาง  ฟีนิกซ์ (Phoenix Coffee Table) ขาเหล็ก ท็อปหินสังเคราะห์  เลือกสีได้ | ขนาด W120 D90 H40 cm ราคา 49000 ลด 45% เหลือ 26950 ชำระเป็นเงินสด ลด on top เพิ่ม 10% เหลือ 24255 ภายใน เดือนกันยายน 2569 และส่วนลดเพิ่มเติมตามโปรฯ ได้ที่ https://chawcher.com/category/promotion/,ฌ เฌอ,โต๊ะกลาง,,ฟีนิกซ์,(Phoenix Coffee Table),ขาเหล็ก ท็อปหินสังเคราะห์,,,เลือกสีได้,W120,D90,H40,cm,xxxxxxxx,B 49000.00,45%,B 26950.00,10%,B 24255.00
ฌ เฌอ | โต๊ะกลาง  สวอน (Swan Coffee Table) เหล็ก  ท็อปกระจก | ขนาด W100 D40 H31 cm,ฌ เฌอ | โต๊ะกลาง  สวอน (Swan Coffee Table) เหล็ก  ท็อปกระจก | ขนาด W100 D40 H31 cm ราคา 25000 ลด 40% เหลือ 15000 ชำระเป็นเงินสด ลด on top เพิ่ม 0% เหลือ 15000 ภายใน เดือนกันยายน 2569 และส่วนลดเพิ่มเติมตามโปรฯ ได้ที่ https://chawcher.com/category/promotion/,ฌ เฌอ,โต๊ะกลาง,,สวอน,(Swan Coffee Table),เหล็ก,,ท็อปกระจก,,W100,D40,H31,cm,10959891,B 25000.00,40%,B 15000.00,0%,B 15000.00
ฌ เฌอ | โต๊ะกลาง  สวอน (Swan Coffee Table) เหล็ก สีดำ ท็อปเหล็ก | ขนาด W100 D40 H31 cm,ฌ เฌอ | โต๊ะกลาง  สวอน (Swan Coffee Table) เหล็ก สีดำ ท็อปเหล็ก | ขนาด W100 D40 H31 cm ราคา 25000 ลด 40% เหลือ 15000 ชำระเป็นเงินสด ลด on top เพิ่ม 0% เหลือ 15000 ภายใน เดือนกันยายน 2569 และส่วนลดเพิ่มเติมตามโปรฯ ได้ที่ https://chawcher.com/category/promotion/,ฌ เฌอ,โต๊ะกลาง,,สวอน,(Swan Coffee Table),เหล็ก,สีดำ,ท็อปเหล็ก,,W100,D40,H31,cm,10959892,B 25000.00,40%,B 15000.00,0%,B 15000.00
ฌ เฌอ | โต๊ะกลาง  สวอน (Swan Coffee Table) เหล็ก สีเทาเข้ม ท็อปเหล็ก | ขนาด W100 D40 H31 cm,ฌ เฌอ | โต๊ะกลาง  สวอน (Swan Coffee Table) เหล็ก สีเทาเข้ม ท็อปเหล็ก | ขนาด W100 D40 H31 cm ราคา 25000 ลด 40% เหลือ 15000 ชำระเป็นเงินสด ลด on top เพิ่ม 0% เหลือ 15000 ภายใน เดือนกันยายน 2569 และส่วนลดเพิ่มเติมตามโปรฯ ได้ที่ https://chawcher.com/category/promotion/,ฌ เฌอ,โต๊ะกลาง,,สวอน,(Swan Coffee Table),เหล็ก,สีเทาเข้ม,ท็อปเหล็ก,,W100,D40,H31,cm,10959893,B 25000.00,40%,B 15000.00,0%,B 15000.00
ฌ เฌอ | โต๊ะข้าง  นางนวล (Nangnuan Side Table L) ขาไม้โอ๊ค ท็อปไม้สังเคราะห์   | ขนาด W50 D30 H50 cm,ฌ เฌอ | โต๊ะข้าง  นางนวล (Nangnuan Side Table L) ขาไม้โอ๊ค ท็อปไม้สังเคราะห์   | ขนาด W50 D30 H50 cm ราคา 13125 ลด 20% เหลือ 10500 ชำระเป็นเงินสด ลด on top เพิ่ม 0% เหลือ 10500 ภายใน เดือนกันยายน 2569 และส่วนลดเพิ่มเติมตามโปรฯ ได้ที่ https://chawcher.com/category/promotion/,ฌ เฌอ,โต๊ะข้าง,,นางนวล ,(Nangnuan Side Table L),ไม้โอ๊ค,สีธรรมชาติ,,,W50,D30,H50,cm,xxxxxxxx,B 13125.00,20%,B 10500.00,0%,B 10500.00
ฌ เฌอ | โต๊ะข้าง  นางนวล (Nangnuan Side Table S) ขาไม้โอ๊ค ท็อปไม้สังเคราะห์   | ขนาด W42.5 D25.5 H60 cm,ฌ เฌอ | โต๊ะข้าง  นางนวล (Nangnuan Side Table S) ขาไม้โอ๊ค ท็อปไม้สังเคราะห์   | ขนาด W42.5 D25.5 H60 cm ราคา 9750 ลด 20% เหลือ 7800 ชำระเป็นเงินสด ลด on top เพิ่ม 0% เหลือ 7800 ภายใน เดือนกันยายน 2569 และส่วนลดเพิ่มเติมตามโปรฯ ได้ที่ https://chawcher.com/category/promotion/,ฌ เฌอ,โต๊ะข้าง,,นางนวล ,(Nangnuan Side Table S),ไม้โอ๊ค,สีธรรมชาติ,,,W42.5,D25.5,H60,cm,xxxxxxxx,B 9750.00,20%,B 7800.00,0%,B 7800.00
ฌ เฌอ | โต๊ะข้าง  เบิร์ด (Bird Side Table L) ขาไม้โอ๊ค ท็อปไม้สังเคราะห์   | ขนาด W60 D60 H49 cm,ฌ เฌอ | โต๊ะข้าง  เบิร์ด (Bird Side Table L) ขาไม้โอ๊ค ท็อปไม้สังเคราะห์   | ขนาด W60 D60 H49 cm ราคา 9000 ลด 20% เหลือ 7200 ชำระเป็นเงินสด ลด on top เพิ่ม 0% เหลือ 7200 ภายใน เดือนกันยายน 2569 และส่วนลดเพิ่มเติมตามโปรฯ ได้ที่ https://chawcher.com/category/promotion/,ฌ เฌอ,โต๊ะข้าง,,เบิร์ด,(Bird Side Table L),ขาไม้โอ๊ค ท็อปไม้สังเคราะห์,,,,W60,D60,H49,cm,10061357,B 9000.00,20%,B 7200.00,0%,B 7200.00
ฌ เฌอ | โต๊ะข้าง  เบิร์ด (Bird Side Table M) ขาไม้โอ๊ค ท็อปไม้สังเคราะห์   | ขนาด W50 D50 H59 cm,ฌ เฌอ | โต๊ะข้าง  เบิร์ด (Bird Side Table M) ขาไม้โอ๊ค ท็อปไม้สังเคราะห์   | ขนาด W50 D50 H59 cm ราคา 7200 ลด 20% เหลือ 5760 ชำระเป็นเงินสด ลด on top เพิ่ม 0% เหลือ 5760 ภายใน เดือนกันยายน 2569 และส่วนลดเพิ่มเติมตามโปรฯ ได้ที่ https://chawcher.com/category/promotion/,ฌ เฌอ,โต๊ะข้าง,,เบิร์ด,(Bird Side Table M),ขาไม้โอ๊ค ท็อปไม้สังเคราะห์,,,,W50,D50 ,H59,cm,10061356,B 7200.00,20%,B 5760.00,0%,B 5760.00
ฌ เฌอ | โต๊ะข้าง  เบิร์ด (Bird Side Table S) ขาไม้โอ๊ค ท็อปไม้สังเคราะห์   | ขนาด W40 D40 H39 cm,ฌ เฌอ | โต๊ะข้าง  เบิร์ด (Bird Side Table S) ขาไม้โอ๊ค ท็อปไม้สังเคราะห์   | ขนาด W40 D40 H39 cm ราคา 5500 ลด 20% เหลือ 4400 ชำระเป็นเงินสด ลด on top เพิ่ม 0% เหลือ 4400 ภายใน เดือนกันยายน 2569 และส่วนลดเพิ่มเติมตามโปรฯ ได้ที่ https://chawcher.com/category/promotion/,ฌ เฌอ,โต๊ะข้าง,,เบิร์ด,(Bird Side Table S),ขาไม้โอ๊ค ท็อปไม้สังเคราะห์,,,,W40,D40,H39,cm,10061355,B 5500.00,20%,B 4400.00,0%,B 4400.00
ฌ เฌอ | โต๊ะข้างเตียง   กางเขน (Kangkaen Side Bed) ไม้โอ๊ค  สีธรรมชาติ  | ขนาด W40 D40 H50 cm,ฌ เฌอ | โต๊ะข้างเตียง   กางเขน (Kangkaen Side Bed) ไม้โอ๊ค  สีธรรมชาติ  | ขนาด W40 D40 H50 cm ราคา 10800 ลด 20% เหลือ 8640 ชำระเป็นเงินสด ลด on top เพิ่ม 0% เหลือ 8640 ภายใน เดือนกันยายน 2569 และส่วนลดเพิ่มเติมตามโปรฯ ได้ที่ https://chawcher.com/category/promotion/,ฌ เฌอ,โต๊ะข้างเตียง ,,กางเขน ,(Kangkaen Side Bed),ไม้โอ๊ค ,สีธรรมชาติ,,,W40,D40,H50,cm,10023914,B 10800.00,20%,B 8640.00,0%,B 8640.00
ฌ เฌอ | โต๊ะข้างเตียง   สวอน (Swan Night Stand) เหล็ก / กระจก เลือกสีได้  | ขนาด    ,ฌ เฌอ | โต๊ะข้างเตียง   สวอน (Swan Night Stand) เหล็ก / กระจก เลือกสีได้  | ขนาด     ราคา 30720 ลด 50% เหลือ 15360 ชำระเป็นเงินสด ลด on top เพิ่ม 10% เหลือ 13824 ภายใน เดือนกันยายน 2569 และส่วนลดเพิ่มเติมตามโปรฯ ได้ที่ https://chawcher.com/category/promotion/,ฌ เฌอ,โต๊ะข้างเตียง ,,สวอน,(Swan Night Stand),เหล็ก / กระจก,เลือกสีได้,,,,,,,,B 30720.00,50%,B 15360.00,10%,B 13824.00
ฌ เฌอ | โต๊ะทานข้าว  สวอน (Swan Dining Table) เหล็ก / กระจก เลือกสีได้  | ขนาด W180 D90 H74 ,ฌ เฌอ | โต๊ะทานข้าว  สวอน (Swan Dining Table) เหล็ก / กระจก เลือกสีได้  | ขนาด W180 D90 H74  ราคา 48000 ลด 35% เหลือ 31200 ชำระเป็นเงินสด ลด on top เพิ่ม 10% เหลือ 28080 ภายใน เดือนกันยายน 2569 และส่วนลดเพิ่มเติมตามโปรฯ ได้ที่ https://chawcher.com/category/promotion/,ฌ เฌอ,โต๊ะทานข้าว,,สวอน,(Swan Dining Table),เหล็ก / กระจก,เลือกสีได้,,,W180,D90,H74,,,B 48000.00,35%,B 31200.00,10%,B 28080.00
ฌ เฌอ | โต๊ะทานข้าว  สวอน (Swan Dining Table) เหล็ก / กระจก เลือกสีได้  | ขนาด W210 D95 H74 ,ฌ เฌอ | โต๊ะทานข้าว  สวอน (Swan Dining Table) เหล็ก / กระจก เลือกสีได้  | ขนาด W210 D95 H74  ราคา 54000 ลด 35% เหลือ 35100 ชำระเป็นเงินสด ลด on top เพิ่ม 10% เหลือ 31590 ภายใน เดือนกันยายน 2569 และส่วนลดเพิ่มเติมตามโปรฯ ได้ที่ https://chawcher.com/category/promotion/,ฌ เฌอ,โต๊ะทานข้าว,,สวอน,(Swan Dining Table),เหล็ก / กระจก,เลือกสีได้,,,W210,D95,H74,,,B 54000.00,35%,B 35100.00,10%,B 31590.00
ฌ เฌอ | โต๊ะทานข้าว  สวอน (Swan Dining Table) เหล็ก / กระจก เลือกสีได้  | ขนาด W240 D105 H74 ,ฌ เฌอ | โต๊ะทานข้าว  สวอน (Swan Dining Table) เหล็ก / กระจก เลือกสีได้  | ขนาด W240 D105 H74  ราคา 59000 ลด 35% เหลือ 38350 ชำระเป็นเงินสด ลด on top เพิ่ม 10% เหลือ 34515 ภายใน เดือนกันยายน 2569 และส่วนลดเพิ่มเติมตามโปรฯ ได้ที่ https://chawcher.com/category/promotion/,ฌ เฌอ,โต๊ะทานข้าว,,สวอน,(Swan Dining Table),เหล็ก / กระจก,เลือกสีได้,,,W240,D105,H74,,,B 59000.00,35%,B 38350.00,10%,B 34515.00
ฌ เฌอ | โต๊ะทานข้าว  สวอน (Swan Dining Table) เหล็ก / หินสังเคราะห์ เลือกสีได้  | ขนาด W180 D90 H74 ,ฌ เฌอ | โต๊ะทานข้าว  สวอน (Swan Dining Table) เหล็ก / หินสังเคราะห์ เลือกสีได้  | ขนาด W180 D90 H74  ราคา 99000 ลด 35% เหลือ 64350 ชำระเป็นเงินสด ลด on top เพิ่ม 10% เหลือ 57915 ภายใน เดือนกันยายน 2569 และส่วนลดเพิ่มเติมตามโปรฯ ได้ที่ https://chawcher.com/category/promotion/,ฌ เฌอ,โต๊ะทานข้าว,,สวอน,(Swan Dining Table),เหล็ก / หินสังเคราะห์,เลือกสีได้,,,W180,D90,H74,,,B 99000.00,35%,B 64350.00,10%,B 57915.00
ฌ เฌอ | โต๊ะทานข้าว  สวอน (Swan Dining Table) เหล็ก / หินสังเคราะห์ เลือกสีได้  | ขนาด W210 D95 H74 ,ฌ เฌอ | โต๊ะทานข้าว  สวอน (Swan Dining Table) เหล็ก / หินสังเคราะห์ เลือกสีได้  | ขนาด W210 D95 H74  ราคา 115000 ลด 35% เหลือ 74750 ชำระเป็นเงินสด ลด on top เพิ่ม 10% เหลือ 67275 ภายใน เดือนกันยายน 2569 และส่วนลดเพิ่มเติมตามโปรฯ ได้ที่ https://chawcher.com/category/promotion/,ฌ เฌอ,โต๊ะทานข้าว,,สวอน,(Swan Dining Table),เหล็ก / หินสังเคราะห์,เลือกสีได้,,,W210,D95,H74,,,B 115000.00,35%,B 74750.00,10%,B 67275.00
ฌ เฌอ | โต๊ะทานข้าว  สวอน (Swan Dining Table) เหล็ก / หินสังเคราะห์ เลือกสีได้  | ขนาด W240 D105 H74 ,ฌ เฌอ | โต๊ะทานข้าว  สวอน (Swan Dining Table) เหล็ก / หินสังเคราะห์ เลือกสีได้  | ขนาด W240 D105 H74  ราคา 125000 ลด 35% เหลือ 81250 ชำระเป็นเงินสด ลด on top เพิ่ม 10% เหลือ 73125 ภายใน เดือนกันยายน 2569 และส่วนลดเพิ่มเติมตามโปรฯ ได้ที่ https://chawcher.com/category/promotion/,ฌ เฌอ,โต๊ะทานข้าว,,สวอน,(Swan Dining Table),เหล็ก / หินสังเคราะห์,เลือกสีได้,,,W240,D105,H74,,,B 125000.00,35%,B 81250.00,10%,B 73125.00
ฌ เฌอ | โต๊ะทานข้าว 150 cm กระสา (Krasa Dining table) ไม้โอ๊ค  เลือกสีได้  | ขนาด W150 D80 H75 cm,ฌ เฌอ | โต๊ะทานข้าว 150 cm กระสา (Krasa Dining table) ไม้โอ๊ค  เลือกสีได้  | ขนาด W150 D80 H75 cm ราคา 25600 ลด 5% เหลือ 24320 ชำระเป็นเงินสด ลด on top เพิ่ม 10% เหลือ 21888 ภายใน เดือนกันยายน 2569 และส่วนลดเพิ่มเติมตามโปรฯ ได้ที่ https://chawcher.com/category/promotion/,ฌ เฌอ,โต๊ะทานข้าว,150 cm,กระสา ,(Krasa Dining table),ไม้โอ๊ค ,เลือกสีได้,,,W150,D80,H75,cm,10117265,B 25600.00,5%,B 24320.00,10%,B 21888.00
ฌ เฌอ | โต๊ะทานข้าว 150 cm นกยูง (Nokyoong Dining table) ไม้วอลนัท เชอรี่ และเบิร์ช   | ขนาด W150 D80 H75 cm,ฌ เฌอ | โต๊ะทานข้าว 150 cm นกยูง (Nokyoong Dining table) ไม้วอลนัท เชอรี่ และเบิร์ช   | ขนาด W150 D80 H75 cm ราคา 25600 ลด 5% เหลือ 24320 ชำระเป็นเงินสด ลด on top เพิ่ม 10% เหลือ 21888 ภายใน เดือนกันยายน 2569 และส่วนลดเพิ่มเติมตามโปรฯ ได้ที่ https://chawcher.com/category/promotion/,ฌ เฌอ,โต๊ะทานข้าว,150 cm,นกยูง,(Nokyoong Dining table),ไม้วอลนัท เชอรี่ และเบิร์ช,,,,W150,D80,H75,cm,xxxxxxxx,B 25600.00,5%,B 24320.00,10%,B 21888.00
ฌ เฌอ | โต๊ะทานข้าว 150 cm นางนวล  (Nangnuan Dining table) ไม้โอ๊ค  Japanese Version  | ขนาด W150 D80 H75 cm,ฌ เฌอ | โต๊ะทานข้าว 150 cm นางนวล  (Nangnuan Dining table) ไม้โอ๊ค  Japanese Version  | ขนาด W150 D80 H75 cm ราคา 25600 ลด 5% เหลือ 24320 ชำระเป็นเงินสด ลด on top เพิ่ม 10% เหลือ 21888 ภายใน เดือนกันยายน 2569 และส่วนลดเพิ่มเติมตามโปรฯ ได้ที่ https://chawcher.com/category/promotion/,ฌ เฌอ,โต๊ะทานข้าว,150 cm,นางนวล ,(Nangnuan Dining table),ไม้โอ๊ค ,Japanese Version,,,W150,D80,H75,cm,10061307,B 25600.00,5%,B 24320.00,10%,B 21888.00
ฌ เฌอ | โต๊ะทานข้าว 150 cm นางนวล  (Nangnuan Dining table) ไม้โอ๊ค  เลือกสีได้  | ขนาด W150 D80 H75 cm,ฌ เฌอ | โต๊ะทานข้าว 150 cm นางนวล  (Nangnuan Dining table) ไม้โอ๊ค  เลือกสีได้  | ขนาด W150 D80 H75 cm ราคา 25600 ลด 5% เหลือ 24320 ชำระเป็นเงินสด ลด on top เพิ่ม 10% เหลือ 21888 ภายใน เดือนกันยายน 2569 และส่วนลดเพิ่มเติมตามโปรฯ ได้ที่ https://chawcher.com/category/promotion/,ฌ เฌอ,โต๊ะทานข้าว,150 cm,นางนวล ,(Nangnuan Dining table),ไม้โอ๊ค ,เลือกสีได้,,,W150,D80,H75,cm,10061308,B 25600.00,5%,B 24320.00,10%,B 21888.00
ฌ เฌอ | โต๊ะทานข้าว 180 cm กระสา (Krasa Dining table) ไม้โอ๊ค  เลือกสีได้  | ขนาด W180 D80 H75 cm,ฌ เฌอ | โต๊ะทานข้าว 180 cm กระสา (Krasa Dining table) ไม้โอ๊ค  เลือกสีได้  | ขนาด W180 D80 H75 cm ราคา 30800 ลด 5% เหลือ 29260 ชำระเป็นเงินสด ลด on top เพิ่ม 10% เหลือ 26334 ภายใน เดือนกันยายน 2569 และส่วนลดเพิ่มเติมตามโปรฯ ได้ที่ https://chawcher.com/category/promotion/,ฌ เฌอ,โต๊ะทานข้าว,180 cm,กระสา ,(Krasa Dining table),ไม้โอ๊ค ,เลือกสีได้,,,W180,D80,H75,cm,10117266,B 30800.00,5%,B 29260.00,10%,B 26334.00
ฌ เฌอ | โต๊ะทานข้าว 180 cm นางนวล  (Nangnuan Dining table) ไม้โอ๊ค  เลือกสีได้  | ขนาด W180 D80 H75 cm,ฌ เฌอ | โต๊ะทานข้าว 180 cm นางนวล  (Nangnuan Dining table) ไม้โอ๊ค  เลือกสีได้  | ขนาด W180 D80 H75 cm ราคา 30800 ลด 5% เหลือ 29260 ชำระเป็นเงินสด ลด on top เพิ่ม 10% เหลือ 26334 ภายใน เดือนกันยายน 2569 และส่วนลดเพิ่มเติมตามโปรฯ ได้ที่ https://chawcher.com/category/promotion/,ฌ เฌอ,โต๊ะทานข้าว,180 cm,นางนวล ,(Nangnuan Dining table),ไม้โอ๊ค ,เลือกสีได้,,,W180,D80,H75,cm,10068673,B 30800.00,5%,B 29260.00,10%,B 26334.00
ฌ เฌอ | โต๊ะทานข้าว 200 cm กระสา (Krasa Dining table) ไม้โอ๊ค  เลือกสีได้  | ขนาด W200 D80 H75 cm,ฌ เฌอ | โต๊ะทานข้าว 200 cm กระสา (Krasa Dining table) ไม้โอ๊ค  เลือกสีได้  | ขนาด W200 D80 H75 cm ราคา 40800 ลด 5% เหลือ 38760 ชำระเป็นเงินสด ลด on top เพิ่ม 10% เหลือ 34884 ภายใน เดือนกันยายน 2569 และส่วนลดเพิ่มเติมตามโปรฯ ได้ที่ https://chawcher.com/category/promotion/,ฌ เฌอ,โต๊ะทานข้าว,200 cm,กระสา ,(Krasa Dining table),ไม้โอ๊ค ,เลือกสีได้,,,W200,D80,H75,cm,10117267,B 40800.00,5%,B 38760.00,10%,B 34884.00
ฌ เฌอ | โต๊ะทานข้าว 200 cm นางนวล  (Nangnuan Dining table) ไม้โอ๊ค  เลือกสีได้  | ขนาด W200 D80 H75 cm,ฌ เฌอ | โต๊ะทานข้าว 200 cm นางนวล  (Nangnuan Dining table) ไม้โอ๊ค  เลือกสีได้  | ขนาด W200 D80 H75 cm ราคา 40800 ลด 5% เหลือ 38760 ชำระเป็นเงินสด ลด on top เพิ่ม 10% เหลือ 34884 ภายใน เดือนกันยายน 2569 และส่วนลดเพิ่มเติมตามโปรฯ ได้ที่ https://chawcher.com/category/promotion/,ฌ เฌอ,โต๊ะทานข้าว,200 cm,นางนวล ,(Nangnuan Dining table),ไม้โอ๊ค ,เลือกสีได้,,,W200,D80,H75,cm,10117263,B 40800.00,5%,B 38760.00,10%,B 34884.00
ฌ เฌอ | โต๊ะทานข้าว พร้อมชุดเก้าอี้กีวี่ 2 ตัว นางนวล / กระสา (Nangnuan or Krasa Dining Set) ไม้โอ๊ค    | ขนาด W80 D80 H75 cm,ฌ เฌอ | โต๊ะทานข้าว พร้อมชุดเก้าอี้กีวี่ 2 ตัว นางนวล / กระสา (Nangnuan or Krasa Dining Set) ไม้โอ๊ค    | ขนาด W80 D80 H75 cm ราคา 21000 ลด 0% เหลือ 21000 ชำระเป็นเงินสด ลด on top เพิ่ม 10% เหลือ 18900 ภายใน เดือนกันยายน 2569 และส่วนลดเพิ่มเติมตามโปรฯ ได้ที่ https://chawcher.com/category/promotion/,ฌ เฌอ,โต๊ะทานข้าว,พร้อมชุดเก้าอี้กีวี่ 2 ตัว,นางนวล / กระสา,(Nangnuan or Krasa Dining Set),ไม้โอ๊ค ,,,,W80,D80,H75,cm,10192862,B 21000.00,0%,B 21000.00,10%,B 18900.00
ฌ เฌอ | โต๊ะทานข้าว พร้อมชุดเก้าอี้กีวี่ 2 ตัว และม้านั่ง นางนวล / กระสา (Nangnuan or Krasa Dining Set) ไม้โอ๊ค    | ขนาด W150 D80 H75 cm,ฌ เฌอ | โต๊ะทานข้าว พร้อมชุดเก้าอี้กีวี่ 2 ตัว และม้านั่ง นางนวล / กระสา (Nangnuan or Krasa Dining Set) ไม้โอ๊ค    | ขนาด W150 D80 H75 cm ราคา 59400 ลด 5% เหลือ 56430 ชำระเป็นเงินสด ลด on top เพิ่ม 10% เหลือ 50787 ภายใน เดือนกันยายน 2569 และส่วนลดเพิ่มเติมตามโปรฯ ได้ที่ https://chawcher.com/category/promotion/,ฌ เฌอ,โต๊ะทานข้าว,พร้อมชุดเก้าอี้กีวี่ 2 ตัว และม้านั่ง,นางนวล / กระสา,(Nangnuan or Krasa Dining Set),ไม้โอ๊ค ,,,,W150,D80,H75,cm,10117274,B 59400.00,5%,B 56430.00,10%,B 50787.00
ฌ เฌอ | โต๊ะทานข้าว พร้อมชุดเก้าอี้กีวี่ 2 ตัว และม้านั่งกระสา นกยูง (Nokyoong Dining set) ไม้วอลนัท เชอรี่ และเบิร์ช   | ขนาด W150 D80 H75 cm,ฌ เฌอ | โต๊ะทานข้าว พร้อมชุดเก้าอี้กีวี่ 2 ตัว และม้านั่งกระสา นกยูง (Nokyoong Dining set) ไม้วอลนัท เชอรี่ และเบิร์ช   | ขนาด W150 D80 H75 cm ราคา 57600 ลด 5% เหลือ 54720 ชำระเป็นเงินสด ลด on top เพิ่ม 10% เหลือ 49248 ภายใน เดือนกันยายน 2569 และส่วนลดเพิ่มเติมตามโปรฯ ได้ที่ https://chawcher.com/category/promotion/,ฌ เฌอ,โต๊ะทานข้าว,พร้อมชุดเก้าอี้กีวี่ 2 ตัว และม้านั่งกระสา,นกยูง,(Nokyoong Dining set),ไม้วอลนัท เชอรี่ และเบิร์ช,,,,W150,D80,H75,cm,xxxxxxxx,B 57600.00,5%,B 54720.00,10%,B 49248.00
ฌ เฌอ | โต๊ะทานข้าว พร้อมชุดเก้าอี้กีวี่ 3 ตัว และม้านั่ง นางนวล / กระสา (Nangnuan or Krasa Dining Set) ไม้โอ๊ค    | ขนาด W180 D80 H75 cm,ฌ เฌอ | โต๊ะทานข้าว พร้อมชุดเก้าอี้กีวี่ 3 ตัว และม้านั่ง นางนวล / กระสา (Nangnuan or Krasa Dining Set) ไม้โอ๊ค    | ขนาด W180 D80 H75 cm ราคา 77800 ลด 5% เหลือ 73910 ชำระเป็นเงินสด ลด on top เพิ่ม 10% เหลือ 66519 ภายใน เดือนกันยายน 2569 และส่วนลดเพิ่มเติมตามโปรฯ ได้ที่ https://chawcher.com/category/promotion/,ฌ เฌอ,โต๊ะทานข้าว,พร้อมชุดเก้าอี้กีวี่ 3 ตัว และม้านั่ง,นางนวล / กระสา,(Nangnuan or Krasa Dining Set),ไม้โอ๊ค ,,,,W180,D80,H75,cm,10117276,B 77800.00,5%,B 73910.00,10%,B 66519.00
ฌ เฌอ | โต๊ะทานข้าว พร้อมชุดเก้าอี้กีวี่ 3 ตัว และม้านั่ง นางนวล / กระสา (Nangnuan or Krasa Dining Set) ไม้โอ๊ค    | ขนาด W200 D80 H75 cm,ฌ เฌอ | โต๊ะทานข้าว พร้อมชุดเก้าอี้กีวี่ 3 ตัว และม้านั่ง นางนวล / กระสา (Nangnuan or Krasa Dining Set) ไม้โอ๊ค    | ขนาด W200 D80 H75 cm ราคา 90900 ลด 5% เหลือ 86355 ชำระเป็นเงินสด ลด on top เพิ่ม 10% เหลือ 77719.5 ภายใน เดือนกันยายน 2569 และส่วนลดเพิ่มเติมตามโปรฯ ได้ที่ https://chawcher.com/category/promotion/,ฌ เฌอ,โต๊ะทานข้าว,พร้อมชุดเก้าอี้กีวี่ 3 ตัว และม้านั่ง,นางนวล / กระสา,(Nangnuan or Krasa Dining Set),ไม้โอ๊ค ,,,,W200,D80,H75,cm,10117278,B 90900.00,5%,B 86355.00,10%,B 77719.50
ฌ เฌอ | โต๊ะทานข้าว พร้อมชุดเก้าอี้กีวี่ 4 ตัว นกยูง (Nokyoong Dining set) ไม้วอลนัท เชอรี่ และเบิร์ช   | ขนาด W150 D80 H75 cm,ฌ เฌอ | โต๊ะทานข้าว พร้อมชุดเก้าอี้กีวี่ 4 ตัว นกยูง (Nokyoong Dining set) ไม้วอลนัท เชอรี่ และเบิร์ช   | ขนาด W150 D80 H75 cm ราคา 67600 ลด 5% เหลือ 64220 ชำระเป็นเงินสด ลด on top เพิ่ม 10% เหลือ 57798 ภายใน เดือนกันยายน 2569 และส่วนลดเพิ่มเติมตามโปรฯ ได้ที่ https://chawcher.com/category/promotion/,ฌ เฌอ,โต๊ะทานข้าว,พร้อมชุดเก้าอี้กีวี่ 4 ตัว,นกยูง,(Nokyoong Dining set),ไม้วอลนัท เชอรี่ และเบิร์ช,,,,W150,D80,H75,cm,xxxxxxxx,B 67600.00,5%,B 64220.00,10%,B 57798.00
ฌ เฌอ | โต๊ะทานข้าว พร้อมชุดเก้าอี้กีวี่ 4 ตัว นางนวล / กระสา (Nangnuan or Krasa Dining Set) ไม้โอ๊ค    | ขนาด W150 D80 H75 cm,ฌ เฌอ | โต๊ะทานข้าว พร้อมชุดเก้าอี้กีวี่ 4 ตัว นางนวล / กระสา (Nangnuan or Krasa Dining Set) ไม้โอ๊ค    | ขนาด W150 D80 H75 cm ราคา 67600 ลด 5% เหลือ 64220 ชำระเป็นเงินสด ลด on top เพิ่ม 10% เหลือ 57798 ภายใน เดือนกันยายน 2569 และส่วนลดเพิ่มเติมตามโปรฯ ได้ที่ https://chawcher.com/category/promotion/,ฌ เฌอ,โต๊ะทานข้าว,พร้อมชุดเก้าอี้กีวี่ 4 ตัว,นางนวล / กระสา,(Nangnuan or Krasa Dining Set),ไม้โอ๊ค ,,,,W150,D80,H75,cm,10123955,B 67600.00,5%,B 64220.00,10%,B 57798.00
ฌ เฌอ | โต๊ะทานข้าว พร้อมชุดเก้าอี้กีวี่ 6 ตัว นางนวล / กระสา (Nangnuan or Krasa Dining Set) ไม้โอ๊ค    | ขนาด W180 D80 H75 cm,ฌ เฌอ | โต๊ะทานข้าว พร้อมชุดเก้าอี้กีวี่ 6 ตัว นางนวล / กระสา (Nangnuan or Krasa Dining Set) ไม้โอ๊ค    | ขนาด W180 D80 H75 cm ราคา 93800 ลด 5% เหลือ 89110 ชำระเป็นเงินสด ลด on top เพิ่ม 10% เหลือ 80199 ภายใน เดือนกันยายน 2569 และส่วนลดเพิ่มเติมตามโปรฯ ได้ที่ https://chawcher.com/category/promotion/,ฌ เฌอ,โต๊ะทานข้าว,พร้อมชุดเก้าอี้กีวี่ 6 ตัว,นางนวล / กระสา,(Nangnuan or Krasa Dining Set),ไม้โอ๊ค ,,,,W180,D80,H75,cm,xxxxxxxx,B 93800.00,5%,B 89110.00,10%,B 80199.00
ฌ เฌอ | โต๊ะทานข้าว พร้อมชุดเก้าอี้กีวี่ 6 ตัว นางนวล / กระสา (Nangnuan or Krasa Dining Set) ไม้โอ๊ค    | ขนาด W200 D80 H75 cm,ฌ เฌอ | โต๊ะทานข้าว พร้อมชุดเก้าอี้กีวี่ 6 ตัว นางนวล / กระสา (Nangnuan or Krasa Dining Set) ไม้โอ๊ค    | ขนาด W200 D80 H75 cm ราคา 103800 ลด 5% เหลือ 98610 ชำระเป็นเงินสด ลด on top เพิ่ม 10% เหลือ 88749 ภายใน เดือนกันยายน 2569 และส่วนลดเพิ่มเติมตามโปรฯ ได้ที่ https://chawcher.com/category/promotion/,ฌ เฌอ,โต๊ะทานข้าว,พร้อมชุดเก้าอี้กีวี่ 6 ตัว,นางนวล / กระสา,(Nangnuan or Krasa Dining Set),ไม้โอ๊ค ,,,,W200,D80,H75,cm,xxxxxxxx,B 103800.00,5%,B 98610.00,10%,B 88749.00
ฌ เฌอ | โต๊ะทานข้าว พร้อมชุดเก้าอี้อีมู 2 ตัว นางนวล / กระสา (Nangnuan or Krasa Dining Set) ไม้โอ๊ค    | ขนาด W80 D80 H75 cm,ฌ เฌอ | โต๊ะทานข้าว พร้อมชุดเก้าอี้อีมู 2 ตัว นางนวล / กระสา (Nangnuan or Krasa Dining Set) ไม้โอ๊ค    | ขนาด W80 D80 H75 cm ราคา 18600 ลด 0% เหลือ 18600 ชำระเป็นเงินสด ลด on top เพิ่ม 10% เหลือ 16740 ภายใน เดือนกันยายน 2569 และส่วนลดเพิ่มเติมตามโปรฯ ได้ที่ https://chawcher.com/category/promotion/,ฌ เฌอ,โต๊ะทานข้าว,พร้อมชุดเก้าอี้อีมู 2 ตัว,นางนวล / กระสา,(Nangnuan or Krasa Dining Set),ไม้โอ๊ค ,,,,W80,D80,H75,cm,10117271,B 18600.00,0%,B 18600.00,10%,B 16740.00
ฌ เฌอ | โต๊ะทานข้าว พร้อมชุดเก้าอี้อีมู 2 ตัว และม้านั่ง นางนวล / กระสา (Nangnuan or Krasa Dining Set) ไม้โอ๊ค    | ขนาด W150 D80 H75 cm,ฌ เฌอ | โต๊ะทานข้าว พร้อมชุดเก้าอี้อีมู 2 ตัว และม้านั่ง นางนวล / กระสา (Nangnuan or Krasa Dining Set) ไม้โอ๊ค    | ขนาด W150 D80 H75 cm ราคา 57000 ลด 5% เหลือ 54150 ชำระเป็นเงินสด ลด on top เพิ่ม 10% เหลือ 48735 ภายใน เดือนกันยายน 2569 และส่วนลดเพิ่มเติมตามโปรฯ ได้ที่ https://chawcher.com/category/promotion/,ฌ เฌอ,โต๊ะทานข้าว,พร้อมชุดเก้าอี้อีมู 2 ตัว และม้านั่ง,นางนวล / กระสา,(Nangnuan or Krasa Dining Set),ไม้โอ๊ค ,,,,W150,D80,H75,cm,10117273,B 57000.00,5%,B 54150.00,10%,B 48735.00
ฌ เฌอ | โต๊ะทานข้าว พร้อมชุดเก้าอี้อีมู 2 ตัว และม้านั่งกระสา นกยูง (Nokyoong Dining set) ไม้วอลนัท เชอรี่ และเบิร์ช   | ขนาด W150 D80 H75 cm,ฌ เฌอ | โต๊ะทานข้าว พร้อมชุดเก้าอี้อีมู 2 ตัว และม้านั่งกระสา นกยูง (Nokyoong Dining set) ไม้วอลนัท เชอรี่ และเบิร์ช   | ขนาด W150 D80 H75 cm ราคา 55200 ลด 5% เหลือ 52440 ชำระเป็นเงินสด ลด on top เพิ่ม 10% เหลือ 47196 ภายใน เดือนกันยายน 2569 และส่วนลดเพิ่มเติมตามโปรฯ ได้ที่ https://chawcher.com/category/promotion/,ฌ เฌอ,โต๊ะทานข้าว,พร้อมชุดเก้าอี้อีมู 2 ตัว และม้านั่งกระสา,นกยูง,(Nokyoong Dining set),ไม้วอลนัท เชอรี่ และเบิร์ช,,,,W150,D80,H75,cm,xxxxxxxx,B 55200.00,5%,B 52440.00,10%,B 47196.00
ฌ เฌอ | โต๊ะทานข้าว พร้อมชุดเก้าอี้อีมู 3 ตัว และม้านั่ง นางนวล / กระสา (Nangnuan or Krasa Dining Set) ไม้โอ๊ค    | ขนาด W180 D80 H75 cm,ฌ เฌอ | โต๊ะทานข้าว พร้อมชุดเก้าอี้อีมู 3 ตัว และม้านั่ง นางนวล / กระสา (Nangnuan or Krasa Dining Set) ไม้โอ๊ค    | ขนาด W180 D80 H75 cm ราคา 74200 ลด 5% เหลือ 70490 ชำระเป็นเงินสด ลด on top เพิ่ม 10% เหลือ 63441 ภายใน เดือนกันยายน 2569 และส่วนลดเพิ่มเติมตามโปรฯ ได้ที่ https://chawcher.com/category/promotion/,ฌ เฌอ,โต๊ะทานข้าว,พร้อมชุดเก้าอี้อีมู 3 ตัว และม้านั่ง,นางนวล / กระสา,(Nangnuan or Krasa Dining Set),ไม้โอ๊ค ,,,,W180,D80,H75,cm,10192863,B 74200.00,5%,B 70490.00,10%,B 63441.00
ฌ เฌอ | โต๊ะทานข้าว พร้อมชุดเก้าอี้อีมู 3 ตัว และม้านั่ง นางนวล / กระสา (Nangnuan or Krasa Dining Set) ไม้โอ๊ค    | ขนาด W200 D80 H75 cm,ฌ เฌอ | โต๊ะทานข้าว พร้อมชุดเก้าอี้อีมู 3 ตัว และม้านั่ง นางนวล / กระสา (Nangnuan or Krasa Dining Set) ไม้โอ๊ค    | ขนาด W200 D80 H75 cm ราคา 87300 ลด 5% เหลือ 82935 ชำระเป็นเงินสด ลด on top เพิ่ม 10% เหลือ 74641.5 ภายใน เดือนกันยายน 2569 และส่วนลดเพิ่มเติมตามโปรฯ ได้ที่ https://chawcher.com/category/promotion/,ฌ เฌอ,โต๊ะทานข้าว,พร้อมชุดเก้าอี้อีมู 3 ตัว และม้านั่ง,นางนวล / กระสา,(Nangnuan or Krasa Dining Set),ไม้โอ๊ค ,,,,W200,D80,H75,cm,10117277,B 87300.00,5%,B 82935.00,10%,B 74641.50
ฌ เฌอ | โต๊ะทานข้าว พร้อมชุดเก้าอี้อีมู 4 ตัว นกยูง (Nokyoong Dining set) ไม้วอลนัท เชอรี่ และเบิร์ช   | ขนาด W150 D80 H75 cm,ฌ เฌอ | โต๊ะทานข้าว พร้อมชุดเก้าอี้อีมู 4 ตัว นกยูง (Nokyoong Dining set) ไม้วอลนัท เชอรี่ และเบิร์ช   | ขนาด W150 D80 H75 cm ราคา 62800 ลด 5% เหลือ 59660 ชำระเป็นเงินสด ลด on top เพิ่ม 10% เหลือ 53694 ภายใน เดือนกันยายน 2569 และส่วนลดเพิ่มเติมตามโปรฯ ได้ที่ https://chawcher.com/category/promotion/,ฌ เฌอ,โต๊ะทานข้าว,พร้อมชุดเก้าอี้อีมู 4 ตัว,นกยูง,(Nokyoong Dining set),ไม้วอลนัท เชอรี่ และเบิร์ช,,,,W150,D80,H75,cm,10026071,B 62800.00,5%,B 59660.00,10%,B 53694.00
ฌ เฌอ | โต๊ะทานข้าว พร้อมชุดเก้าอี้อีมู 4 ตัว นางนวล / กระสา (Nangnuan or Krasa Dining Set) ไม้โอ๊ค    | ขนาด W150 D80 H75 cm,ฌ เฌอ | โต๊ะทานข้าว พร้อมชุดเก้าอี้อีมู 4 ตัว นางนวล / กระสา (Nangnuan or Krasa Dining Set) ไม้โอ๊ค    | ขนาด W150 D80 H75 cm ราคา 62800 ลด 5% เหลือ 59660 ชำระเป็นเงินสด ลด on top เพิ่ม 10% เหลือ 53694 ภายใน เดือนกันยายน 2569 และส่วนลดเพิ่มเติมตามโปรฯ ได้ที่ https://chawcher.com/category/promotion/,ฌ เฌอ,โต๊ะทานข้าว,พร้อมชุดเก้าอี้อีมู 4 ตัว,นางนวล / กระสา,(Nangnuan or Krasa Dining Set),ไม้โอ๊ค ,,,,W150,D80,H75,cm,10123956,B 62800.00,5%,B 59660.00,10%,B 53694.00
ฌ เฌอ | โต๊ะทานข้าว พร้อมชุดเก้าอี้อีมู 6 ตัว นางนวล / กระสา (Nangnuan or Krasa Dining Set) ไม้โอ๊ค    | ขนาด W180 D80 H75 cm,ฌ เฌอ | โต๊ะทานข้าว พร้อมชุดเก้าอี้อีมู 6 ตัว นางนวล / กระสา (Nangnuan or Krasa Dining Set) ไม้โอ๊ค    | ขนาด W180 D80 H75 cm ราคา 86600 ลด 5% เหลือ 82270 ชำระเป็นเงินสด ลด on top เพิ่ม 10% เหลือ 74043 ภายใน เดือนกันยายน 2569 และส่วนลดเพิ่มเติมตามโปรฯ ได้ที่ https://chawcher.com/category/promotion/,ฌ เฌอ,โต๊ะทานข้าว,พร้อมชุดเก้าอี้อีมู 6 ตัว,นางนวล / กระสา,(Nangnuan or Krasa Dining Set),ไม้โอ๊ค ,,,,W180,D80,H75,cm,xxxxxxxx,B 86600.00,5%,B 82270.00,10%,B 74043.00
ฌ เฌอ | โต๊ะทานข้าว พร้อมชุดเก้าอี้อีมู 6 ตัว นางนวล / กระสา (Nangnuan or Krasa Dining Set) ไม้โอ๊ค    | ขนาด W200 D80 H75 cm,ฌ เฌอ | โต๊ะทานข้าว พร้อมชุดเก้าอี้อีมู 6 ตัว นางนวล / กระสา (Nangnuan or Krasa Dining Set) ไม้โอ๊ค    | ขนาด W200 D80 H75 cm ราคา 96600 ลด 5% เหลือ 91770 ชำระเป็นเงินสด ลด on top เพิ่ม 10% เหลือ 82593 ภายใน เดือนกันยายน 2569 และส่วนลดเพิ่มเติมตามโปรฯ ได้ที่ https://chawcher.com/category/promotion/,ฌ เฌอ,โต๊ะทานข้าว,พร้อมชุดเก้าอี้อีมู 6 ตัว,นางนวล / กระสา,(Nangnuan or Krasa Dining Set),ไม้โอ๊ค ,,,,W200,D80,H75,cm,xxxxxxxx,B 96600.00,5%,B 91770.00,10%,B 82593.00
ฌ เฌอ | ที่พักหัว  กีวี่ โซฟา (Kiwi Headrest)   ผ้า A เลือกสีได้ | ขนาด W47 D23 H75 cm,ฌ เฌอ | ที่พักหัว  กีวี่ โซฟา (Kiwi Headrest)   ผ้า A เลือกสีได้ | ขนาด W47 D23 H75 cm ราคา 6500 ลด 20% เหลือ 5200 ชำระเป็นเงินสด ลด on top เพิ่ม 10% เหลือ 4680 ภายใน เดือนกันยายน 2569 และส่วนลดเพิ่มเติมตามโปรฯ ได้ที่ https://chawcher.com/category/promotion/,ฌ เฌอ,ที่พักหัว,,กีวี่ โซฟา,(Kiwi Headrest),,,ผ้า A ,เลือกสีได้,W47,D23,H75,cm,10061291,B 6500.00,20%,B 5200.00,10%,B 4680.00
ฌ เฌอ | ที่พักหัว  กีวี่ โซฟา (Kiwi Headrest)   ผ้า B เลือกสีได้ | ขนาด W47 D23 H75 cm,ฌ เฌอ | ที่พักหัว  กีวี่ โซฟา (Kiwi Headrest)   ผ้า B เลือกสีได้ | ขนาด W47 D23 H75 cm ราคา 7500 ลด 20% เหลือ 6000 ชำระเป็นเงินสด ลด on top เพิ่ม 10% เหลือ 5400 ภายใน เดือนกันยายน 2569 และส่วนลดเพิ่มเติมตามโปรฯ ได้ที่ https://chawcher.com/category/promotion/,ฌ เฌอ,ที่พักหัว,,กีวี่ โซฟา,(Kiwi Headrest),,,ผ้า B ,เลือกสีได้,W47,D23,H75,cm,xxxxxxxx,B 7500.00,20%,B 6000.00,10%,B 5400.00
ฌ เฌอ | ที่พักหัว  กีวี่ โซฟา (Kiwi Headrest)   หนังแท้/PVCเลือกสีได้ | ขนาด W47 D23 H75 cm,ฌ เฌอ | ที่พักหัว  กีวี่ โซฟา (Kiwi Headrest)   หนังแท้/PVCเลือกสีได้ | ขนาด W47 D23 H75 cm ราคา 7800 ลด 20% เหลือ 6240 ชำระเป็นเงินสด ลด on top เพิ่ม 10% เหลือ 5616 ภายใน เดือนกันยายน 2569 และส่วนลดเพิ่มเติมตามโปรฯ ได้ที่ https://chawcher.com/category/promotion/,ฌ เฌอ,ที่พักหัว,,กีวี่ โซฟา,(Kiwi Headrest),,,หนังแท้/PVC,เลือกสีได้,W47,D23,H75,cm,xxxxxxxx,B 7800.00,20%,B 6240.00,10%,B 5616.00
ฌ เฌอ | ที่พักหัว  นกแก้ว  (Nokkaew Headrest)   ผ้า A เลือกสีได้ | ขนาด W62 D14 H64 ,ฌ เฌอ | ที่พักหัว  นกแก้ว  (Nokkaew Headrest)   ผ้า A เลือกสีได้ | ขนาด W62 D14 H64  ราคา 9450 ลด 25% เหลือ 7087.5 ชำระเป็นเงินสด ลด on top เพิ่ม 10% เหลือ 6378.75 ภายใน เดือนกันยายน 2569 และส่วนลดเพิ่มเติมตามโปรฯ ได้ที่ https://chawcher.com/category/promotion/,ฌ เฌอ,ที่พักหัว,,นกแก้ว ,(Nokkaew Headrest),,,ผ้า A ,เลือกสีได้,W62,D14,H64,,,B 9450.00,25%,B 7087.50,10%,B 6378.75
ฌ เฌอ | ที่พักหัว  นกแก้ว  (Nokkaew Headrest)   ผ้า B เลือกสีได้ | ขนาด W62 D14 H64 ,ฌ เฌอ | ที่พักหัว  นกแก้ว  (Nokkaew Headrest)   ผ้า B เลือกสีได้ | ขนาด W62 D14 H64  ราคา 9900 ลด 25% เหลือ 7425 ชำระเป็นเงินสด ลด on top เพิ่ม 10% เหลือ 6682.5 ภายใน เดือนกันยายน 2569 และส่วนลดเพิ่มเติมตามโปรฯ ได้ที่ https://chawcher.com/category/promotion/,ฌ เฌอ,ที่พักหัว,,นกแก้ว ,(Nokkaew Headrest),,,ผ้า B ,เลือกสีได้,W62,D14,H64,,,B 9900.00,25%,B 7425.00,10%,B 6682.50
ฌ เฌอ | ที่พักหัว  นกแก้ว  (Nokkaew Headrest)   ผ้า C เลือกสีได้ | ขนาด W62 D14 H64 ,ฌ เฌอ | ที่พักหัว  นกแก้ว  (Nokkaew Headrest)   ผ้า C เลือกสีได้ | ขนาด W62 D14 H64  ราคา 10800 ลด 25% เหลือ 8100 ชำระเป็นเงินสด ลด on top เพิ่ม 10% เหลือ 7290 ภายใน เดือนกันยายน 2569 และส่วนลดเพิ่มเติมตามโปรฯ ได้ที่ https://chawcher.com/category/promotion/,ฌ เฌอ,ที่พักหัว,,นกแก้ว ,(Nokkaew Headrest),,,ผ้า C ,เลือกสีได้,W62,D14,H64,,,B 10800.00,25%,B 8100.00,10%,B 7290.00
ฌ เฌอ | ที่พักหัว  นกแก้ว  (Nokkaew Headrest)   หนังแท้เลือกสีได้ | ขนาด W62 D14 H64 ,ฌ เฌอ | ที่พักหัว  นกแก้ว  (Nokkaew Headrest)   หนังแท้เลือกสีได้ | ขนาด W62 D14 H64  ราคา 11925 ลด 25% เหลือ 8943.75 ชำระเป็นเงินสด ลด on top เพิ่ม 10% เหลือ 8049.38 ภายใน เดือนกันยายน 2569 และส่วนลดเพิ่มเติมตามโปรฯ ได้ที่ https://chawcher.com/category/promotion/,ฌ เฌอ,ที่พักหัว,,นกแก้ว ,(Nokkaew Headrest),,,หนังแท้,เลือกสีได้,W62,D14,H64,,,B 11925.00,25%,B 8943.75,10%,B 8049.38
ฌ เฌอ | ที่พักหัว  ฟีนิกซ์ (Phoenix Headrest)   ผ้า A เลือกสีได้ | ขนาด W62 D21 H75 ,ฌ เฌอ | ที่พักหัว  ฟีนิกซ์ (Phoenix Headrest)   ผ้า A เลือกสีได้ | ขนาด W62 D21 H75  ราคา 11700 ลด 25% เหลือ 8775 ชำระเป็นเงินสด ลด on top เพิ่ม 10% เหลือ 7897.5 ภายใน เดือนกันยายน 2569 และส่วนลดเพิ่มเติมตามโปรฯ ได้ที่ https://chawcher.com/category/promotion/,ฌ เฌอ,ที่พักหัว,,ฟีนิกซ์,(Phoenix Headrest),,,ผ้า A ,เลือกสีได้,W62,D21,H75,,,B 11700.00,25%,B 8775.00,10%,B 7897.50
ฌ เฌอ | ที่พักหัว  ฟีนิกซ์ (Phoenix Headrest)   ผ้า B เลือกสีได้ | ขนาด W62 D14 H64 ,ฌ เฌอ | ที่พักหัว  ฟีนิกซ์ (Phoenix Headrest)   ผ้า B เลือกสีได้ | ขนาด W62 D14 H64  ราคา 13050 ลด 25% เหลือ 9787.5 ชำระเป็นเงินสด ลด on top เพิ่ม 10% เหลือ 8808.75 ภายใน เดือนกันยายน 2569 และส่วนลดเพิ่มเติมตามโปรฯ ได้ที่ https://chawcher.com/category/promotion/,ฌ เฌอ,ที่พักหัว,,ฟีนิกซ์,(Phoenix Headrest),,,ผ้า B ,เลือกสีได้,W62,D14,H64,,,B 13050.00,25%,B 9787.50,10%,B 8808.75
ฌ เฌอ | ที่พักหัว  ฟีนิกซ์ (Phoenix Headrest)   ผ้า B เลือกสีได้ | ขนาด W62 D21 H75 ,ฌ เฌอ | ที่พักหัว  ฟีนิกซ์ (Phoenix Headrest)   ผ้า B เลือกสีได้ | ขนาด W62 D21 H75  ราคา 13050 ลด 25% เหลือ 9787.5 ชำระเป็นเงินสด ลด on top เพิ่ม 10% เหลือ 8808.75 ภายใน เดือนกันยายน 2569 และส่วนลดเพิ่มเติมตามโปรฯ ได้ที่ https://chawcher.com/category/promotion/,ฌ เฌอ,ที่พักหัว,,ฟีนิกซ์,(Phoenix Headrest),,,ผ้า B ,เลือกสีได้,W62,D21,H75,,,B 13050.00,25%,B 9787.50,10%,B 8808.75
ฌ เฌอ | ที่พักหัว  ฟีนิกซ์ (Phoenix Headrest)   ผ้า C เลือกสีได้ | ขนาด W62 D21 H75 ,ฌ เฌอ | ที่พักหัว  ฟีนิกซ์ (Phoenix Headrest)   ผ้า C เลือกสีได้ | ขนาด W62 D21 H75  ราคา 14400 ลด 25% เหลือ 10800 ชำระเป็นเงินสด ลด on top เพิ่ม 10% เหลือ 9720 ภายใน เดือนกันยายน 2569 และส่วนลดเพิ่มเติมตามโปรฯ ได้ที่ https://chawcher.com/category/promotion/,ฌ เฌอ,ที่พักหัว,,ฟีนิกซ์,(Phoenix Headrest),,,ผ้า C ,เลือกสีได้,W62,D21,H75,,,B 14400.00,25%,B 10800.00,10%,B 9720.00
ฌ เฌอ | ที่พักหัว  ฟีนิกซ์ (Phoenix Headrest)   หนังแท้ (ออย)เลือกสีได้ | ขนาด W62 D21 H75 ,ฌ เฌอ | ที่พักหัว  ฟีนิกซ์ (Phoenix Headrest)   หนังแท้ (ออย)เลือกสีได้ | ขนาด W62 D21 H75  ราคา 18000 ลด 25% เหลือ 13500 ชำระเป็นเงินสด ลด on top เพิ่ม 10% เหลือ 12150 ภายใน เดือนกันยายน 2569 และส่วนลดเพิ่มเติมตามโปรฯ ได้ที่ https://chawcher.com/category/promotion/,ฌ เฌอ,ที่พักหัว,,ฟีนิกซ์,(Phoenix Headrest),,,หนังแท้ (ออย),เลือกสีได้,W62,D21,H75,,,B 18000.00,25%,B 13500.00,10%,B 12150.00
ฌ เฌอ | ที่พักหัว  ฟีนิกซ์ (Phoenix Headrest)   หนังแท้เลือกสีได้ | ขนาด W62 D21 H75 ,ฌ เฌอ | ที่พักหัว  ฟีนิกซ์ (Phoenix Headrest)   หนังแท้เลือกสีได้ | ขนาด W62 D21 H75  ราคา 15300 ลด 25% เหลือ 11475 ชำระเป็นเงินสด ลด on top เพิ่ม 10% เหลือ 10327.5 ภายใน เดือนกันยายน 2569 และส่วนลดเพิ่มเติมตามโปรฯ ได้ที่ https://chawcher.com/category/promotion/,ฌ เฌอ,ที่พักหัว,,ฟีนิกซ์,(Phoenix Headrest),,,หนังแท้,เลือกสีได้,W62,D21,H75,,,B 15300.00,25%,B 11475.00,10%,B 10327.50
ฌ เฌอ | ที่พักหัว  โอมุ (Omu Headrest)   ผ้า A เลือกสีได้ | ขนาด W65 D21 H78 ,ฌ เฌอ | ที่พักหัว  โอมุ (Omu Headrest)   ผ้า A เลือกสีได้ | ขนาด W65 D21 H78  ราคา 15075 ลด 25% เหลือ 11306.25 ชำระเป็นเงินสด ลด on top เพิ่ม 10% เหลือ 10175.63 ภายใน เดือนกันยายน 2569 และส่วนลดเพิ่มเติมตามโปรฯ ได้ที่ https://chawcher.com/category/promotion/,ฌ เฌอ,ที่พักหัว,,โอมุ,(Omu Headrest),,,ผ้า A ,เลือกสีได้,W65,D21,H78,,,B 15075.00,25%,B 11306.25,10%,B 10175.63
ฌ เฌอ | ที่พักหัว  โอมุ (Omu Headrest)   ผ้า B เลือกสีได้ | ขนาด W65 D21 H78 ,ฌ เฌอ | ที่พักหัว  โอมุ (Omu Headrest)   ผ้า B เลือกสีได้ | ขนาด W65 D21 H78  ราคา 16425 ลด 25% เหลือ 12318.75 ชำระเป็นเงินสด ลด on top เพิ่ม 10% เหลือ 11086.88 ภายใน เดือนกันยายน 2569 และส่วนลดเพิ่มเติมตามโปรฯ ได้ที่ https://chawcher.com/category/promotion/,ฌ เฌอ,ที่พักหัว,,โอมุ,(Omu Headrest),,,ผ้า B ,เลือกสีได้,W65,D21,H78,,,B 16425.00,25%,B 12318.75,10%,B 11086.88
ฌ เฌอ | ที่พักหัว  โอมุ (Omu Headrest)   ผ้า C เลือกสีได้ | ขนาด W65 D21 H78 ,ฌ เฌอ | ที่พักหัว  โอมุ (Omu Headrest)   ผ้า C เลือกสีได้ | ขนาด W65 D21 H78  ราคา 18045 ลด 25% เหลือ 13533.75 ชำระเป็นเงินสด ลด on top เพิ่ม 10% เหลือ 12180.38 ภายใน เดือนกันยายน 2569 และส่วนลดเพิ่มเติมตามโปรฯ ได้ที่ https://chawcher.com/category/promotion/,ฌ เฌอ,ที่พักหัว,,โอมุ,(Omu Headrest),,,ผ้า C ,เลือกสีได้,W65,D21,H78,,,B 18045.00,25%,B 13533.75,10%,B 12180.38
ฌ เฌอ | ที่พักหัว  โอมุ (Omu Headrest)   หนังแท้ (ออย)เลือกสีได้ | ขนาด W65 D21 H78 ,ฌ เฌอ | ที่พักหัว  โอมุ (Omu Headrest)   หนังแท้ (ออย)เลือกสีได้ | ขนาด W65 D21 H78  ราคา 22500 ลด 25% เหลือ 16875 ชำระเป็นเงินสด ลด on top เพิ่ม 10% เหลือ 15187.5 ภายใน เดือนกันยายน 2569 และส่วนลดเพิ่มเติมตามโปรฯ ได้ที่ https://chawcher.com/category/promotion/,ฌ เฌอ,ที่พักหัว,,โอมุ,(Omu Headrest),,,หนังแท้ (ออย),เลือกสีได้,W65,D21,H78,,,B 22500.00,25%,B 16875.00,10%,B 15187.50
ฌ เฌอ | ที่พักหัว  โอมุ (Omu Headrest)   หนังแท้เลือกสีได้ | ขนาด W65 D21 H78 ,ฌ เฌอ | ที่พักหัว  โอมุ (Omu Headrest)   หนังแท้เลือกสีได้ | ขนาด W65 D21 H78  ราคา 19800 ลด 25% เหลือ 14850 ชำระเป็นเงินสด ลด on top เพิ่ม 10% เหลือ 13365 ภายใน เดือนกันยายน 2569 และส่วนลดเพิ่มเติมตามโปรฯ ได้ที่ https://chawcher.com/category/promotion/,ฌ เฌอ,ที่พักหัว,,โอมุ,(Omu Headrest),,,หนังแท้,เลือกสีได้,W65,D21,H78,,,B 19800.00,25%,B 14850.00,10%,B 13365.00
ฌ เฌอ | ม้านั่ง  กระสา (Krasa Bench) ไม้โอ๊ค  สีธรรมชาติ  | ขนาด W110 D38 H44 cm,ฌ เฌอ | ม้านั่ง  กระสา (Krasa Bench) ไม้โอ๊ค  สีธรรมชาติ  | ขนาด W110 D38 H44 cm ราคา 11000 ลด 0% เหลือ 11000 ชำระเป็นเงินสด ลด on top เพิ่ม 10% เหลือ 9900 ภายใน เดือนกันยายน 2569 และส่วนลดเพิ่มเติมตามโปรฯ ได้ที่ https://chawcher.com/category/promotion/,ฌ เฌอ,ม้านั่ง,,กระสา ,(Krasa Bench),ไม้โอ๊ค ,สีธรรมชาติ,,,W110,D38,H44,cm,xxxxxxxx,B 11000.00,0%,B 11000.00,10%,B 9900.00
ฌ เฌอ | ม้านั่ง  นางนวล (Nangnuan Bench) ไม้โอ๊ค  สีธรรมชาติ  | ขนาด W125 D38 H45 cm,ฌ เฌอ | ม้านั่ง  นางนวล (Nangnuan Bench) ไม้โอ๊ค  สีธรรมชาติ  | ขนาด W125 D38 H45 cm ราคา 12800 ลด 5% เหลือ 12160 ชำระเป็นเงินสด ลด on top เพิ่ม 10% เหลือ 10944 ภายใน เดือนกันยายน 2569 และส่วนลดเพิ่มเติมตามโปรฯ ได้ที่ https://chawcher.com/category/promotion/,ฌ เฌอ,ม้านั่ง,,นางนวล ,(Nangnuan Bench),ไม้โอ๊ค ,สีธรรมชาติ,,,W125,D38,H45,cm,10117268,B 12800.00,5%,B 12160.00,10%,B 10944.00
ฌ เฌอ | ม้านั่ง  นางนวล (Nangnuan Bench) ไม้โอ๊ค  สีธรรมชาติ  | ขนาด W155 D38 H45 cm,ฌ เฌอ | ม้านั่ง  นางนวล (Nangnuan Bench) ไม้โอ๊ค  สีธรรมชาติ  | ขนาด W155 D38 H45 cm ราคา 15500 ลด 5% เหลือ 14725 ชำระเป็นเงินสด ลด on top เพิ่ม 10% เหลือ 13252.5 ภายใน เดือนกันยายน 2569 และส่วนลดเพิ่มเติมตามโปรฯ ได้ที่ https://chawcher.com/category/promotion/,ฌ เฌอ,ม้านั่ง,,นางนวล ,(Nangnuan Bench),ไม้โอ๊ค ,สีธรรมชาติ,,,W155,D38,H45,cm,10117269,B 15500.00,5%,B 14725.00,10%,B 13252.50
ฌ เฌอ | ม้านั่ง  นางนวล (Nangnuan Bench) ไม้โอ๊ค  สีธรรมชาติ  | ขนาด W175 D38 H45 cm,ฌ เฌอ | ม้านั่ง  นางนวล (Nangnuan Bench) ไม้โอ๊ค  สีธรรมชาติ  | ขนาด W175 D38 H45 cm ราคา 18600 ลด 5% เหลือ 17670 ชำระเป็นเงินสด ลด on top เพิ่ม 10% เหลือ 15903 ภายใน เดือนกันยายน 2569 และส่วนลดเพิ่มเติมตามโปรฯ ได้ที่ https://chawcher.com/category/promotion/,ฌ เฌอ,ม้านั่ง,,นางนวล ,(Nangnuan Bench),ไม้โอ๊ค ,สีธรรมชาติ,,,W175,D38,H45,cm,10117270,B 18600.00,5%,B 17670.00,10%,B 15903.00
ฌ เฌอ | เลาจ์แชร์  กระทา  (Krata Lounge Chair)   ผ้า A เลือกสีได้ | ขนาด W69 D81 H67 cm,ฌ เฌอ | เลาจ์แชร์  กระทา  (Krata Lounge Chair)   ผ้า A เลือกสีได้ | ขนาด W69 D81 H67 cm ราคา 36500 ลด 30% เหลือ 25550 ชำระเป็นเงินสด ลด on top เพิ่ม 10% เหลือ 22995 ภายใน เดือนกันยายน 2569 และส่วนลดเพิ่มเติมตามโปรฯ ได้ที่ https://chawcher.com/category/promotion/,ฌ เฌอ,เลาจ์แชร์,,กระทา ,(Krata Lounge Chair),,,ผ้า A ,เลือกสีได้,W69,D81,H67,cm,10061304,B 36500.00,30%,B 25550.00,10%,B 22995.00
ฌ เฌอ | เลาจ์แชร์  กระทา  (Krata Lounge Chair)   ผ้า B เลือกสีได้ | ขนาด W69 D81 H67 cm,ฌ เฌอ | เลาจ์แชร์  กระทา  (Krata Lounge Chair)   ผ้า B เลือกสีได้ | ขนาด W69 D81 H67 cm ราคา 41500 ลด 30% เหลือ 29050 ชำระเป็นเงินสด ลด on top เพิ่ม 10% เหลือ 26145 ภายใน เดือนกันยายน 2569 และส่วนลดเพิ่มเติมตามโปรฯ ได้ที่ https://chawcher.com/category/promotion/,ฌ เฌอ,เลาจ์แชร์,,กระทา ,(Krata Lounge Chair),,,ผ้า B ,เลือกสีได้,W69,D81,H67,cm,xxxxxxxx,B 41500.00,30%,B 29050.00,10%,B 26145.00
ฌ เฌอ | เลาจ์แชร์  กระทา  (Krata Lounge Chair)   ผ้า C เลือกสีได้ | ขนาด W69 D81 H67 cm,ฌ เฌอ | เลาจ์แชร์  กระทา  (Krata Lounge Chair)   ผ้า C เลือกสีได้ | ขนาด W69 D81 H67 cm ราคา 45600 ลด 30% เหลือ 31920 ชำระเป็นเงินสด ลด on top เพิ่ม 10% เหลือ 28728 ภายใน เดือนกันยายน 2569 และส่วนลดเพิ่มเติมตามโปรฯ ได้ที่ https://chawcher.com/category/promotion/,ฌ เฌอ,เลาจ์แชร์,,กระทา ,(Krata Lounge Chair),,,ผ้า C ,เลือกสีได้,W69,D81,H67,cm,xxxxxxxx,B 45600.00,30%,B 31920.00,10%,B 28728.00
ฌ เฌอ | เลาจ์แชร์  กระทา  (Krata Lounge Chair)   หนังแท้ (ออย)เลือกสีได้ | ขนาด W69 D81 H67 cm,ฌ เฌอ | เลาจ์แชร์  กระทา  (Krata Lounge Chair)   หนังแท้ (ออย)เลือกสีได้ | ขนาด W69 D81 H67 cm ราคา 61400 ลด 30% เหลือ 42980 ชำระเป็นเงินสด ลด on top เพิ่ม 10% เหลือ 38682 ภายใน เดือนกันยายน 2569 และส่วนลดเพิ่มเติมตามโปรฯ ได้ที่ https://chawcher.com/category/promotion/,ฌ เฌอ,เลาจ์แชร์,,กระทา ,(Krata Lounge Chair),,,หนังแท้ (ออย),เลือกสีได้,W69,D81,H67,cm,xxxxxxxx,B 61400.00,30%,B 42980.00,10%,B 38682.00
ฌ เฌอ | เลาจ์แชร์  กระทา  (Krata Lounge Chair)   หนังแท้เลือกสีได้ | ขนาด W69 D81 H67 cm,ฌ เฌอ | เลาจ์แชร์  กระทา  (Krata Lounge Chair)   หนังแท้เลือกสีได้ | ขนาด W69 D81 H67 cm ราคา 49000 ลด 30% เหลือ 34300 ชำระเป็นเงินสด ลด on top เพิ่ม 10% เหลือ 30870 ภายใน เดือนกันยายน 2569 และส่วนลดเพิ่มเติมตามโปรฯ ได้ที่ https://chawcher.com/category/promotion/,ฌ เฌอ,เลาจ์แชร์,,กระทา ,(Krata Lounge Chair),,,หนังแท้,เลือกสีได้,W69,D81,H67,cm,10061305,B 49000.00,30%,B 34300.00,10%,B 30870.00
ฌ เฌอ | เลาจ์แชร์  สวอน (Swan Lounge Chair)   ผ้า A เลือกสีได้ | ขนาด W75 D70 H68 ,ฌ เฌอ | เลาจ์แชร์  สวอน (Swan Lounge Chair)   ผ้า A เลือกสีได้ | ขนาด W75 D70 H68  ราคา 36500 ลด 30% เหลือ 25550 ชำระเป็นเงินสด ลด on top เพิ่ม 10% เหลือ 22995 ภายใน เดือนกันยายน 2569 และส่วนลดเพิ่มเติมตามโปรฯ ได้ที่ https://chawcher.com/category/promotion/,ฌ เฌอ,เลาจ์แชร์,,สวอน,(Swan Lounge Chair),,,ผ้า A ,เลือกสีได้,W75,D70,H68,,,B 36500.00,30%,B 25550.00,10%,B 22995.00
ฌ เฌอ | เลาจ์แชร์  สวอน (Swan Lounge Chair)   ผ้า B เลือกสีได้ | ขนาด W75 D70 H68 ,ฌ เฌอ | เลาจ์แชร์  สวอน (Swan Lounge Chair)   ผ้า B เลือกสีได้ | ขนาด W75 D70 H68  ราคา 41500 ลด 30% เหลือ 29050 ชำระเป็นเงินสด ลด on top เพิ่ม 10% เหลือ 26145 ภายใน เดือนกันยายน 2569 และส่วนลดเพิ่มเติมตามโปรฯ ได้ที่ https://chawcher.com/category/promotion/,ฌ เฌอ,เลาจ์แชร์,,สวอน,(Swan Lounge Chair),,,ผ้า B ,เลือกสีได้,W75,D70,H68,,,B 41500.00,30%,B 29050.00,10%,B 26145.00
ฌ เฌอ | เลาจ์แชร์  สวอน (Swan Lounge Chair)   ผ้า C เลือกสีได้ | ขนาด W75 D70 H68 ,ฌ เฌอ | เลาจ์แชร์  สวอน (Swan Lounge Chair)   ผ้า C เลือกสีได้ | ขนาด W75 D70 H68  ราคา 45600 ลด 30% เหลือ 31920 ชำระเป็นเงินสด ลด on top เพิ่ม 10% เหลือ 28728 ภายใน เดือนกันยายน 2569 และส่วนลดเพิ่มเติมตามโปรฯ ได้ที่ https://chawcher.com/category/promotion/,ฌ เฌอ,เลาจ์แชร์,,สวอน,(Swan Lounge Chair),,,ผ้า C ,เลือกสีได้,W75,D70,H68,,,B 45600.00,30%,B 31920.00,10%,B 28728.00
ฌ เฌอ | เลาจ์แชร์  สวอน (Swan Lounge Chair)   หนังแท้ (ออย)เลือกสีได้ | ขนาด W75 D70 H68 ,ฌ เฌอ | เลาจ์แชร์  สวอน (Swan Lounge Chair)   หนังแท้ (ออย)เลือกสีได้ | ขนาด W75 D70 H68  ราคา 61400 ลด 30% เหลือ 42980 ชำระเป็นเงินสด ลด on top เพิ่ม 10% เหลือ 38682 ภายใน เดือนกันยายน 2569 และส่วนลดเพิ่มเติมตามโปรฯ ได้ที่ https://chawcher.com/category/promotion/,ฌ เฌอ,เลาจ์แชร์,,สวอน,(Swan Lounge Chair),,,หนังแท้ (ออย),เลือกสีได้,W75,D70,H68,,,B 61400.00,30%,B 42980.00,10%,B 38682.00
ฌ เฌอ | เลาจ์แชร์  สวอน (Swan Lounge Chair)   หนังแท้เลือกสีได้ | ขนาด W75 D70 H68 ,ฌ เฌอ | เลาจ์แชร์  สวอน (Swan Lounge Chair)   หนังแท้เลือกสีได้ | ขนาด W75 D70 H68  ราคา 49000 ลด 30% เหลือ 34300 ชำระเป็นเงินสด ลด on top เพิ่ม 10% เหลือ 30870 ภายใน เดือนกันยายน 2569 และส่วนลดเพิ่มเติมตามโปรฯ ได้ที่ https://chawcher.com/category/promotion/,ฌ เฌอ,เลาจ์แชร์,,สวอน,(Swan Lounge Chair),,,หนังแท้,เลือกสีได้,W75,D70,H68,,,B 49000.00,30%,B 34300.00,10%,B 30870.00
ฌ เฌอ | สตูล  กระเรียน (Krarean Stool)   ผ้า A เลือกสีได้ | ขนาด W94 D77 H37 cm,ฌ เฌอ | สตูล  กระเรียน (Krarean Stool)   ผ้า A เลือกสีได้ | ขนาด W94 D77 H37 cm ราคา 16300 ลด 25% เหลือ 12225 ชำระเป็นเงินสด ลด on top เพิ่ม 10% เหลือ 11002.5 ภายใน เดือนกันยายน 2569 และส่วนลดเพิ่มเติมตามโปรฯ ได้ที่ https://chawcher.com/category/promotion/,ฌ เฌอ,สตูล,,กระเรียน,(Krarean Stool),,,ผ้า A ,เลือกสีได้,W94,D77,H37,cm,10188923,B 16300.00,25%,B 12225.00,10%,B 11002.50
ฌ เฌอ | สตูล  กระเรียน (Krarean Stool)   ผ้า B เลือกสีได้ | ขนาด W94 D77 H37 cm,ฌ เฌอ | สตูล  กระเรียน (Krarean Stool)   ผ้า B เลือกสีได้ | ขนาด W94 D77 H37 cm ราคา 18400 ลด 25% เหลือ 13800 ชำระเป็นเงินสด ลด on top เพิ่ม 10% เหลือ 12420 ภายใน เดือนกันยายน 2569 และส่วนลดเพิ่มเติมตามโปรฯ ได้ที่ https://chawcher.com/category/promotion/,ฌ เฌอ,สตูล,,กระเรียน,(Krarean Stool),,,ผ้า B ,เลือกสีได้,W94,D77,H37,cm,xxxxxxxx,B 18400.00,25%,B 13800.00,10%,B 12420.00
ฌ เฌอ | สตูล  กระเรียน (Krarean Stool)   ผ้า Cเลือกสีได้ | ขนาด W94 D77 H37 cm,ฌ เฌอ | สตูล  กระเรียน (Krarean Stool)   ผ้า Cเลือกสีได้ | ขนาด W94 D77 H37 cm ราคา 19200 ลด 25% เหลือ 14400 ชำระเป็นเงินสด ลด on top เพิ่ม 10% เหลือ 12960 ภายใน เดือนกันยายน 2569 และส่วนลดเพิ่มเติมตามโปรฯ ได้ที่ https://chawcher.com/category/promotion/,ฌ เฌอ,สตูล,,กระเรียน,(Krarean Stool),,,ผ้า C ,เลือกสีได้,W94,D77,H37,cm,xxxxxxxx,B 19200.00,25%,B 14400.00,10%,B 12960.00
ฌ เฌอ | สตูล  กระเรียน (Krarean Stool)   หนังแท้ (ออย)เลือกสีได้ | ขนาด W94 D77 H37 cm,ฌ เฌอ | สตูล  กระเรียน (Krarean Stool)   หนังแท้ (ออย)เลือกสีได้ | ขนาด W94 D77 H37 cm ราคา 33000 ลด 25% เหลือ 24750 ชำระเป็นเงินสด ลด on top เพิ่ม 10% เหลือ 22275 ภายใน เดือนกันยายน 2569 และส่วนลดเพิ่มเติมตามโปรฯ ได้ที่ https://chawcher.com/category/promotion/,ฌ เฌอ,สตูล,,กระเรียน,(Krarean Stool),,,หนังแท้ (ออย),เลือกสีได้,W94,D77,H37,cm,xxxxxxxx,B 33000.00,25%,B 24750.00,10%,B 22275.00
ฌ เฌอ | สตูล  กระเรียน (Krarean Stool)   หนังแท้เลือกสีได้ | ขนาด W94 D77 H37 cm,ฌ เฌอ | สตูล  กระเรียน (Krarean Stool)   หนังแท้เลือกสีได้ | ขนาด W94 D77 H37 cm ราคา 26300 ลด 25% เหลือ 19725 ชำระเป็นเงินสด ลด on top เพิ่ม 10% เหลือ 17752.5 ภายใน เดือนกันยายน 2569 และส่วนลดเพิ่มเติมตามโปรฯ ได้ที่ https://chawcher.com/category/promotion/,ฌ เฌอ,สตูล,,กระเรียน,(Krarean Stool),,,หนังแท้,เลือกสีได้,W94,D77,H37,cm,10188938,B 26300.00,25%,B 19725.00,10%,B 17752.50
ฌ เฌอ | สตูล  กีวี่ (Kiwi Stool)   ผ้า A เลือกสีได้ | ขนาด W71 D50 H38 cm,ฌ เฌอ | สตูล  กีวี่ (Kiwi Stool)   ผ้า A เลือกสีได้ | ขนาด W71 D50 H38 cm ราคา 13500 ลด 25% เหลือ 10125 ชำระเป็นเงินสด ลด on top เพิ่ม 10% เหลือ 9112.5 ภายใน เดือนกันยายน 2569 และส่วนลดเพิ่มเติมตามโปรฯ ได้ที่ https://chawcher.com/category/promotion/,ฌ เฌอ,สตูล,,กีวี่,(Kiwi Stool),,,ผ้า A ,เลือกสีได้,W71,D50 ,H38,cm,xxxxxxxx,B 13500.00,25%,B 10125.00,10%,B 9112.50
ฌ เฌอ | สตูล  กีวี่ (Kiwi Stool)   ผ้า C เลือกสีได้ | ขนาด W71 D50 H38 cm,ฌ เฌอ | สตูล  กีวี่ (Kiwi Stool)   ผ้า C เลือกสีได้ | ขนาด W71 D50 H38 cm ราคา 16900 ลด 25% เหลือ 12675 ชำระเป็นเงินสด ลด on top เพิ่ม 10% เหลือ 11407.5 ภายใน เดือนกันยายน 2569 และส่วนลดเพิ่มเติมตามโปรฯ ได้ที่ https://chawcher.com/category/promotion/,ฌ เฌอ,สตูล,,กีวี่,(Kiwi Stool),,,ผ้า C ,เลือกสีได้,W71,D50 ,H38,cm,xxxxxxxx,B 16900.00,25%,B 12675.00,10%,B 11407.50
ฌ เฌอ | สตูล  กีวี่ (Kiwi Stool)   หนังแท้เลือกสีได้ | ขนาด W71 D50 H38 cm,ฌ เฌอ | สตูล  กีวี่ (Kiwi Stool)   หนังแท้เลือกสีได้ | ขนาด W71 D50 H38 cm ราคา 19700 ลด 25% เหลือ 14775 ชำระเป็นเงินสด ลด on top เพิ่ม 10% เหลือ 13297.5 ภายใน เดือนกันยายน 2569 และส่วนลดเพิ่มเติมตามโปรฯ ได้ที่ https://chawcher.com/category/promotion/,ฌ เฌอ,สตูล,,กีวี่,(Kiwi Stool),,,หนังแท้,เลือกสีได้,W71,D50 ,H38,cm,xxxxxxxx,B 19700.00,25%,B 14775.00,10%,B 13297.50
ฌ เฌอ | สตูล  ขมิ้น (Kamin Stool)   ผ้า A เลือกสีได้ | ขนาด W70 D50 H44 cm,ฌ เฌอ | สตูล  ขมิ้น (Kamin Stool)   ผ้า A เลือกสีได้ | ขนาด W70 D50 H44 cm ราคา 13500 ลด 25% เหลือ 10125 ชำระเป็นเงินสด ลด on top เพิ่ม 10% เหลือ 9112.5 ภายใน เดือนกันยายน 2569 และส่วนลดเพิ่มเติมตามโปรฯ ได้ที่ https://chawcher.com/category/promotion/,ฌ เฌอ,สตูล,,ขมิ้น,(Kamin Stool),,,ผ้า A ,เลือกสีได้,W70,D50 ,H44,cm,10029017,B 13500.00,25%,B 10125.00,10%,B 9112.50
ฌ เฌอ | สตูล  ขมิ้น (Kamin Stool)   ผ้า B เลือกสีได้ | ขนาด W70 D50 H44 cm,ฌ เฌอ | สตูล  ขมิ้น (Kamin Stool)   ผ้า B เลือกสีได้ | ขนาด W70 D50 H44 cm ราคา 15000 ลด 25% เหลือ 11250 ชำระเป็นเงินสด ลด on top เพิ่ม 10% เหลือ 10125 ภายใน เดือนกันยายน 2569 และส่วนลดเพิ่มเติมตามโปรฯ ได้ที่ https://chawcher.com/category/promotion/,ฌ เฌอ,สตูล,,ขมิ้น,(Kamin Stool),,,ผ้า B ,เลือกสีได้,W70,D50 ,H44,cm,xxxxxxxx,B 15000.00,25%,B 11250.00,10%,B 10125.00
ฌ เฌอ | สตูล  ขมิ้น (Kamin Stool)   ผ้า C เลือกสีได้ | ขนาด W70 D50 H44 cm,ฌ เฌอ | สตูล  ขมิ้น (Kamin Stool)   ผ้า C เลือกสีได้ | ขนาด W70 D50 H44 cm ราคา 16875 ลด 25% เหลือ 12656.25 ชำระเป็นเงินสด ลด on top เพิ่ม 10% เหลือ 11390.63 ภายใน เดือนกันยายน 2569 และส่วนลดเพิ่มเติมตามโปรฯ ได้ที่ https://chawcher.com/category/promotion/,ฌ เฌอ,สตูล,,ขมิ้น,(Kamin Stool),,,ผ้า C ,เลือกสีได้,W70,D50 ,H44,cm,xxxxxxxx,B 16875.00,25%,B 12656.25,10%,B 11390.63
ฌ เฌอ | สตูล  ขมิ้น (Kamin Stool)   หนังแท้ (ออย)เลือกสีได้ | ขนาด W70 D50 H44 cm,ฌ เฌอ | สตูล  ขมิ้น (Kamin Stool)   หนังแท้ (ออย)เลือกสีได้ | ขนาด W70 D50 H44 cm ราคา 24700 ลด 25% เหลือ 18525 ชำระเป็นเงินสด ลด on top เพิ่ม 10% เหลือ 16672.5 ภายใน เดือนกันยายน 2569 และส่วนลดเพิ่มเติมตามโปรฯ ได้ที่ https://chawcher.com/category/promotion/,ฌ เฌอ,สตูล,,ขมิ้น,(Kamin Stool),,,หนังแท้ (ออย),เลือกสีได้,W70,D50 ,H44,cm,xxxxxxxx,B 24700.00,25%,B 18525.00,10%,B 16672.50
ฌ เฌอ | สตูล  ขมิ้น (Kamin Stool)   หนังแท้เลือกสีได้ | ขนาด W70 D50 H44 cm,ฌ เฌอ | สตูล  ขมิ้น (Kamin Stool)   หนังแท้เลือกสีได้ | ขนาด W70 D50 H44 cm ราคา 19700 ลด 25% เหลือ 14775 ชำระเป็นเงินสด ลด on top เพิ่ม 10% เหลือ 13297.5 ภายใน เดือนกันยายน 2569 และส่วนลดเพิ่มเติมตามโปรฯ ได้ที่ https://chawcher.com/category/promotion/,ฌ เฌอ,สตูล,,ขมิ้น,(Kamin Stool),,,หนังแท้,เลือกสีได้,W70,D50 ,H44,cm,10029015,B 19700.00,25%,B 14775.00,10%,B 13297.50
ฌ เฌอ | สตูล  ขุนทอง (Koontong Stool)   เบาะหนังแท้ ฐานหนังเทียมเลือกสีได้ | ขนาด W71 D51 H46 cm,ฌ เฌอ | สตูล  ขุนทอง (Koontong Stool)   เบาะหนังแท้ ฐานหนังเทียมเลือกสีได้ | ขนาด W71 D51 H46 cm ราคา 18600 ลด 30% เหลือ 13020 ชำระเป็นเงินสด ลด on top เพิ่ม 10% เหลือ 11718 ภายใน เดือนกันยายน 2569 และส่วนลดเพิ่มเติมตามโปรฯ ได้ที่ https://chawcher.com/category/promotion/,ฌ เฌอ,สตูล,,ขุนทอง,(Koontong Stool),,,เบาะหนังแท้ ฐานหนังเทียม,เลือกสีได้,W71,D51,H46,cm,10117639,B 18600.00,30%,B 13020.00,10%,B 11718.00
ฌ เฌอ | สตูล  ขุนทอง (Koontong Stool)   ผ้า A เลือกสีได้ | ขนาด W71 D51 H46 cm,ฌ เฌอ | สตูล  ขุนทอง (Koontong Stool)   ผ้า A เลือกสีได้ | ขนาด W71 D51 H46 cm ราคา 13900 ลด 30% เหลือ 9730 ชำระเป็นเงินสด ลด on top เพิ่ม 10% เหลือ 8757 ภายใน เดือนกันยายน 2569 และส่วนลดเพิ่มเติมตามโปรฯ ได้ที่ https://chawcher.com/category/promotion/,ฌ เฌอ,สตูล,,ขุนทอง,(Koontong Stool),,,ผ้า A ,เลือกสีได้,W71,D51,H46,cm,10117638,B 13900.00,30%,B 9730.00,10%,B 8757.00
ฌ เฌอ | สตูล  ขุนทอง (Koontong Stool)   ผ้า B เลือกสีได้ | ขนาด W71 D51 H46 cm,ฌ เฌอ | สตูล  ขุนทอง (Koontong Stool)   ผ้า B เลือกสีได้ | ขนาด W71 D51 H46 cm ราคา 15000 ลด 30% เหลือ 10500 ชำระเป็นเงินสด ลด on top เพิ่ม 10% เหลือ 9450 ภายใน เดือนกันยายน 2569 และส่วนลดเพิ่มเติมตามโปรฯ ได้ที่ https://chawcher.com/category/promotion/,ฌ เฌอ,สตูล,,ขุนทอง,(Koontong Stool),,,ผ้า B ,เลือกสีได้,W71,D51,H46,cm,xxxxxxxx,B 15000.00,30%,B 10500.00,10%,B 9450.00
ฌ เฌอ | สตูล  ขุนทอง (Koontong Stool)   ผ้า C เลือกสีได้ | ขนาด W71 D51 H46 cm,ฌ เฌอ | สตูล  ขุนทอง (Koontong Stool)   ผ้า C เลือกสีได้ | ขนาด W71 D51 H46 cm ราคา 17400 ลด 30% เหลือ 12180 ชำระเป็นเงินสด ลด on top เพิ่ม 10% เหลือ 10962 ภายใน เดือนกันยายน 2569 และส่วนลดเพิ่มเติมตามโปรฯ ได้ที่ https://chawcher.com/category/promotion/,ฌ เฌอ,สตูล,,ขุนทอง,(Koontong Stool),,,ผ้า C ,เลือกสีได้,W71,D51,H46,cm,xxxxxxxx,B 17400.00,30%,B 12180.00,10%,B 10962.00
ฌ เฌอ | สตูล  ขุนทอง (Koontong Stool)   หนังแท้ (ออย)เลือกสีได้ | ขนาด W71 D51 H46 cm,ฌ เฌอ | สตูล  ขุนทอง (Koontong Stool)   หนังแท้ (ออย)เลือกสีได้ | ขนาด W71 D51 H46 cm ราคา 26200 ลด 30% เหลือ 18340 ชำระเป็นเงินสด ลด on top เพิ่ม 10% เหลือ 16506 ภายใน เดือนกันยายน 2569 และส่วนลดเพิ่มเติมตามโปรฯ ได้ที่ https://chawcher.com/category/promotion/,ฌ เฌอ,สตูล,,ขุนทอง,(Koontong Stool),,,หนังแท้ (ออย),เลือกสีได้,W71,D51,H46,cm,xxxxxxxx,B 26200.00,30%,B 18340.00,10%,B 16506.00
ฌ เฌอ | สตูล  ขุนทอง (Koontong Stool)   หนังแท้เลือกสีได้ | ขนาด W71 D51 H46 cm,ฌ เฌอ | สตูล  ขุนทอง (Koontong Stool)   หนังแท้เลือกสีได้ | ขนาด W71 D51 H46 cm ราคา 21600 ลด 30% เหลือ 15120 ชำระเป็นเงินสด ลด on top เพิ่ม 10% เหลือ 13608 ภายใน เดือนกันยายน 2569 และส่วนลดเพิ่มเติมตามโปรฯ ได้ที่ https://chawcher.com/category/promotion/,ฌ เฌอ,สตูล,,ขุนทอง,(Koontong Stool),,,หนังแท้,เลือกสีได้,W71,D51,H46,cm,10117640,B 21600.00,30%,B 15120.00,10%,B 13608.00
ฌ เฌอ | สตูล  ดิน (Din Stool)   ผ้า A เลือกสีได้ | ขนาด W68 D68 H30 cm,ฌ เฌอ | สตูล  ดิน (Din Stool)   ผ้า A เลือกสีได้ | ขนาด W68 D68 H30 cm ราคา 6700 ลด 30% เหลือ 4690 ชำระเป็นเงินสด ลด on top เพิ่ม 10% เหลือ 4221 ภายใน เดือนกันยายน 2569 และส่วนลดเพิ่มเติมตามโปรฯ ได้ที่ https://chawcher.com/category/promotion/,ฌ เฌอ,สตูล,,ดิน,(Din Stool),,,ผ้า A ,เลือกสีได้,W68,D68,H30,cm,10127523,B 6700.00,30%,B 4690.00,10%,B 4221.00
ฌ เฌอ | สตูล  ดิน (Din Stool)   หนังแท้เลือกสีได้ | ขนาด W68 D68 H30 cm,ฌ เฌอ | สตูล  ดิน (Din Stool)   หนังแท้เลือกสีได้ | ขนาด W68 D68 H30 cm ราคา 12700 ลด 30% เหลือ 8890 ชำระเป็นเงินสด ลด on top เพิ่ม 10% เหลือ 8001 ภายใน เดือนกันยายน 2569 และส่วนลดเพิ่มเติมตามโปรฯ ได้ที่ https://chawcher.com/category/promotion/,ฌ เฌอ,สตูล,,ดิน,(Din Stool),,,หนังแท้,เลือกสีได้,W68,D68,H30,cm,10127524,B 12700.00,30%,B 8890.00,10%,B 8001.00
ฌ เฌอ | สตูล  ทากะ (Taka Bench)   ผ้า A เลือกสีได้ | ขนาด W100 D80 H46 ,ฌ เฌอ | สตูล  ทากะ (Taka Bench)   ผ้า A เลือกสีได้ | ขนาด W100 D80 H46  ราคา 49950 ลด 30% เหลือ 34965 ชำระเป็นเงินสด ลด on top เพิ่ม 10% เหลือ 31468.5 ภายใน เดือนกันยายน 2569 และส่วนลดเพิ่มเติมตามโปรฯ ได้ที่ https://chawcher.com/category/promotion/,ฌ เฌอ,สตูล,,ทากะ,(Taka Bench),,,ผ้า A ,เลือกสีได้,W100,D80,H46,,,B 49950.00,30%,B 34965.00,10%,B 31468.50
ฌ เฌอ | สตูล  ทากะ (Taka Bench)   ผ้า B เลือกสีได้ | ขนาด W100 D80 H46 ,ฌ เฌอ | สตูล  ทากะ (Taka Bench)   ผ้า B เลือกสีได้ | ขนาด W100 D80 H46  ราคา 55350 ลด 30% เหลือ 38745 ชำระเป็นเงินสด ลด on top เพิ่ม 10% เหลือ 34870.5 ภายใน เดือนกันยายน 2569 และส่วนลดเพิ่มเติมตามโปรฯ ได้ที่ https://chawcher.com/category/promotion/,ฌ เฌอ,สตูล,,ทากะ,(Taka Bench),,,ผ้า B ,เลือกสีได้,W100,D80,H46,,,B 55350.00,30%,B 38745.00,10%,B 34870.50
ฌ เฌอ | สตูล  ทากะ (Taka Bench)   ผ้า C เลือกสีได้ | ขนาด W100 D80 H46 ,ฌ เฌอ | สตูล  ทากะ (Taka Bench)   ผ้า C เลือกสีได้ | ขนาด W100 D80 H46  ราคา 62100 ลด 30% เหลือ 43470 ชำระเป็นเงินสด ลด on top เพิ่ม 10% เหลือ 39123 ภายใน เดือนกันยายน 2569 และส่วนลดเพิ่มเติมตามโปรฯ ได้ที่ https://chawcher.com/category/promotion/,ฌ เฌอ,สตูล,,ทากะ,(Taka Bench),,,ผ้า C ,เลือกสีได้,W100,D80,H46,,,B 62100.00,30%,B 43470.00,10%,B 39123.00
ฌ เฌอ | สตูล  ทากะ (Taka Bench)   หนังแท้ (ออย)เลือกสีได้ | ขนาด W100 D80 H46 ,ฌ เฌอ | สตูล  ทากะ (Taka Bench)   หนังแท้ (ออย)เลือกสีได้ | ขนาด W100 D80 H46  ราคา 136350 ลด 30% เหลือ 95445 ชำระเป็นเงินสด ลด on top เพิ่ม 10% เหลือ 85900.5 ภายใน เดือนกันยายน 2569 และส่วนลดเพิ่มเติมตามโปรฯ ได้ที่ https://chawcher.com/category/promotion/,ฌ เฌอ,สตูล,,ทากะ,(Taka Bench),,,หนังแท้ (ออย),เลือกสีได้,W100,D80,H46,,,B 136350.00,30%,B 95445.00,10%,B 85900.50
ฌ เฌอ | สตูล  ทากะ (Taka Bench)   หนังแท้เลือกสีได้ | ขนาด W100 D80 H46 ,ฌ เฌอ | สตูล  ทากะ (Taka Bench)   หนังแท้เลือกสีได้ | ขนาด W100 D80 H46  ราคา 100800 ลด 30% เหลือ 70560 ชำระเป็นเงินสด ลด on top เพิ่ม 10% เหลือ 63504 ภายใน เดือนกันยายน 2569 และส่วนลดเพิ่มเติมตามโปรฯ ได้ที่ https://chawcher.com/category/promotion/,ฌ เฌอ,สตูล,,ทากะ,(Taka Bench),,,หนังแท้,เลือกสีได้,W100,D80,H46,,,B 100800.00,30%,B 70560.00,10%,B 63504.00
ฌ เฌอ | สตูล  ทากะ (Taka Stool)   ผ้า A เลือกสีได้ | ขนาด W85 D62 H46 ,ฌ เฌอ | สตูล  ทากะ (Taka Stool)   ผ้า A เลือกสีได้ | ขนาด W85 D62 H46  ราคา 27450 ลด 30% เหลือ 19215 ชำระเป็นเงินสด ลด on top เพิ่ม 10% เหลือ 17293.5 ภายใน เดือนกันยายน 2569 และส่วนลดเพิ่มเติมตามโปรฯ ได้ที่ https://chawcher.com/category/promotion/,ฌ เฌอ,สตูล,,ทากะ,(Taka Stool),,,ผ้า A ,เลือกสีได้,W85,D62,H46,,,B 27450.00,30%,B 19215.00,10%,B 17293.50
ฌ เฌอ | สตูล  ทากะ (Taka Stool)   ผ้า B เลือกสีได้ | ขนาด W85 D62 H46 ,ฌ เฌอ | สตูล  ทากะ (Taka Stool)   ผ้า B เลือกสีได้ | ขนาด W85 D62 H46  ราคา 30150 ลด 30% เหลือ 21105 ชำระเป็นเงินสด ลด on top เพิ่ม 10% เหลือ 18994.5 ภายใน เดือนกันยายน 2569 และส่วนลดเพิ่มเติมตามโปรฯ ได้ที่ https://chawcher.com/category/promotion/,ฌ เฌอ,สตูล,,ทากะ,(Taka Stool),,,ผ้า B ,เลือกสีได้,W85,D62,H46,,,B 30150.00,30%,B 21105.00,10%,B 18994.50
ฌ เฌอ | สตูล  ทากะ (Taka Stool)   ผ้า C เลือกสีได้ | ขนาด W85 D62 H46 ,ฌ เฌอ | สตูล  ทากะ (Taka Stool)   ผ้า C เลือกสีได้ | ขนาด W85 D62 H46  ราคา 33300 ลด 30% เหลือ 23310 ชำระเป็นเงินสด ลด on top เพิ่ม 10% เหลือ 20979 ภายใน เดือนกันยายน 2569 และส่วนลดเพิ่มเติมตามโปรฯ ได้ที่ https://chawcher.com/category/promotion/,ฌ เฌอ,สตูล,,ทากะ,(Taka Stool),,,ผ้า C ,เลือกสีได้,W85,D62,H46,,,B 33300.00,30%,B 23310.00,10%,B 20979.00
ฌ เฌอ | สตูล  ทากะ (Taka Stool)   หนังแท้ (ออย)เลือกสีได้ | ขนาด W85 D62 H46 ,ฌ เฌอ | สตูล  ทากะ (Taka Stool)   หนังแท้ (ออย)เลือกสีได้ | ขนาด W85 D62 H46  ราคา 45450 ลด 30% เหลือ 31815 ชำระเป็นเงินสด ลด on top เพิ่ม 10% เหลือ 28633.5 ภายใน เดือนกันยายน 2569 และส่วนลดเพิ่มเติมตามโปรฯ ได้ที่ https://chawcher.com/category/promotion/,ฌ เฌอ,สตูล,,ทากะ,(Taka Stool),,,หนังแท้ (ออย),เลือกสีได้,W85,D62,H46,,,B 45450.00,30%,B 31815.00,10%,B 28633.50
ฌ เฌอ | สตูล  ทากะ (Taka Stool)   หนังแท้เลือกสีได้ | ขนาด W85 D62 H46 ,ฌ เฌอ | สตูล  ทากะ (Taka Stool)   หนังแท้เลือกสีได้ | ขนาด W85 D62 H46  ราคา 37350 ลด 30% เหลือ 26145 ชำระเป็นเงินสด ลด on top เพิ่ม 10% เหลือ 23530.5 ภายใน เดือนกันยายน 2569 และส่วนลดเพิ่มเติมตามโปรฯ ได้ที่ https://chawcher.com/category/promotion/,ฌ เฌอ,สตูล,,ทากะ,(Taka Stool),,,หนังแท้,เลือกสีได้,W85,D62,H46,,,B 37350.00,30%,B 26145.00,10%,B 23530.50
ฌ เฌอ | สตูล  นกแก้ว  (Nokkaew Stool)   ผ้า A เลือกสีได้ | ขนาด W80 D80 H44 cm,ฌ เฌอ | สตูล  นกแก้ว  (Nokkaew Stool)   ผ้า A เลือกสีได้ | ขนาด W80 D80 H44 cm ราคา 17500 ลด 25% เหลือ 13125 ชำระเป็นเงินสด ลด on top เพิ่ม 10% เหลือ 11812.5 ภายใน เดือนกันยายน 2569 และส่วนลดเพิ่มเติมตามโปรฯ ได้ที่ https://chawcher.com/category/promotion/,ฌ เฌอ,สตูล,,นกแก้ว ,(Nokkaew Stool),,,ผ้า A ,เลือกสีได้,W80,D80,H44,cm,10131738,B 17500.00,25%,B 13125.00,10%,B 11812.50
ฌ เฌอ | สตูล  นกแก้ว  (Nokkaew Stool)   ผ้า B เลือกสีได้ | ขนาด W80 D80 H44 cm,ฌ เฌอ | สตูล  นกแก้ว  (Nokkaew Stool)   ผ้า B เลือกสีได้ | ขนาด W80 D80 H44 cm ราคา 20000 ลด 25% เหลือ 15000 ชำระเป็นเงินสด ลด on top เพิ่ม 10% เหลือ 13500 ภายใน เดือนกันยายน 2569 และส่วนลดเพิ่มเติมตามโปรฯ ได้ที่ https://chawcher.com/category/promotion/,ฌ เฌอ,สตูล,,นกแก้ว ,(Nokkaew Stool),,,ผ้า B ,เลือกสีได้,W80,D80,H44,cm,xxxxxxxx,B 20000.00,25%,B 15000.00,10%,B 13500.00
ฌ เฌอ | สตูล  นกแก้ว  (Nokkaew Stool)   ผ้า C เลือกสีได้ | ขนาด W80 D80 H44 cm,ฌ เฌอ | สตูล  นกแก้ว  (Nokkaew Stool)   ผ้า C เลือกสีได้ | ขนาด W80 D80 H44 cm ราคา 22000 ลด 25% เหลือ 16500 ชำระเป็นเงินสด ลด on top เพิ่ม 10% เหลือ 14850 ภายใน เดือนกันยายน 2569 และส่วนลดเพิ่มเติมตามโปรฯ ได้ที่ https://chawcher.com/category/promotion/,ฌ เฌอ,สตูล,,นกแก้ว ,(Nokkaew Stool),,,ผ้า C ,เลือกสีได้,W80,D80,H44,cm,xxxxxxxx,B 22000.00,25%,B 16500.00,10%,B 14850.00
ฌ เฌอ | สตูล  นกแก้ว  (Nokkaew Stool)   หนังแท้ (ออย)เลือกสีได้ | ขนาด W80 D80 H44 cm,ฌ เฌอ | สตูล  นกแก้ว  (Nokkaew Stool)   หนังแท้ (ออย)เลือกสีได้ | ขนาด W80 D80 H44 cm ราคา 33700 ลด 25% เหลือ 25275 ชำระเป็นเงินสด ลด on top เพิ่ม 10% เหลือ 22747.5 ภายใน เดือนกันยายน 2569 และส่วนลดเพิ่มเติมตามโปรฯ ได้ที่ https://chawcher.com/category/promotion/,ฌ เฌอ,สตูล,,นกแก้ว ,(Nokkaew Stool),,,หนังแท้ (ออย),เลือกสีได้,W80,D80,H44,cm,xxxxxxxx,B 33700.00,25%,B 25275.00,10%,B 22747.50
ฌ เฌอ | สตูล  นกแก้ว  (Nokkaew Stool)   หนังแท้เลือกสีได้ | ขนาด W80 D80 H44 cm,ฌ เฌอ | สตูล  นกแก้ว  (Nokkaew Stool)   หนังแท้เลือกสีได้ | ขนาด W80 D80 H44 cm ราคา 26900 ลด 25% เหลือ 20175 ชำระเป็นเงินสด ลด on top เพิ่ม 10% เหลือ 18157.5 ภายใน เดือนกันยายน 2569 และส่วนลดเพิ่มเติมตามโปรฯ ได้ที่ https://chawcher.com/category/promotion/,ฌ เฌอ,สตูล,,นกแก้ว ,(Nokkaew Stool),,,หนังแท้,เลือกสีได้,W80,D80,H44,cm,10131741,B 26900.00,25%,B 20175.00,10%,B 18157.50
ฌ เฌอ | สตูล  พัฟฟิน (Puffin Stool)   ผ้า A เลือกสีได้ | ขนาด W76 D57 H41 cm,ฌ เฌอ | สตูล  พัฟฟิน (Puffin Stool)   ผ้า A เลือกสีได้ | ขนาด W76 D57 H41 cm ราคา 17000 ลด 35% เหลือ 11050 ชำระเป็นเงินสด ลด on top เพิ่ม 10% เหลือ 9945 ภายใน เดือนกันยายน 2569 และส่วนลดเพิ่มเติมตามโปรฯ ได้ที่ https://chawcher.com/category/promotion/,ฌ เฌอ,สตูล,,พัฟฟิน,(Puffin Stool),,,ผ้า A ,เลือกสีได้,W76,D57,H41,cm,xxxxxxxx,B 17000.00,35%,B 11050.00,10%,B 9945.00
ฌ เฌอ | สตูล  พัฟฟิน (Puffin Stool)   ผ้า A เลือกสีได้ | ขนาด W76 D76 H41 ,ฌ เฌอ | สตูล  พัฟฟิน (Puffin Stool)   ผ้า A เลือกสีได้ | ขนาด W76 D76 H41  ราคา 19900 ลด 35% เหลือ 12935 ชำระเป็นเงินสด ลด on top เพิ่ม 10% เหลือ 11641.5 ภายใน เดือนกันยายน 2569 และส่วนลดเพิ่มเติมตามโปรฯ ได้ที่ https://chawcher.com/category/promotion/,ฌ เฌอ,สตูล,,พัฟฟิน,(Puffin Stool),,,ผ้า A ,เลือกสีได้,W76,D76,H41,,,B 19900.00,35%,B 12935.00,10%,B 11641.50
ฌ เฌอ | สตูล  พัฟฟิน (Puffin Stool)   ผ้า B เลือกสีได้ | ขนาด W76 D57 H41 cm,ฌ เฌอ | สตูล  พัฟฟิน (Puffin Stool)   ผ้า B เลือกสีได้ | ขนาด W76 D57 H41 cm ราคา 18500 ลด 35% เหลือ 12025 ชำระเป็นเงินสด ลด on top เพิ่ม 10% เหลือ 10822.5 ภายใน เดือนกันยายน 2569 และส่วนลดเพิ่มเติมตามโปรฯ ได้ที่ https://chawcher.com/category/promotion/,ฌ เฌอ,สตูล,,พัฟฟิน,(Puffin Stool),,,ผ้า B ,เลือกสีได้,W76,D57,H41,cm,xxxxxxxx,B 18500.00,35%,B 12025.00,10%,B 10822.50
ฌ เฌอ | สตูล  พัฟฟิน (Puffin Stool)   ผ้า B เลือกสีได้ | ขนาด W76 D76 H41 ,ฌ เฌอ | สตูล  พัฟฟิน (Puffin Stool)   ผ้า B เลือกสีได้ | ขนาด W76 D76 H41  ราคา 21900 ลด 35% เหลือ 14235 ชำระเป็นเงินสด ลด on top เพิ่ม 10% เหลือ 12811.5 ภายใน เดือนกันยายน 2569 และส่วนลดเพิ่มเติมตามโปรฯ ได้ที่ https://chawcher.com/category/promotion/,ฌ เฌอ,สตูล,,พัฟฟิน,(Puffin Stool),,,ผ้า B ,เลือกสีได้,W76,D76,H41,,,B 21900.00,35%,B 14235.00,10%,B 12811.50
ฌ เฌอ | สตูล  พัฟฟิน (Puffin Stool)   ผ้า C เลือกสีได้ | ขนาด W76 D76 H41 ,ฌ เฌอ | สตูล  พัฟฟิน (Puffin Stool)   ผ้า C เลือกสีได้ | ขนาด W76 D76 H41  ราคา 24900 ลด 35% เหลือ 16185 ชำระเป็นเงินสด ลด on top เพิ่ม 10% เหลือ 14566.5 ภายใน เดือนกันยายน 2569 และส่วนลดเพิ่มเติมตามโปรฯ ได้ที่ https://chawcher.com/category/promotion/,ฌ เฌอ,สตูล,,พัฟฟิน,(Puffin Stool),,,ผ้า C ,เลือกสีได้,W76,D76,H41,,,B 24900.00,35%,B 16185.00,10%,B 14566.50
ฌ เฌอ | สตูล  พัฟฟิน (Puffin Stool)   ผ้า Cเลือกสีได้ | ขนาด W76 D57 H41 cm,ฌ เฌอ | สตูล  พัฟฟิน (Puffin Stool)   ผ้า Cเลือกสีได้ | ขนาด W76 D57 H41 cm ราคา 21400 ลด 35% เหลือ 13910 ชำระเป็นเงินสด ลด on top เพิ่ม 10% เหลือ 12519 ภายใน เดือนกันยายน 2569 และส่วนลดเพิ่มเติมตามโปรฯ ได้ที่ https://chawcher.com/category/promotion/,ฌ เฌอ,สตูล,,พัฟฟิน,(Puffin Stool),,,ผ้า C ,เลือกสีได้,W76,D57,H41,cm,xxxxxxxx,B 21400.00,35%,B 13910.00,10%,B 12519.00
ฌ เฌอ | สตูล  พัฟฟิน (Puffin Stool)   หนังแท้ (ออย)เลือกสีได้ | ขนาด W76 D57 H41 cm,ฌ เฌอ | สตูล  พัฟฟิน (Puffin Stool)   หนังแท้ (ออย)เลือกสีได้ | ขนาด W76 D57 H41 cm ราคา 33600 ลด 35% เหลือ 21840 ชำระเป็นเงินสด ลด on top เพิ่ม 10% เหลือ 19656 ภายใน เดือนกันยายน 2569 และส่วนลดเพิ่มเติมตามโปรฯ ได้ที่ https://chawcher.com/category/promotion/,ฌ เฌอ,สตูล,,พัฟฟิน,(Puffin Stool),,,หนังแท้ (ออย),เลือกสีได้,W76,D57,H41,cm,xxxxxxxx,B 33600.00,35%,B 21840.00,10%,B 19656.00
ฌ เฌอ | สตูล  พัฟฟิน (Puffin Stool)   หนังแท้ (ออย)เลือกสีได้ | ขนาด W76 D76 H41 ,ฌ เฌอ | สตูล  พัฟฟิน (Puffin Stool)   หนังแท้ (ออย)เลือกสีได้ | ขนาด W76 D76 H41  ราคา 31900 ลด 35% เหลือ 20735 ชำระเป็นเงินสด ลด on top เพิ่ม 10% เหลือ 18661.5 ภายใน เดือนกันยายน 2569 และส่วนลดเพิ่มเติมตามโปรฯ ได้ที่ https://chawcher.com/category/promotion/,ฌ เฌอ,สตูล,,พัฟฟิน,(Puffin Stool),,,หนังแท้ (ออย),เลือกสีได้,W76,D76,H41,,,B 31900.00,35%,B 20735.00,10%,B 18661.50
ฌ เฌอ | สตูล  พัฟฟิน (Puffin Stool)   หนังแท้เลือกสีได้ | ขนาด W76 D57 H41 cm,ฌ เฌอ | สตูล  พัฟฟิน (Puffin Stool)   หนังแท้เลือกสีได้ | ขนาด W76 D57 H41 cm ราคา 26800 ลด 35% เหลือ 17420 ชำระเป็นเงินสด ลด on top เพิ่ม 10% เหลือ 15678 ภายใน เดือนกันยายน 2569 และส่วนลดเพิ่มเติมตามโปรฯ ได้ที่ https://chawcher.com/category/promotion/,ฌ เฌอ,สตูล,,พัฟฟิน,(Puffin Stool),,,หนังแท้,เลือกสีได้,W76,D57,H41,cm,xxxxxxxx,B 26800.00,35%,B 17420.00,10%,B 15678.00
ฌ เฌอ | สตูล  พัฟฟิน (Puffin Stool)   หนังแท้เลือกสีได้ | ขนาด W76 D76 H41 ,ฌ เฌอ | สตูล  พัฟฟิน (Puffin Stool)   หนังแท้เลือกสีได้ | ขนาด W76 D76 H41  ราคา 34900 ลด 35% เหลือ 22685 ชำระเป็นเงินสด ลด on top เพิ่ม 10% เหลือ 20416.5 ภายใน เดือนกันยายน 2569 และส่วนลดเพิ่มเติมตามโปรฯ ได้ที่ https://chawcher.com/category/promotion/,ฌ เฌอ,สตูล,,พัฟฟิน,(Puffin Stool),,,หนังแท้,เลือกสีได้,W76,D76,H41,,,B 34900.00,35%,B 22685.00,10%,B 20416.50
ฌ เฌอ | สตูล  อินทรี (Insee Stool)   ผ้า A เลือกสีได้ | ขนาด W79 D60 H39 cm,ฌ เฌอ | สตูล  อินทรี (Insee Stool)   ผ้า A เลือกสีได้ | ขนาด W79 D60 H39 cm ราคา 13200 ลด 25% เหลือ 9900 ชำระเป็นเงินสด ลด on top เพิ่ม 10% เหลือ 8910 ภายใน เดือนกันยายน 2569 และส่วนลดเพิ่มเติมตามโปรฯ ได้ที่ https://chawcher.com/category/promotion/,ฌ เฌอ,สตูล,,อินทรี ,(Insee Stool),,,ผ้า A ,เลือกสีได้,W79,D60,H39,cm,10190039,B 13200.00,25%,B 9900.00,10%,B 8910.00
ฌ เฌอ | สตูล  อินทรี (Insee Stool)   ผ้า B เลือกสีได้ | ขนาด W79 D60 H39 cm,ฌ เฌอ | สตูล  อินทรี (Insee Stool)   ผ้า B เลือกสีได้ | ขนาด W79 D60 H39 cm ราคา 15000 ลด 25% เหลือ 11250 ชำระเป็นเงินสด ลด on top เพิ่ม 10% เหลือ 10125 ภายใน เดือนกันยายน 2569 และส่วนลดเพิ่มเติมตามโปรฯ ได้ที่ https://chawcher.com/category/promotion/,ฌ เฌอ,สตูล,,อินทรี ,(Insee Stool),,,ผ้า B ,เลือกสีได้,W79,D60,H39,cm,xxxxxxxx,B 15000.00,25%,B 11250.00,10%,B 10125.00
ฌ เฌอ | สตูล  อินทรี (Insee Stool)   ผ้า Cเลือกสีได้ | ขนาด W79 D60 H39 cm,ฌ เฌอ | สตูล  อินทรี (Insee Stool)   ผ้า Cเลือกสีได้ | ขนาด W79 D60 H39 cm ราคา 16500 ลด 25% เหลือ 12375 ชำระเป็นเงินสด ลด on top เพิ่ม 10% เหลือ 11137.5 ภายใน เดือนกันยายน 2569 และส่วนลดเพิ่มเติมตามโปรฯ ได้ที่ https://chawcher.com/category/promotion/,ฌ เฌอ,สตูล,,อินทรี ,(Insee Stool),,,ผ้า C ,เลือกสีได้,W79,D60,H39,cm,xxxxxxxx,B 16500.00,25%,B 12375.00,10%,B 11137.50
ฌ เฌอ | สตูล  อินทรี (Insee Stool)   หนังแท้ (ออย)เลือกสีได้ | ขนาด W79 D60 H39 cm,ฌ เฌอ | สตูล  อินทรี (Insee Stool)   หนังแท้ (ออย)เลือกสีได้ | ขนาด W79 D60 H39 cm ราคา 24900 ลด 25% เหลือ 18675 ชำระเป็นเงินสด ลด on top เพิ่ม 10% เหลือ 16807.5 ภายใน เดือนกันยายน 2569 และส่วนลดเพิ่มเติมตามโปรฯ ได้ที่ https://chawcher.com/category/promotion/,ฌ เฌอ,สตูล,,อินทรี ,(Insee Stool),,,หนังแท้ (ออย),เลือกสีได้,W79,D60,H39,cm,xxxxxxxx,B 24900.00,25%,B 18675.00,10%,B 16807.50
ฌ เฌอ | สตูล  อินทรี (Insee Stool)   หนังแท้เลือกสีได้ | ขนาด W79 D60 H39 cm,ฌ เฌอ | สตูล  อินทรี (Insee Stool)   หนังแท้เลือกสีได้ | ขนาด W79 D60 H39 cm ราคา 19800 ลด 25% เหลือ 14850 ชำระเป็นเงินสด ลด on top เพิ่ม 10% เหลือ 13365 ภายใน เดือนกันยายน 2569 และส่วนลดเพิ่มเติมตามโปรฯ ได้ที่ https://chawcher.com/category/promotion/,ฌ เฌอ,สตูล,,อินทรี ,(Insee Stool),,,หนังแท้,เลือกสีได้,W79,D60,H39,cm,10029852,B 19800.00,25%,B 14850.00,10%,B 13365.00
ฌ เฌอ | สตูล  อีมู (Emu Stool)   ผ้า A เลือกสีได้ | ขนาด W62 D43 H39 cm,ฌ เฌอ | สตูล  อีมู (Emu Stool)   ผ้า A เลือกสีได้ | ขนาด W62 D43 H39 cm ราคา 12500 ลด 25% เหลือ 9375 ชำระเป็นเงินสด ลด on top เพิ่ม 10% เหลือ 8437.5 ภายใน เดือนกันยายน 2569 และส่วนลดเพิ่มเติมตามโปรฯ ได้ที่ https://chawcher.com/category/promotion/,ฌ เฌอ,สตูล,,อีมู ,(Emu Stool),,,ผ้า A ,เลือกสีได้,W62,D43,H39,cm,10113434,B 12500.00,25%,B 9375.00,10%,B 8437.50
ฌ เฌอ | สตูล  อีมู (Emu Stool)   ผ้า B เลือกสีได้ | ขนาด W62 D43 H39 cm,ฌ เฌอ | สตูล  อีมู (Emu Stool)   ผ้า B เลือกสีได้ | ขนาด W62 D43 H39 cm ราคา 13500 ลด 25% เหลือ 10125 ชำระเป็นเงินสด ลด on top เพิ่ม 10% เหลือ 9112.5 ภายใน เดือนกันยายน 2569 และส่วนลดเพิ่มเติมตามโปรฯ ได้ที่ https://chawcher.com/category/promotion/,ฌ เฌอ,สตูล,,อีมู ,(Emu Stool),,,ผ้า B ,เลือกสีได้,W62,D43,H39,cm,xxxxxxxx,B 13500.00,25%,B 10125.00,10%,B 9112.50
ฌ เฌอ | สตูล  อีมู (Emu Stool)   ผ้า C เลือกสีได้ | ขนาด W62 D43 H39 cm,ฌ เฌอ | สตูล  อีมู (Emu Stool)   ผ้า C เลือกสีได้ | ขนาด W62 D43 H39 cm ราคา 15625 ลด 25% เหลือ 11718.75 ชำระเป็นเงินสด ลด on top เพิ่ม 10% เหลือ 10546.88 ภายใน เดือนกันยายน 2569 และส่วนลดเพิ่มเติมตามโปรฯ ได้ที่ https://chawcher.com/category/promotion/,ฌ เฌอ,สตูล,,อีมู ,(Emu Stool),,,ผ้า C ,เลือกสีได้,W62,D43,H39,cm,xxxxxxxx,B 15625.00,25%,B 11718.75,10%,B 10546.88
ฌ เฌอ | สตูล  อีมู (Emu Stool)   หนังแท้ (ออย)เลือกสีได้ | ขนาด W62 D43 H39 cm,ฌ เฌอ | สตูล  อีมู (Emu Stool)   หนังแท้ (ออย)เลือกสีได้ | ขนาด W62 D43 H39 cm ราคา 21000 ลด 25% เหลือ 15750 ชำระเป็นเงินสด ลด on top เพิ่ม 10% เหลือ 14175 ภายใน เดือนกันยายน 2569 และส่วนลดเพิ่มเติมตามโปรฯ ได้ที่ https://chawcher.com/category/promotion/,ฌ เฌอ,สตูล,,อีมู ,(Emu Stool),,,หนังแท้ (ออย),เลือกสีได้,W62,D43,H39,cm,xxxxxxxx,B 21000.00,25%,B 15750.00,10%,B 14175.00
ฌ เฌอ | สตูล  อีมู (Emu Stool)   หนังแท้เลือกสีได้ | ขนาด W62 D43 H39 cm,ฌ เฌอ | สตูล  อีมู (Emu Stool)   หนังแท้เลือกสีได้ | ขนาด W62 D43 H39 cm ราคา 16800 ลด 25% เหลือ 12600 ชำระเป็นเงินสด ลด on top เพิ่ม 10% เหลือ 11340 ภายใน เดือนกันยายน 2569 และส่วนลดเพิ่มเติมตามโปรฯ ได้ที่ https://chawcher.com/category/promotion/,ฌ เฌอ,สตูล,,อีมู ,(Emu Stool),,,หนังแท้,เลือกสีได้,W62,D43,H39,cm,10113429,B 16800.00,25%,B 12600.00,10%,B 11340.00
ฌ เฌอ | สตูล L อัญชัน (Aunchan Stool)   ผ้า A เลือกสีได้ | ขนาด W70 D70 H46 ,ฌ เฌอ | สตูล L อัญชัน (Aunchan Stool)   ผ้า A เลือกสีได้ | ขนาด W70 D70 H46  ราคา 15500 ลด 25% เหลือ 11625 ชำระเป็นเงินสด ลด on top เพิ่ม 10% เหลือ 10462.5 ภายใน เดือนกันยายน 2569 และส่วนลดเพิ่มเติมตามโปรฯ ได้ที่ https://chawcher.com/category/promotion/,ฌ เฌอ,สตูล,L,อัญชัน,(Aunchan Stool),,,ผ้า A ,เลือกสีได้,W70,D70,H46,,,B 15500.00,25%,B 11625.00,10%,B 10462.50
ฌ เฌอ | สตูล L อัญชัน (Aunchan Stool)   ผ้า B เลือกสีได้ | ขนาด W70 D70 H46 ,ฌ เฌอ | สตูล L อัญชัน (Aunchan Stool)   ผ้า B เลือกสีได้ | ขนาด W70 D70 H46  ราคา 17000 ลด 25% เหลือ 12750 ชำระเป็นเงินสด ลด on top เพิ่ม 10% เหลือ 11475 ภายใน เดือนกันยายน 2569 และส่วนลดเพิ่มเติมตามโปรฯ ได้ที่ https://chawcher.com/category/promotion/,ฌ เฌอ,สตูล,L,อัญชัน,(Aunchan Stool),,,ผ้า B ,เลือกสีได้,W70,D70,H46,,,B 17000.00,25%,B 12750.00,10%,B 11475.00
ฌ เฌอ | สตูล L อัญชัน (Aunchan Stool)   ผ้า C เลือกสีได้ | ขนาด W70 D70 H46 ,ฌ เฌอ | สตูล L อัญชัน (Aunchan Stool)   ผ้า C เลือกสีได้ | ขนาด W70 D70 H46  ราคา 18500 ลด 25% เหลือ 13875 ชำระเป็นเงินสด ลด on top เพิ่ม 10% เหลือ 12487.5 ภายใน เดือนกันยายน 2569 และส่วนลดเพิ่มเติมตามโปรฯ ได้ที่ https://chawcher.com/category/promotion/,ฌ เฌอ,สตูล,L,อัญชัน,(Aunchan Stool),,,ผ้า C ,เลือกสีได้,W70,D70,H46,,,B 18500.00,25%,B 13875.00,10%,B 12487.50
ฌ เฌอ | สตูล L อัญชัน (Aunchan Stool)   หนังแท้ (ออย)เลือกสีได้ | ขนาด W70 D70 H46 ,ฌ เฌอ | สตูล L อัญชัน (Aunchan Stool)   หนังแท้ (ออย)เลือกสีได้ | ขนาด W70 D70 H46  ราคา 27000 ลด 25% เหลือ 20250 ชำระเป็นเงินสด ลด on top เพิ่ม 10% เหลือ 18225 ภายใน เดือนกันยายน 2569 และส่วนลดเพิ่มเติมตามโปรฯ ได้ที่ https://chawcher.com/category/promotion/,ฌ เฌอ,สตูล,L,อัญชัน,(Aunchan Stool),,,หนังแท้ (ออย),เลือกสีได้,W70,D70,H46,,,B 27000.00,25%,B 20250.00,10%,B 18225.00
ฌ เฌอ | สตูล L อัญชัน (Aunchan Stool)   หนังแท้เลือกสีได้ | ขนาด W70 D70 H46 ,ฌ เฌอ | สตูล L อัญชัน (Aunchan Stool)   หนังแท้เลือกสีได้ | ขนาด W70 D70 H46  ราคา 22000 ลด 25% เหลือ 16500 ชำระเป็นเงินสด ลด on top เพิ่ม 10% เหลือ 14850 ภายใน เดือนกันยายน 2569 และส่วนลดเพิ่มเติมตามโปรฯ ได้ที่ https://chawcher.com/category/promotion/,ฌ เฌอ,สตูล,L,อัญชัน,(Aunchan Stool),,,หนังแท้,เลือกสีได้,W70,D70,H46,,,B 22000.00,25%,B 16500.00,10%,B 14850.00
ฌ เฌอ | สตูล S อัญชัน (Aunchan Stool)   ผ้า A เลือกสีได้ | ขนาด W70 D50  H46 ,ฌ เฌอ | สตูล S อัญชัน (Aunchan Stool)   ผ้า A เลือกสีได้ | ขนาด W70 D50  H46  ราคา 13500 ลด 25% เหลือ 10125 ชำระเป็นเงินสด ลด on top เพิ่ม 10% เหลือ 9112.5 ภายใน เดือนกันยายน 2569 และส่วนลดเพิ่มเติมตามโปรฯ ได้ที่ https://chawcher.com/category/promotion/,ฌ เฌอ,สตูล,S,อัญชัน,(Aunchan Stool),,,ผ้า A ,เลือกสีได้,W70,D50 ,H46,,,B 13500.00,25%,B 10125.00,10%,B 9112.50
ฌ เฌอ | สตูล S อัญชัน (Aunchan Stool)   ผ้า B เลือกสีได้ | ขนาด W70 D50  H46 ,ฌ เฌอ | สตูล S อัญชัน (Aunchan Stool)   ผ้า B เลือกสีได้ | ขนาด W70 D50  H46  ราคา 15000 ลด 25% เหลือ 11250 ชำระเป็นเงินสด ลด on top เพิ่ม 10% เหลือ 10125 ภายใน เดือนกันยายน 2569 และส่วนลดเพิ่มเติมตามโปรฯ ได้ที่ https://chawcher.com/category/promotion/,ฌ เฌอ,สตูล,S,อัญชัน,(Aunchan Stool),,,ผ้า B ,เลือกสีได้,W70,D50 ,H46,,,B 15000.00,25%,B 11250.00,10%,B 10125.00
ฌ เฌอ | สตูล S อัญชัน (Aunchan Stool)   ผ้า C เลือกสีได้ | ขนาด W70 D50  H46 ,ฌ เฌอ | สตูล S อัญชัน (Aunchan Stool)   ผ้า C เลือกสีได้ | ขนาด W70 D50  H46  ราคา 16500 ลด 25% เหลือ 12375 ชำระเป็นเงินสด ลด on top เพิ่ม 10% เหลือ 11137.5 ภายใน เดือนกันยายน 2569 และส่วนลดเพิ่มเติมตามโปรฯ ได้ที่ https://chawcher.com/category/promotion/,ฌ เฌอ,สตูล,S,อัญชัน,(Aunchan Stool),,,ผ้า C ,เลือกสีได้,W70,D50 ,H46,,,B 16500.00,25%,B 12375.00,10%,B 11137.50
ฌ เฌอ | สตูล S อัญชัน (Aunchan Stool)   หนังแท้ (ออย)เลือกสีได้ | ขนาด W70 D50  H46 ,ฌ เฌอ | สตูล S อัญชัน (Aunchan Stool)   หนังแท้ (ออย)เลือกสีได้ | ขนาด W70 D50  H46  ราคา 24900 ลด 25% เหลือ 18675 ชำระเป็นเงินสด ลด on top เพิ่ม 10% เหลือ 16807.5 ภายใน เดือนกันยายน 2569 และส่วนลดเพิ่มเติมตามโปรฯ ได้ที่ https://chawcher.com/category/promotion/,ฌ เฌอ,สตูล,S,อัญชัน,(Aunchan Stool),,,หนังแท้ (ออย),เลือกสีได้,W70,D50 ,H46,,,B 24900.00,25%,B 18675.00,10%,B 16807.50
ฌ เฌอ | สตูล S อัญชัน (Aunchan Stool)   หนังแท้เลือกสีได้ | ขนาด W70 D50  H46 ,ฌ เฌอ | สตูล S อัญชัน (Aunchan Stool)   หนังแท้เลือกสีได้ | ขนาด W70 D50  H46  ราคา 19800 ลด 25% เหลือ 14850 ชำระเป็นเงินสด ลด on top เพิ่ม 10% เหลือ 13365 ภายใน เดือนกันยายน 2569 และส่วนลดเพิ่มเติมตามโปรฯ ได้ที่ https://chawcher.com/category/promotion/,ฌ เฌอ,สตูล,S,อัญชัน,(Aunchan Stool),,,หนังแท้,เลือกสีได้,W70,D50 ,H46,,,B 19800.00,25%,B 14850.00,10%,B 13365.00
ฌ เฌอ | สตูล Size L ขอนไม้ (Khonmai Stool)   ผ้า A เลือกสีได้ | ขนาด W60 D60 H37 cm,ฌ เฌอ | สตูล Size L ขอนไม้ (Khonmai Stool)   ผ้า A เลือกสีได้ | ขนาด W60 D60 H37 cm ราคา 13200 ลด 30% เหลือ 9240 ชำระเป็นเงินสด ลด on top เพิ่ม 10% เหลือ 8316 ภายใน เดือนกันยายน 2569 และส่วนลดเพิ่มเติมตามโปรฯ ได้ที่ https://chawcher.com/category/promotion/,ฌ เฌอ,สตูล,Size L,ขอนไม้,(Khonmai Stool),,,ผ้า A ,เลือกสีได้,W60,D60,H37,cm,10113442,B 13200.00,30%,B 9240.00,10%,B 8316.00
ฌ เฌอ | สตูล Size L ขอนไม้ (Khonmai Stool)   ผ้า B เลือกสีได้ | ขนาด W60 D60 H37 cm,ฌ เฌอ | สตูล Size L ขอนไม้ (Khonmai Stool)   ผ้า B เลือกสีได้ | ขนาด W60 D60 H37 cm ราคา 15000 ลด 30% เหลือ 10500 ชำระเป็นเงินสด ลด on top เพิ่ม 10% เหลือ 9450 ภายใน เดือนกันยายน 2569 และส่วนลดเพิ่มเติมตามโปรฯ ได้ที่ https://chawcher.com/category/promotion/,ฌ เฌอ,สตูล,Size L,ขอนไม้,(Khonmai Stool),,,ผ้า B ,เลือกสีได้,W60,D60,H37,cm,xxxxxxxx,B 15000.00,30%,B 10500.00,10%,B 9450.00
ฌ เฌอ | สตูล Size L ขอนไม้ (Khonmai Stool)   ผ้า C เลือกสีได้ | ขนาด W60 D60 H37 cm,ฌ เฌอ | สตูล Size L ขอนไม้ (Khonmai Stool)   ผ้า C เลือกสีได้ | ขนาด W60 D60 H37 cm ราคา 16500 ลด 30% เหลือ 11550 ชำระเป็นเงินสด ลด on top เพิ่ม 10% เหลือ 10395 ภายใน เดือนกันยายน 2569 และส่วนลดเพิ่มเติมตามโปรฯ ได้ที่ https://chawcher.com/category/promotion/,ฌ เฌอ,สตูล,Size L,ขอนไม้,(Khonmai Stool),,,ผ้า C ,เลือกสีได้,W60,D60,H37,cm,xxxxxxxx,B 16500.00,30%,B 11550.00,10%,B 10395.00
ฌ เฌอ | สตูล Size L ขอนไม้ (Khonmai Stool)   หนังแท้ (ออย)เลือกสีได้ | ขนาด W60 D60 H37 cm,ฌ เฌอ | สตูล Size L ขอนไม้ (Khonmai Stool)   หนังแท้ (ออย)เลือกสีได้ | ขนาด W60 D60 H37 cm ราคา 23000 ลด 30% เหลือ 16100 ชำระเป็นเงินสด ลด on top เพิ่ม 10% เหลือ 14490 ภายใน เดือนกันยายน 2569 และส่วนลดเพิ่มเติมตามโปรฯ ได้ที่ https://chawcher.com/category/promotion/,ฌ เฌอ,สตูล,Size L,ขอนไม้,(Khonmai Stool),,,หนังแท้ (ออย),เลือกสีได้,W60,D60,H37,cm,xxxxxxxx,B 23000.00,30%,B 16100.00,10%,B 14490.00
ฌ เฌอ | สตูล Size L ขอนไม้ (Khonmai Stool)   หนังแท้เลือกสีได้ | ขนาด W60 D60 H37 cm,ฌ เฌอ | สตูล Size L ขอนไม้ (Khonmai Stool)   หนังแท้เลือกสีได้ | ขนาด W60 D60 H37 cm ราคา 18500 ลด 30% เหลือ 12950 ชำระเป็นเงินสด ลด on top เพิ่ม 10% เหลือ 11655 ภายใน เดือนกันยายน 2569 และส่วนลดเพิ่มเติมตามโปรฯ ได้ที่ https://chawcher.com/category/promotion/,ฌ เฌอ,สตูล,Size L,ขอนไม้,(Khonmai Stool),,,หนังแท้,เลือกสีได้,W60,D60,H37,cm,10113441,B 18500.00,30%,B 12950.00,10%,B 11655.00
ฌ เฌอ | สตูล Size L สวอน (Swan Stool)   ผ้า A เลือกสีได้ | ขนาด W105 D105 H41 cm,ฌ เฌอ | สตูล Size L สวอน (Swan Stool)   ผ้า A เลือกสีได้ | ขนาด W105 D105 H41 cm ราคา 27000 ลด 40% เหลือ 16200 ชำระเป็นเงินสด ลด on top เพิ่ม 10% เหลือ 14580 ภายใน เดือนกันยายน 2569 และส่วนลดเพิ่มเติมตามโปรฯ ได้ที่ https://chawcher.com/category/promotion/,ฌ เฌอ,สตูล,Size L,สวอน,(Swan Stool),,,ผ้า A ,เลือกสีได้,W105,D105,H41,cm,xxxxxxxx,B 27000.00,40%,B 16200.00,10%,B 14580.00
ฌ เฌอ | สตูล Size L สวอน (Swan Stool)   ผ้า B เลือกสีได้ | ขนาด W105 D105 H41 cm,ฌ เฌอ | สตูล Size L สวอน (Swan Stool)   ผ้า B เลือกสีได้ | ขนาด W105 D105 H41 cm ราคา 31500 ลด 40% เหลือ 18900 ชำระเป็นเงินสด ลด on top เพิ่ม 10% เหลือ 17010 ภายใน เดือนกันยายน 2569 และส่วนลดเพิ่มเติมตามโปรฯ ได้ที่ https://chawcher.com/category/promotion/,ฌ เฌอ,สตูล,Size L,สวอน,(Swan Stool),,,ผ้า B ,เลือกสีได้,W105,D105,H41,cm,xxxxxxxx,B 31500.00,40%,B 18900.00,10%,B 17010.00
ฌ เฌอ | สตูล Size L สวอน (Swan Stool)   ผ้า Cเลือกสีได้ | ขนาด W105 D105 H41 cm,ฌ เฌอ | สตูล Size L สวอน (Swan Stool)   ผ้า Cเลือกสีได้ | ขนาด W105 D105 H41 cm ราคา 34500 ลด 40% เหลือ 20700 ชำระเป็นเงินสด ลด on top เพิ่ม 10% เหลือ 18630 ภายใน เดือนกันยายน 2569 และส่วนลดเพิ่มเติมตามโปรฯ ได้ที่ https://chawcher.com/category/promotion/,ฌ เฌอ,สตูล,Size L,สวอน,(Swan Stool),,,ผ้า C ,เลือกสีได้,W105,D105,H41,cm,xxxxxxxx,B 34500.00,40%,B 20700.00,10%,B 18630.00
ฌ เฌอ | สตูล Size L สวอน (Swan Stool)   หนังแท้ (ออย)เลือกสีได้ | ขนาด W105 D105 H41 cm,ฌ เฌอ | สตูล Size L สวอน (Swan Stool)   หนังแท้ (ออย)เลือกสีได้ | ขนาด W105 D105 H41 cm ราคา 56000 ลด 40% เหลือ 33600 ชำระเป็นเงินสด ลด on top เพิ่ม 10% เหลือ 30240 ภายใน เดือนกันยายน 2569 และส่วนลดเพิ่มเติมตามโปรฯ ได้ที่ https://chawcher.com/category/promotion/,ฌ เฌอ,สตูล,Size L,สวอน,(Swan Stool),,,หนังแท้ (ออย),เลือกสีได้,W105,D105,H41,cm,xxxxxxxx,B 56000.00,40%,B 33600.00,10%,B 30240.00
ฌ เฌอ | สตูล Size L สวอน (Swan Stool)   หนังแท้เลือกสีได้ | ขนาด W105 D105 H41 cm,ฌ เฌอ | สตูล Size L สวอน (Swan Stool)   หนังแท้เลือกสีได้ | ขนาด W105 D105 H41 cm ราคา 48500 ลด 40% เหลือ 29100 ชำระเป็นเงินสด ลด on top เพิ่ม 10% เหลือ 26190 ภายใน เดือนกันยายน 2569 และส่วนลดเพิ่มเติมตามโปรฯ ได้ที่ https://chawcher.com/category/promotion/,ฌ เฌอ,สตูล,Size L,สวอน,(Swan Stool),,,หนังแท้,เลือกสีได้,W105,D105,H41,cm,xxxxxxxx,B 48500.00,40%,B 29100.00,10%,B 26190.00
ฌ เฌอ | สตูล Size M ฟีนิกซ์ (Phoenix Stool)   ผ้า A เลือกสีได้ | ขนาด W125 D91 H41 cm,ฌ เฌอ | สตูล Size M ฟีนิกซ์ (Phoenix Stool)   ผ้า A เลือกสีได้ | ขนาด W125 D91 H41 cm ราคา 31500 ลด 40% เหลือ 18900 ชำระเป็นเงินสด ลด on top เพิ่ม 10% เหลือ 17010 ภายใน เดือนกันยายน 2569 และส่วนลดเพิ่มเติมตามโปรฯ ได้ที่ https://chawcher.com/category/promotion/,ฌ เฌอ,สตูล,Size M,ฟีนิกซ์,(Phoenix Stool),,,ผ้า A ,เลือกสีได้,W125,D91,H41,cm,xxxxxxxx,B 31500.00,40%,B 18900.00,10%,B 17010.00
ฌ เฌอ | สตูล Size M ฟีนิกซ์ (Phoenix Stool)   ผ้า B เลือกสีได้ | ขนาด W125 D91 H41 cm,ฌ เฌอ | สตูล Size M ฟีนิกซ์ (Phoenix Stool)   ผ้า B เลือกสีได้ | ขนาด W125 D91 H41 cm ราคา 38000 ลด 40% เหลือ 22800 ชำระเป็นเงินสด ลด on top เพิ่ม 10% เหลือ 20520 ภายใน เดือนกันยายน 2569 และส่วนลดเพิ่มเติมตามโปรฯ ได้ที่ https://chawcher.com/category/promotion/,ฌ เฌอ,สตูล,Size M,ฟีนิกซ์,(Phoenix Stool),,,ผ้า B ,เลือกสีได้,W125,D91,H41,cm,xxxxxxxx,B 38000.00,40%,B 22800.00,10%,B 20520.00
ฌ เฌอ | สตูล Size M ฟีนิกซ์ (Phoenix Stool)   ผ้า C เลือกสีได้ | ขนาด W125 D91 H41 cm,ฌ เฌอ | สตูล Size M ฟีนิกซ์ (Phoenix Stool)   ผ้า C เลือกสีได้ | ขนาด W125 D91 H41 cm ราคา 40900 ลด 40% เหลือ 24540 ชำระเป็นเงินสด ลด on top เพิ่ม 10% เหลือ 22086 ภายใน เดือนกันยายน 2569 และส่วนลดเพิ่มเติมตามโปรฯ ได้ที่ https://chawcher.com/category/promotion/,ฌ เฌอ,สตูล,Size M,ฟีนิกซ์,(Phoenix Stool),,,ผ้า C ,เลือกสีได้,W125,D91,H41,cm,xxxxxxxx,B 40900.00,40%,B 24540.00,10%,B 22086.00
ฌ เฌอ | สตูล Size M ฟีนิกซ์ (Phoenix Stool)   หนังแท้ (ออย)เลือกสีได้ | ขนาด W125 D91 H41 cm,ฌ เฌอ | สตูล Size M ฟีนิกซ์ (Phoenix Stool)   หนังแท้ (ออย)เลือกสีได้ | ขนาด W125 D91 H41 cm ราคา 63000 ลด 40% เหลือ 37800 ชำระเป็นเงินสด ลด on top เพิ่ม 10% เหลือ 34020 ภายใน เดือนกันยายน 2569 และส่วนลดเพิ่มเติมตามโปรฯ ได้ที่ https://chawcher.com/category/promotion/,ฌ เฌอ,สตูล,Size M,ฟีนิกซ์,(Phoenix Stool),,,หนังแท้ (ออย),เลือกสีได้,W125,D91,H41,cm,xxxxxxxx,B 63000.00,40%,B 37800.00,10%,B 34020.00
ฌ เฌอ | สตูล Size M ฟีนิกซ์ (Phoenix Stool)   หนังแท้เลือกสีได้ | ขนาด W125 D91 H41 cm,ฌ เฌอ | สตูล Size M ฟีนิกซ์ (Phoenix Stool)   หนังแท้เลือกสีได้ | ขนาด W125 D91 H41 cm ราคา 53700 ลด 40% เหลือ 32220 ชำระเป็นเงินสด ลด on top เพิ่ม 10% เหลือ 28998 ภายใน เดือนกันยายน 2569 และส่วนลดเพิ่มเติมตามโปรฯ ได้ที่ https://chawcher.com/category/promotion/,ฌ เฌอ,สตูล,Size M,ฟีนิกซ์,(Phoenix Stool),,,หนังแท้,เลือกสีได้,W125,D91,H41,cm,xxxxxxxx,B 53700.00,40%,B 32220.00,10%,B 28998.00
ฌ เฌอ | สตูล Size M สวอน (Swan Stool)   ผ้า A เลือกสีได้ | ขนาด W125 D75 H41 cm,ฌ เฌอ | สตูล Size M สวอน (Swan Stool)   ผ้า A เลือกสีได้ | ขนาด W125 D75 H41 cm ราคา 21500 ลด 40% เหลือ 12900 ชำระเป็นเงินสด ลด on top เพิ่ม 10% เหลือ 11610 ภายใน เดือนกันยายน 2569 และส่วนลดเพิ่มเติมตามโปรฯ ได้ที่ https://chawcher.com/category/promotion/,ฌ เฌอ,สตูล,Size M,สวอน,(Swan Stool),,,ผ้า A ,เลือกสีได้,W125,D75,H41,cm,xxxxxxxx,B 21500.00,40%,B 12900.00,10%,B 11610.00
ฌ เฌอ | สตูล Size M สวอน (Swan Stool)   ผ้า B เลือกสีได้ | ขนาด W125 D75 H41 cm,ฌ เฌอ | สตูล Size M สวอน (Swan Stool)   ผ้า B เลือกสีได้ | ขนาด W125 D75 H41 cm ราคา 25000 ลด 40% เหลือ 15000 ชำระเป็นเงินสด ลด on top เพิ่ม 10% เหลือ 13500 ภายใน เดือนกันยายน 2569 และส่วนลดเพิ่มเติมตามโปรฯ ได้ที่ https://chawcher.com/category/promotion/,ฌ เฌอ,สตูล,Size M,สวอน,(Swan Stool),,,ผ้า B ,เลือกสีได้,W125,D75,H41,cm,xxxxxxxx,B 25000.00,40%,B 15000.00,10%,B 13500.00
ฌ เฌอ | สตูล Size M สวอน (Swan Stool)   ผ้า C เลือกสีได้ | ขนาด W125 D75 H41 cm,ฌ เฌอ | สตูล Size M สวอน (Swan Stool)   ผ้า C เลือกสีได้ | ขนาด W125 D75 H41 cm ราคา 27500 ลด 40% เหลือ 16500 ชำระเป็นเงินสด ลด on top เพิ่ม 10% เหลือ 14850 ภายใน เดือนกันยายน 2569 และส่วนลดเพิ่มเติมตามโปรฯ ได้ที่ https://chawcher.com/category/promotion/,ฌ เฌอ,สตูล,Size M,สวอน,(Swan Stool),,,ผ้า C ,เลือกสีได้,W125,D75,H41,cm,xxxxxxxx,B 27500.00,40%,B 16500.00,10%,B 14850.00
ฌ เฌอ | สตูล Size M สวอน (Swan Stool)   หนังแท้ (ออย)เลือกสีได้ | ขนาด W125 D75 H41 cm,ฌ เฌอ | สตูล Size M สวอน (Swan Stool)   หนังแท้ (ออย)เลือกสีได้ | ขนาด W125 D75 H41 cm ราคา 45000 ลด 40% เหลือ 27000 ชำระเป็นเงินสด ลด on top เพิ่ม 10% เหลือ 24300 ภายใน เดือนกันยายน 2569 และส่วนลดเพิ่มเติมตามโปรฯ ได้ที่ https://chawcher.com/category/promotion/,ฌ เฌอ,สตูล,Size M,สวอน,(Swan Stool),,,หนังแท้ (ออย),เลือกสีได้,W125,D75,H41,cm,xxxxxxxx,B 45000.00,40%,B 27000.00,10%,B 24300.00
ฌ เฌอ | สตูล Size M สวอน (Swan Stool)   หนังแท้เลือกสีได้ | ขนาด W125 D75 H41 cm,ฌ เฌอ | สตูล Size M สวอน (Swan Stool)   หนังแท้เลือกสีได้ | ขนาด W125 D75 H41 cm ราคา 36000 ลด 40% เหลือ 21600 ชำระเป็นเงินสด ลด on top เพิ่ม 10% เหลือ 19440 ภายใน เดือนกันยายน 2569 และส่วนลดเพิ่มเติมตามโปรฯ ได้ที่ https://chawcher.com/category/promotion/,ฌ เฌอ,สตูล,Size M,สวอน,(Swan Stool),,,หนังแท้,เลือกสีได้,W125,D75,H41,cm,xxxxxxxx,B 36000.00,40%,B 21600.00,10%,B 19440.00
ฌ เฌอ | สตูล Size S ขอนไม้ (Khonmai Stool)   ผ้า A เลือกสีได้ | ขนาด W41 D41 H45 cm,ฌ เฌอ | สตูล Size S ขอนไม้ (Khonmai Stool)   ผ้า A เลือกสีได้ | ขนาด W41 D41 H45 cm ราคา 9300 ลด 30% เหลือ 6510 ชำระเป็นเงินสด ลด on top เพิ่ม 10% เหลือ 5859 ภายใน เดือนกันยายน 2569 และส่วนลดเพิ่มเติมตามโปรฯ ได้ที่ https://chawcher.com/category/promotion/,ฌ เฌอ,สตูล,Size S,ขอนไม้,(Khonmai Stool),,,ผ้า A ,เลือกสีได้,W41,D41,H45,cm,10113444,B 9300.00,30%,B 6510.00,10%,B 5859.00
ฌ เฌอ | สตูล Size S ขอนไม้ (Khonmai Stool)   ผ้า B เลือกสีได้ | ขนาด W41 D41 H45 cm,ฌ เฌอ | สตูล Size S ขอนไม้ (Khonmai Stool)   ผ้า B เลือกสีได้ | ขนาด W41 D41 H45 cm ราคา 10700 ลด 30% เหลือ 7490 ชำระเป็นเงินสด ลด on top เพิ่ม 10% เหลือ 6741 ภายใน เดือนกันยายน 2569 และส่วนลดเพิ่มเติมตามโปรฯ ได้ที่ https://chawcher.com/category/promotion/,ฌ เฌอ,สตูล,Size S,ขอนไม้,(Khonmai Stool),,,ผ้า B ,เลือกสีได้,W41,D41,H45,cm,xxxxxxxx,B 10700.00,30%,B 7490.00,10%,B 6741.00
ฌ เฌอ | สตูล Size S ขอนไม้ (Khonmai Stool)   ผ้า C เลือกสีได้ | ขนาด W41 D41 H45 cm,ฌ เฌอ | สตูล Size S ขอนไม้ (Khonmai Stool)   ผ้า C เลือกสีได้ | ขนาด W41 D41 H45 cm ราคา 11700 ลด 30% เหลือ 8190 ชำระเป็นเงินสด ลด on top เพิ่ม 10% เหลือ 7371 ภายใน เดือนกันยายน 2569 และส่วนลดเพิ่มเติมตามโปรฯ ได้ที่ https://chawcher.com/category/promotion/,ฌ เฌอ,สตูล,Size S,ขอนไม้,(Khonmai Stool),,,ผ้า C ,เลือกสีได้,W41,D41,H45,cm,xxxxxxxx,B 11700.00,30%,B 8190.00,10%,B 7371.00
ฌ เฌอ | สตูล Size S ขอนไม้ (Khonmai Stool)   หนังแท้ (ออย)เลือกสีได้ | ขนาด W41 D41 H45 cm,ฌ เฌอ | สตูล Size S ขอนไม้ (Khonmai Stool)   หนังแท้ (ออย)เลือกสีได้ | ขนาด W41 D41 H45 cm ราคา 16000 ลด 30% เหลือ 11200 ชำระเป็นเงินสด ลด on top เพิ่ม 10% เหลือ 10080 ภายใน เดือนกันยายน 2569 และส่วนลดเพิ่มเติมตามโปรฯ ได้ที่ https://chawcher.com/category/promotion/,ฌ เฌอ,สตูล,Size S,ขอนไม้,(Khonmai Stool),,,หนังแท้ (ออย),เลือกสีได้,W41,D41,H45,cm,xxxxxxxx,B 16000.00,30%,B 11200.00,10%,B 10080.00
ฌ เฌอ | สตูล Size S ขอนไม้ (Khonmai Stool)   หนังแท้เลือกสีได้ | ขนาด W41 D41 H45 cm,ฌ เฌอ | สตูล Size S ขอนไม้ (Khonmai Stool)   หนังแท้เลือกสีได้ | ขนาด W41 D41 H45 cm ราคา 12800 ลด 30% เหลือ 8960 ชำระเป็นเงินสด ลด on top เพิ่ม 10% เหลือ 8064 ภายใน เดือนกันยายน 2569 และส่วนลดเพิ่มเติมตามโปรฯ ได้ที่ https://chawcher.com/category/promotion/,ฌ เฌอ,สตูล,Size S,ขอนไม้,(Khonmai Stool),,,หนังแท้,เลือกสีได้,W41,D41,H45,cm,10113443,B 12800.00,30%,B 8960.00,10%,B 8064.00
ฌ เฌอ | สตูล Size S ฟีนิกซ์ (Phoenix Stool)   ผ้า A เลือกสีได้ | ขนาด W97 D61 H41 cm,ฌ เฌอ | สตูล Size S ฟีนิกซ์ (Phoenix Stool)   ผ้า A เลือกสีได้ | ขนาด W97 D61 H41 cm ราคา 19300 ลด 40% เหลือ 11580 ชำระเป็นเงินสด ลด on top เพิ่ม 10% เหลือ 10422 ภายใน เดือนกันยายน 2569 และส่วนลดเพิ่มเติมตามโปรฯ ได้ที่ https://chawcher.com/category/promotion/,ฌ เฌอ,สตูล,Size S,ฟีนิกซ์,(Phoenix Stool),,,ผ้า A ,เลือกสีได้,W97,D61,H41,cm,xxxxxxxx,B 19300.00,40%,B 11580.00,10%,B 10422.00
ฌ เฌอ | สตูล Size S ฟีนิกซ์ (Phoenix Stool)   ผ้า B เลือกสีได้ | ขนาด W97 D61 H41 cm,ฌ เฌอ | สตูล Size S ฟีนิกซ์ (Phoenix Stool)   ผ้า B เลือกสีได้ | ขนาด W97 D61 H41 cm ราคา 22000 ลด 40% เหลือ 13200 ชำระเป็นเงินสด ลด on top เพิ่ม 10% เหลือ 11880 ภายใน เดือนกันยายน 2569 และส่วนลดเพิ่มเติมตามโปรฯ ได้ที่ https://chawcher.com/category/promotion/,ฌ เฌอ,สตูล,Size S,ฟีนิกซ์,(Phoenix Stool),,,ผ้า B ,เลือกสีได้,W97,D61,H41,cm,xxxxxxxx,B 22000.00,40%,B 13200.00,10%,B 11880.00
ฌ เฌอ | สตูล Size S ฟีนิกซ์ (Phoenix Stool)   ผ้า Cเลือกสีได้ | ขนาด W97 D61 H41 cm,ฌ เฌอ | สตูล Size S ฟีนิกซ์ (Phoenix Stool)   ผ้า Cเลือกสีได้ | ขนาด W97 D61 H41 cm ราคา 25000 ลด 40% เหลือ 15000 ชำระเป็นเงินสด ลด on top เพิ่ม 10% เหลือ 13500 ภายใน เดือนกันยายน 2569 และส่วนลดเพิ่มเติมตามโปรฯ ได้ที่ https://chawcher.com/category/promotion/,ฌ เฌอ,สตูล,Size S,ฟีนิกซ์,(Phoenix Stool),,,ผ้า C ,เลือกสีได้,W97,D61,H41,cm,xxxxxxxx,B 25000.00,40%,B 15000.00,10%,B 13500.00
ฌ เฌอ | สตูล Size S ฟีนิกซ์ (Phoenix Stool)   หนังแท้ (ออย)เลือกสีได้ | ขนาด W97 D61 H41 cm,ฌ เฌอ | สตูล Size S ฟีนิกซ์ (Phoenix Stool)   หนังแท้ (ออย)เลือกสีได้ | ขนาด W97 D61 H41 cm ราคา 37800 ลด 40% เหลือ 22680 ชำระเป็นเงินสด ลด on top เพิ่ม 10% เหลือ 20412 ภายใน เดือนกันยายน 2569 และส่วนลดเพิ่มเติมตามโปรฯ ได้ที่ https://chawcher.com/category/promotion/,ฌ เฌอ,สตูล,Size S,ฟีนิกซ์,(Phoenix Stool),,,หนังแท้ (ออย),เลือกสีได้,W97,D61,H41,cm,xxxxxxxx,B 37800.00,40%,B 22680.00,10%,B 20412.00
ฌ เฌอ | สตูล Size S ฟีนิกซ์ (Phoenix Stool)   หนังแท้เลือกสีได้ | ขนาด W97 D61 H41 cm,ฌ เฌอ | สตูล Size S ฟีนิกซ์ (Phoenix Stool)   หนังแท้เลือกสีได้ | ขนาด W97 D61 H41 cm ราคา 32200 ลด 40% เหลือ 19320 ชำระเป็นเงินสด ลด on top เพิ่ม 10% เหลือ 17388 ภายใน เดือนกันยายน 2569 และส่วนลดเพิ่มเติมตามโปรฯ ได้ที่ https://chawcher.com/category/promotion/,ฌ เฌอ,สตูล,Size S,ฟีนิกซ์,(Phoenix Stool),,,หนังแท้,เลือกสีได้,W97,D61,H41,cm,xxxxxxxx,B 32200.00,40%,B 19320.00,10%,B 17388.00
ฌ เฌอ | สตูล Size S สวอน (Swan Stool)   ผ้า A เลือกสีได้ | ขนาด W70 D70 H41 cm,ฌ เฌอ | สตูล Size S สวอน (Swan Stool)   ผ้า A เลือกสีได้ | ขนาด W70 D70 H41 cm ราคา 18000 ลด 40% เหลือ 10800 ชำระเป็นเงินสด ลด on top เพิ่ม 10% เหลือ 9720 ภายใน เดือนกันยายน 2569 และส่วนลดเพิ่มเติมตามโปรฯ ได้ที่ https://chawcher.com/category/promotion/,ฌ เฌอ,สตูล,Size S,สวอน,(Swan Stool),,,ผ้า A ,เลือกสีได้,W70,D70,H41,cm,xxxxxxxx,B 18000.00,40%,B 10800.00,10%,B 9720.00
ฌ เฌอ | สตูล Size S สวอน (Swan Stool)   ผ้า B เลือกสีได้ | ขนาด W70 D70 H41 cm,ฌ เฌอ | สตูล Size S สวอน (Swan Stool)   ผ้า B เลือกสีได้ | ขนาด W70 D70 H41 cm ราคา 21000 ลด 40% เหลือ 12600 ชำระเป็นเงินสด ลด on top เพิ่ม 10% เหลือ 11340 ภายใน เดือนกันยายน 2569 และส่วนลดเพิ่มเติมตามโปรฯ ได้ที่ https://chawcher.com/category/promotion/,ฌ เฌอ,สตูล,Size S,สวอน,(Swan Stool),,,ผ้า B ,เลือกสีได้,W70,D70,H41,cm,xxxxxxxx,B 21000.00,40%,B 12600.00,10%,B 11340.00
ฌ เฌอ | สตูล Size S สวอน (Swan Stool)   ผ้า Cเลือกสีได้ | ขนาด W70 D70 H41 cm,ฌ เฌอ | สตูล Size S สวอน (Swan Stool)   ผ้า Cเลือกสีได้ | ขนาด W70 D70 H41 cm ราคา 23500 ลด 40% เหลือ 14100 ชำระเป็นเงินสด ลด on top เพิ่ม 10% เหลือ 12690 ภายใน เดือนกันยายน 2569 และส่วนลดเพิ่มเติมตามโปรฯ ได้ที่ https://chawcher.com/category/promotion/,ฌ เฌอ,สตูล,Size S,สวอน,(Swan Stool),,,ผ้า C ,เลือกสีได้,W70,D70,H41,cm,xxxxxxxx,B 23500.00,40%,B 14100.00,10%,B 12690.00
ฌ เฌอ | สตูล Size S สวอน (Swan Stool)   หนังแท้ (ออย)เลือกสีได้ | ขนาด W70 D70 H41 cm,ฌ เฌอ | สตูล Size S สวอน (Swan Stool)   หนังแท้ (ออย)เลือกสีได้ | ขนาด W70 D70 H41 cm ราคา 38000 ลด 40% เหลือ 22800 ชำระเป็นเงินสด ลด on top เพิ่ม 10% เหลือ 20520 ภายใน เดือนกันยายน 2569 และส่วนลดเพิ่มเติมตามโปรฯ ได้ที่ https://chawcher.com/category/promotion/,ฌ เฌอ,สตูล,Size S,สวอน,(Swan Stool),,,หนังแท้ (ออย),เลือกสีได้,W70,D70,H41,cm,xxxxxxxx,B 38000.00,40%,B 22800.00,10%,B 20520.00
ฌ เฌอ | สตูล Size S สวอน (Swan Stool)   หนังแท้เลือกสีได้ | ขนาด W70 D70 H41 cm,ฌ เฌอ | สตูล Size S สวอน (Swan Stool)   หนังแท้เลือกสีได้ | ขนาด W70 D70 H41 cm ราคา 30500 ลด 40% เหลือ 18300 ชำระเป็นเงินสด ลด on top เพิ่ม 10% เหลือ 16470 ภายใน เดือนกันยายน 2569 และส่วนลดเพิ่มเติมตามโปรฯ ได้ที่ https://chawcher.com/category/promotion/,ฌ เฌอ,สตูล,Size S,สวอน,(Swan Stool),,,หนังแท้,เลือกสีได้,W70,D70,H41,cm,xxxxxxxx,B 30500.00,40%,B 18300.00,10%,B 16470.00
ฌ เฌอ | หมอน Size L ฟีนิกซ์ (Phoenix Pillow) ไส้ไมโครเจล  ผ้า A เลือกสีได้ | ขนาด W55  H55 cm,ฌ เฌอ | หมอน Size L ฟีนิกซ์ (Phoenix Pillow) ไส้ไมโครเจล  ผ้า A เลือกสีได้ | ขนาด W55  H55 cm ราคา 5400 ลด 35% เหลือ 3510 ชำระเป็นเงินสด ลด on top เพิ่ม 10% เหลือ 3159 ภายใน เดือนกันยายน 2569 และส่วนลดเพิ่มเติมตามโปรฯ ได้ที่ https://chawcher.com/category/promotion/,ฌ เฌอ,หมอน,Size L,ฟีนิกซ์,(Phoenix Pillow),ไส้ไมโครเจล,,ผ้า A ,เลือกสีได้,W55,,H55,cm,10131720,B 5400.00,35%,B 3510.00,10%,B 3159.00
ฌ เฌอ | หมอน Size L ฟีนิกซ์ (Phoenix Pillow) ไส้ไมโครเจล  หนังแท้ ผสมผ้าเลือกสีได้ | ขนาด W55  H55 cm,ฌ เฌอ | หมอน Size L ฟีนิกซ์ (Phoenix Pillow) ไส้ไมโครเจล  หนังแท้ ผสมผ้าเลือกสีได้ | ขนาด W55  H55 cm ราคา 6700 ลด 35% เหลือ 4355 ชำระเป็นเงินสด ลด on top เพิ่ม 10% เหลือ 3919.5 ภายใน เดือนกันยายน 2569 และส่วนลดเพิ่มเติมตามโปรฯ ได้ที่ https://chawcher.com/category/promotion/,ฌ เฌอ,หมอน,Size L,ฟีนิกซ์,(Phoenix Pillow),ไส้ไมโครเจล,,หนังแท้ ผสมผ้า,เลือกสีได้,W55,,H55,cm,10131722,B 6700.00,35%,B 4355.00,10%,B 3919.50
ฌ เฌอ | หมอน Size L ฟีนิกซ์ (Phoenix Pillow) ไส้ไมโครเจล  หนังแท้เลือกสีได้ | ขนาด W55  H55 cm,ฌ เฌอ | หมอน Size L ฟีนิกซ์ (Phoenix Pillow) ไส้ไมโครเจล  หนังแท้เลือกสีได้ | ขนาด W55  H55 cm ราคา 8400 ลด 35% เหลือ 5460 ชำระเป็นเงินสด ลด on top เพิ่ม 10% เหลือ 4914 ภายใน เดือนกันยายน 2569 และส่วนลดเพิ่มเติมตามโปรฯ ได้ที่ https://chawcher.com/category/promotion/,ฌ เฌอ,หมอน,Size L,ฟีนิกซ์,(Phoenix Pillow),ไส้ไมโครเจล,,หนังแท้,เลือกสีได้,W55,,H55,cm,10146935,B 8400.00,35%,B 5460.00,10%,B 4914.00
ฌ เฌอ | หมอน Size S ฌ เฌอ (Chaw Cher Pillow) ไส้ใยสังเคราะห์  ผ้า A เลือกสีได้ | ขนาด W45  H45 cm,ฌ เฌอ | หมอน Size S ฌ เฌอ (Chaw Cher Pillow) ไส้ใยสังเคราะห์  ผ้า A เลือกสีได้ | ขนาด W45  H45 cm ราคา 1200 ลด 35% เหลือ 780 ชำระเป็นเงินสด ลด on top เพิ่ม 10% เหลือ 702 ภายใน เดือนกันยายน 2569 และส่วนลดเพิ่มเติมตามโปรฯ ได้ที่ https://chawcher.com/category/promotion/,ฌ เฌอ,หมอน,Size S,ฌ เฌอ,(Chaw Cher Pillow),ไส้ใยสังเคราะห์,,ผ้า A ,เลือกสีได้,W45,,H45,cm,10131718,B 1200.00,35%,B 780.00,10%,B 702.00
ฌ เฌอ | หมอน Size S ฟีนิกซ์ (Phoenix Pillow) ไส้ไมโครเจล  ผ้า A เลือกสีได้ | ขนาด W45  H45 cm,ฌ เฌอ | หมอน Size S ฟีนิกซ์ (Phoenix Pillow) ไส้ไมโครเจล  ผ้า A เลือกสีได้ | ขนาด W45  H45 cm ราคา 4900 ลด 35% เหลือ 3185 ชำระเป็นเงินสด ลด on top เพิ่ม 10% เหลือ 2866.5 ภายใน เดือนกันยายน 2569 และส่วนลดเพิ่มเติมตามโปรฯ ได้ที่ https://chawcher.com/category/promotion/,ฌ เฌอ,หมอน,Size S,ฟีนิกซ์,(Phoenix Pillow),ไส้ไมโครเจล,,ผ้า A ,เลือกสีได้,W45,,H45,cm,10131719,B 4900.00,35%,B 3185.00,10%,B 2866.50
ฌ เฌอ | หมอน Size S ฟีนิกซ์ (Phoenix Pillow) ไส้ไมโครเจล  หนังแท้ ผสมผ้าเลือกสีได้ | ขนาด W45  H45 cm,ฌ เฌอ | หมอน Size S ฟีนิกซ์ (Phoenix Pillow) ไส้ไมโครเจล  หนังแท้ ผสมผ้าเลือกสีได้ | ขนาด W45  H45 cm ราคา 5900 ลด 35% เหลือ 3835 ชำระเป็นเงินสด ลด on top เพิ่ม 10% เหลือ 3451.5 ภายใน เดือนกันยายน 2569 และส่วนลดเพิ่มเติมตามโปรฯ ได้ที่ https://chawcher.com/category/promotion/,ฌ เฌอ,หมอน,Size S,ฟีนิกซ์,(Phoenix Pillow),ไส้ไมโครเจล,,หนังแท้ ผสมผ้า,เลือกสีได้,W45,,H45,cm,10131721,B 5900.00,35%,B 3835.00,10%,B 3451.50
ฌ เฌอ | หมอน Size S ฟีนิกซ์ (Phoenix Pillow) ไส้ไมโครเจล  หนังแท้เลือกสีได้ | ขนาด W45  H45 cm,ฌ เฌอ | หมอน Size S ฟีนิกซ์ (Phoenix Pillow) ไส้ไมโครเจล  หนังแท้เลือกสีได้ | ขนาด W45  H45 cm ราคา 7500 ลด 35% เหลือ 4875 ชำระเป็นเงินสด ลด on top เพิ่ม 10% เหลือ 4387.5 ภายใน เดือนกันยายน 2569 และส่วนลดเพิ่มเติมตามโปรฯ ได้ที่ https://chawcher.com/category/promotion/,ฌ เฌอ,หมอน,Size S,ฟีนิกซ์,(Phoenix Pillow),ไส้ไมโครเจล,,หนังแท้,เลือกสีได้,W45,,H45,cm,10146934,B 7500.00,35%,B 4875.00,10%,B 4387.50
ฌ เฌอ | อาร์มแชร์   กระสา  (Krasa Armchair)   ผ้า A เลือกสีได้ | ขนาด W60 D75 H76 cm,ฌ เฌอ | อาร์มแชร์   กระสา  (Krasa Armchair)   ผ้า A เลือกสีได้ | ขนาด W60 D75 H76 cm ราคา 32500 ลด 25% เหลือ 24375 ชำระเป็นเงินสด ลด on top เพิ่ม 10% เหลือ 21937.5 ภายใน เดือนกันยายน 2569 และส่วนลดเพิ่มเติมตามโปรฯ ได้ที่ https://chawcher.com/category/promotion/,ฌ เฌอ,อาร์มแชร์ ,,กระสา ,(Krasa Armchair),,,ผ้า A ,เลือกสีได้,W60,D75,H76,cm,10029025,B 32500.00,25%,B 24375.00,10%,B 21937.50
ฌ เฌอ | อาร์มแชร์   กระสา  (Krasa Armchair)   ผ้า B เลือกสีได้ | ขนาด W60 D75 H76 cm,ฌ เฌอ | อาร์มแชร์   กระสา  (Krasa Armchair)   ผ้า B เลือกสีได้ | ขนาด W60 D75 H76 cm ราคา 34000 ลด 25% เหลือ 25500 ชำระเป็นเงินสด ลด on top เพิ่ม 10% เหลือ 22950 ภายใน เดือนกันยายน 2569 และส่วนลดเพิ่มเติมตามโปรฯ ได้ที่ https://chawcher.com/category/promotion/,ฌ เฌอ,อาร์มแชร์ ,,กระสา ,(Krasa Armchair),,,ผ้า B ,เลือกสีได้,W60,D75,H76,cm,xxxxxxxx,B 34000.00,25%,B 25500.00,10%,B 22950.00
ฌ เฌอ | อาร์มแชร์   กระสา  (Krasa Armchair)   ผ้า C เลือกสีได้ | ขนาด W60 D75 H76 cm,ฌ เฌอ | อาร์มแชร์   กระสา  (Krasa Armchair)   ผ้า C เลือกสีได้ | ขนาด W60 D75 H76 cm ราคา 35800 ลด 25% เหลือ 26850 ชำระเป็นเงินสด ลด on top เพิ่ม 10% เหลือ 24165 ภายใน เดือนกันยายน 2569 และส่วนลดเพิ่มเติมตามโปรฯ ได้ที่ https://chawcher.com/category/promotion/,ฌ เฌอ,อาร์มแชร์ ,,กระสา ,(Krasa Armchair),,,ผ้า C ,เลือกสีได้,W60,D75,H76,cm,xxxxxxxx,B 35800.00,25%,B 26850.00,10%,B 24165.00
ฌ เฌอ | อาร์มแชร์   กระสา  (Krasa Armchair)   หนังแท้ (ออย)เลือกสีได้ | ขนาด W60 D75 H76 cm,ฌ เฌอ | อาร์มแชร์   กระสา  (Krasa Armchair)   หนังแท้ (ออย)เลือกสีได้ | ขนาด W60 D75 H76 cm ราคา 50000 ลด 25% เหลือ 37500 ชำระเป็นเงินสด ลด on top เพิ่ม 10% เหลือ 33750 ภายใน เดือนกันยายน 2569 และส่วนลดเพิ่มเติมตามโปรฯ ได้ที่ https://chawcher.com/category/promotion/,ฌ เฌอ,อาร์มแชร์ ,,กระสา ,(Krasa Armchair),,,หนังแท้ (ออย),เลือกสีได้,W60,D75,H76,cm,xxxxxxxx,B 50000.00,25%,B 37500.00,10%,B 33750.00
ฌ เฌอ | อาร์มแชร์   กระสา  (Krasa Armchair)   หนังแท้เลือกสีได้ | ขนาด W60 D75 H76 cm,ฌ เฌอ | อาร์มแชร์   กระสา  (Krasa Armchair)   หนังแท้เลือกสีได้ | ขนาด W60 D75 H76 cm ราคา 40000 ลด 25% เหลือ 30000 ชำระเป็นเงินสด ลด on top เพิ่ม 10% เหลือ 27000 ภายใน เดือนกันยายน 2569 และส่วนลดเพิ่มเติมตามโปรฯ ได้ที่ https://chawcher.com/category/promotion/,ฌ เฌอ,อาร์มแชร์ ,,กระสา ,(Krasa Armchair),,,หนังแท้,เลือกสีได้,W60,D75,H76,cm,10029023,B 40000.00,25%,B 30000.00,10%,B 27000.00
ฌ เฌอ | อาร์มแชร์   กีวี่ (Kiwi Armchair) ไม้วอลนัท  ผ้า A เลือกสีได้ | ขนาด W66 D82 H77 cm,ฌ เฌอ | อาร์มแชร์   กีวี่ (Kiwi Armchair) ไม้วอลนัท  ผ้า A เลือกสีได้ | ขนาด W66 D82 H77 cm ราคา 39600 ลด 20% เหลือ 31680 ชำระเป็นเงินสด ลด on top เพิ่ม 10% เหลือ 28512 ภายใน เดือนกันยายน 2569 และส่วนลดเพิ่มเติมตามโปรฯ ได้ที่ https://chawcher.com/category/promotion/,ฌ เฌอ,อาร์มแชร์ ,,กีวี่,(Kiwi Armchair),ไม้วอลนัท,,ผ้า A ,เลือกสีได้,W66,D82,H77,cm,10029846,B 39600.00,20%,B 31680.00,10%,B 28512.00
ฌ เฌอ | อาร์มแชร์   กีวี่ (Kiwi Armchair) ไม้โอ๊ค   ผ้า A เลือกสีได้ | ขนาด W66 D82 H77 cm,ฌ เฌอ | อาร์มแชร์   กีวี่ (Kiwi Armchair) ไม้โอ๊ค   ผ้า A เลือกสีได้ | ขนาด W66 D82 H77 cm ราคา 33600 ลด 20% เหลือ 26880 ชำระเป็นเงินสด ลด on top เพิ่ม 10% เหลือ 24192 ภายใน เดือนกันยายน 2569 และส่วนลดเพิ่มเติมตามโปรฯ ได้ที่ https://chawcher.com/category/promotion/,ฌ เฌอ,อาร์มแชร์ ,,กีวี่,(Kiwi Armchair),ไม้โอ๊ค ,,ผ้า A ,เลือกสีได้,W66,D82,H77,cm,10029845,B 33600.00,20%,B 26880.00,10%,B 24192.00
ฌ เฌอ | อาร์มแชร์   นกแก้ว (NokKaew Armchair)   ผ้า A เลือกสีได้ | ขนาด W85 D90 H76 cm,ฌ เฌอ | อาร์มแชร์   นกแก้ว (NokKaew Armchair)   ผ้า A เลือกสีได้ | ขนาด W85 D90 H76 cm ราคา 29200 ลด 25% เหลือ 21900 ชำระเป็นเงินสด ลด on top เพิ่ม 10% เหลือ 19710 ภายใน เดือนกันยายน 2569 และส่วนลดเพิ่มเติมตามโปรฯ ได้ที่ https://chawcher.com/category/promotion/,ฌ เฌอ,อาร์มแชร์ ,,นกแก้ว ,(NokKaew Armchair),,,ผ้า A ,เลือกสีได้,W85,D90,H76,cm,10131736,B 29200.00,25%,B 21900.00,10%,B 19710.00
ฌ เฌอ | อาร์มแชร์   นกแก้ว (NokKaew Armchair)   ผ้า B เลือกสีได้ | ขนาด W85 D90 H76 cm,ฌ เฌอ | อาร์มแชร์   นกแก้ว (NokKaew Armchair)   ผ้า B เลือกสีได้ | ขนาด W85 D90 H76 cm ราคา 32000 ลด 25% เหลือ 24000 ชำระเป็นเงินสด ลด on top เพิ่ม 10% เหลือ 21600 ภายใน เดือนกันยายน 2569 และส่วนลดเพิ่มเติมตามโปรฯ ได้ที่ https://chawcher.com/category/promotion/,ฌ เฌอ,อาร์มแชร์ ,,นกแก้ว ,(NokKaew Armchair),,,ผ้า B ,เลือกสีได้,W85,D90,H76,cm,xxxxxxxx,B 32000.00,25%,B 24000.00,10%,B 21600.00
ฌ เฌอ | อาร์มแชร์   นกแก้ว (NokKaew Armchair)   ผ้า C เลือกสีได้ | ขนาด W85 D90 H76 cm,ฌ เฌอ | อาร์มแชร์   นกแก้ว (NokKaew Armchair)   ผ้า C เลือกสีได้ | ขนาด W85 D90 H76 cm ราคา 36500 ลด 25% เหลือ 27375 ชำระเป็นเงินสด ลด on top เพิ่ม 10% เหลือ 24637.5 ภายใน เดือนกันยายน 2569 และส่วนลดเพิ่มเติมตามโปรฯ ได้ที่ https://chawcher.com/category/promotion/,ฌ เฌอ,อาร์มแชร์ ,,นกแก้ว ,(NokKaew Armchair),,,ผ้า C ,เลือกสีได้,W85,D90,H76,cm,xxxxxxxx,B 36500.00,25%,B 27375.00,10%,B 24637.50
ฌ เฌอ | อาร์มแชร์   นกแก้ว (NokKaew Armchair)   หนังแท้ (ออย)เลือกสีได้ | ขนาด W85 D90 H76 cm,ฌ เฌอ | อาร์มแชร์   นกแก้ว (NokKaew Armchair)   หนังแท้ (ออย)เลือกสีได้ | ขนาด W85 D90 H76 cm ราคา 58500 ลด 25% เหลือ 43875 ชำระเป็นเงินสด ลด on top เพิ่ม 10% เหลือ 39487.5 ภายใน เดือนกันยายน 2569 และส่วนลดเพิ่มเติมตามโปรฯ ได้ที่ https://chawcher.com/category/promotion/,ฌ เฌอ,อาร์มแชร์ ,,นกแก้ว ,(NokKaew Armchair),,,หนังแท้ (ออย),เลือกสีได้,W85,D90,H76,cm,xxxxxxxx,B 58500.00,25%,B 43875.00,10%,B 39487.50
ฌ เฌอ | อาร์มแชร์   นกแก้ว (NokKaew Armchair)   หนังแท้เลือกสีได้ | ขนาด W85 D90 H76 cm,ฌ เฌอ | อาร์มแชร์   นกแก้ว (NokKaew Armchair)   หนังแท้เลือกสีได้ | ขนาด W85 D90 H76 cm ราคา 46700 ลด 25% เหลือ 35025 ชำระเป็นเงินสด ลด on top เพิ่ม 10% เหลือ 31522.5 ภายใน เดือนกันยายน 2569 และส่วนลดเพิ่มเติมตามโปรฯ ได้ที่ https://chawcher.com/category/promotion/,ฌ เฌอ,อาร์มแชร์ ,,นกแก้ว ,(NokKaew Armchair),,,หนังแท้,เลือกสีได้,W85,D90,H76,cm,10131740,B 46700.00,25%,B 35025.00,10%,B 31522.50
ฌ เฌอ | อาร์มแชร์   มินิเนส (Mini Nest)   เบาะผ้า พนักพิงด้านนอกหนังเลือกสีได้ | ขนาด W75 D71 H72 cm,ฌ เฌอ | อาร์มแชร์   มินิเนส (Mini Nest)   เบาะผ้า พนักพิงด้านนอกหนังเลือกสีได้ | ขนาด W75 D71 H72 cm ราคา 45700 ลด 25% เหลือ 34275 ชำระเป็นเงินสด ลด on top เพิ่ม 10% เหลือ 30847.5 ภายใน เดือนกันยายน 2569 และส่วนลดเพิ่มเติมตามโปรฯ ได้ที่ https://chawcher.com/category/promotion/,ฌ เฌอ,อาร์มแชร์ ,,มินิเนส,(Mini Nest),,,เบาะผ้า พนักพิงด้านนอกหนัง,เลือกสีได้,W75,D71,H72,cm,10175420,B 45700.00,25%,B 34275.00,10%,B 30847.50
ฌ เฌอ | อาร์มแชร์   มินิเนส (Mini Nest)   ผ้า A เลือกสีได้ | ขนาด W75 D71 H72 cm,ฌ เฌอ | อาร์มแชร์   มินิเนส (Mini Nest)   ผ้า A เลือกสีได้ | ขนาด W75 D71 H72 cm ราคา 36500 ลด 25% เหลือ 27375 ชำระเป็นเงินสด ลด on top เพิ่ม 10% เหลือ 24637.5 ภายใน เดือนกันยายน 2569 และส่วนลดเพิ่มเติมตามโปรฯ ได้ที่ https://chawcher.com/category/promotion/,ฌ เฌอ,อาร์มแชร์ ,,มินิเนส,(Mini Nest),,,ผ้า A ,เลือกสีได้,W75,D71,H72,cm,10175421,B 36500.00,25%,B 27375.00,10%,B 24637.50
ฌ เฌอ | อาร์มแชร์   มินิเนส (Mini Nest)   ผ้า B เลือกสีได้ | ขนาด W75 D71 H72 cm,ฌ เฌอ | อาร์มแชร์   มินิเนส (Mini Nest)   ผ้า B เลือกสีได้ | ขนาด W75 D71 H72 cm ราคา 40000 ลด 25% เหลือ 30000 ชำระเป็นเงินสด ลด on top เพิ่ม 10% เหลือ 27000 ภายใน เดือนกันยายน 2569 และส่วนลดเพิ่มเติมตามโปรฯ ได้ที่ https://chawcher.com/category/promotion/,ฌ เฌอ,อาร์มแชร์ ,,มินิเนส,(Mini Nest),,,ผ้า B ,เลือกสีได้,W75,D71,H72,cm,xxxxxxxx,B 40000.00,25%,B 30000.00,10%,B 27000.00
ฌ เฌอ | อาร์มแชร์   มินิเนส (Mini Nest)   ผ้า C เลือกสีได้ | ขนาด W75 D71 H72 cm,ฌ เฌอ | อาร์มแชร์   มินิเนส (Mini Nest)   ผ้า C เลือกสีได้ | ขนาด W75 D71 H72 cm ราคา 42800 ลด 25% เหลือ 32100 ชำระเป็นเงินสด ลด on top เพิ่ม 10% เหลือ 28890 ภายใน เดือนกันยายน 2569 และส่วนลดเพิ่มเติมตามโปรฯ ได้ที่ https://chawcher.com/category/promotion/,ฌ เฌอ,อาร์มแชร์ ,,มินิเนส,(Mini Nest),,,ผ้า C ,เลือกสีได้,W75,D71,H72,cm,xxxxxxxx,B 42800.00,25%,B 32100.00,10%,B 28890.00
ฌ เฌอ | อาร์มแชร์   มินิเนส (Mini Nest)   หนังแท้ (ออย)เลือกสีได้ | ขนาด W75 D71 H72 cm,ฌ เฌอ | อาร์มแชร์   มินิเนส (Mini Nest)   หนังแท้ (ออย)เลือกสีได้ | ขนาด W75 D71 H72 cm ราคา 62000 ลด 25% เหลือ 46500 ชำระเป็นเงินสด ลด on top เพิ่ม 10% เหลือ 41850 ภายใน เดือนกันยายน 2569 และส่วนลดเพิ่มเติมตามโปรฯ ได้ที่ https://chawcher.com/category/promotion/,ฌ เฌอ,อาร์มแชร์ ,,มินิเนส,(Mini Nest),,,หนังแท้ (ออย),เลือกสีได้,W75,D71,H72,cm,xxxxxxxx,B 62000.00,25%,B 46500.00,10%,B 41850.00
ฌ เฌอ | อาร์มแชร์   มินิเนส (Mini Nest)   หนังแท้เลือกสีได้ | ขนาด W75 D71 H72 cm,ฌ เฌอ | อาร์มแชร์   มินิเนส (Mini Nest)   หนังแท้เลือกสีได้ | ขนาด W75 D71 H72 cm ราคา 49600 ลด 25% เหลือ 37200 ชำระเป็นเงินสด ลด on top เพิ่ม 10% เหลือ 33480 ภายใน เดือนกันยายน 2569 และส่วนลดเพิ่มเติมตามโปรฯ ได้ที่ https://chawcher.com/category/promotion/,ฌ เฌอ,อาร์มแชร์ ,,มินิเนส,(Mini Nest),,,หนังแท้,เลือกสีได้,W75,D71,H72,cm,10175419,B 49600.00,25%,B 37200.00,10%,B 33480.00
ฌ เฌอ | อาร์มแชร์   อีมู (Emu Armchair)   เบาะหนังแท้ พนักพิงผ้าเลือกสีได้ | ขนาด W90 D82 H83 cm,ฌ เฌอ | อาร์มแชร์   อีมู (Emu Armchair)   เบาะหนังแท้ พนักพิงผ้าเลือกสีได้ | ขนาด W90 D82 H83 cm ราคา 45700 ลด 30% เหลือ 31990 ชำระเป็นเงินสด ลด on top เพิ่ม 10% เหลือ 28791 ภายใน เดือนกันยายน 2569 และส่วนลดเพิ่มเติมตามโปรฯ ได้ที่ https://chawcher.com/category/promotion/,ฌ เฌอ,อาร์มแชร์ ,,อีมู ,(Emu Armchair),,,เบาะหนังแท้ พนักพิงผ้า,เลือกสีได้,W90,D82,H83,cm,10029021,B 45700.00,30%,B 31990.00,10%,B 28791.00
ฌ เฌอ | อาร์มแชร์   อีมู (Emu Armchair)   ผ้า A เลือกสีได้ | ขนาด W90 D82 H83 cm,ฌ เฌอ | อาร์มแชร์   อีมู (Emu Armchair)   ผ้า A เลือกสีได้ | ขนาด W90 D82 H83 cm ราคา 34500 ลด 30% เหลือ 24150 ชำระเป็นเงินสด ลด on top เพิ่ม 10% เหลือ 21735 ภายใน เดือนกันยายน 2569 และส่วนลดเพิ่มเติมตามโปรฯ ได้ที่ https://chawcher.com/category/promotion/,ฌ เฌอ,อาร์มแชร์ ,,อีมู ,(Emu Armchair),,,ผ้า A ,เลือกสีได้,W90,D82,H83,cm,10113435,B 34500.00,30%,B 24150.00,10%,B 21735.00
ฌ เฌอ | อาร์มแชร์   อีมู (Emu Armchair)   ผ้า B เลือกสีได้ | ขนาด W90 D82 H83 cm,ฌ เฌอ | อาร์มแชร์   อีมู (Emu Armchair)   ผ้า B เลือกสีได้ | ขนาด W90 D82 H83 cm ราคา 39500 ลด 30% เหลือ 27650 ชำระเป็นเงินสด ลด on top เพิ่ม 10% เหลือ 24885 ภายใน เดือนกันยายน 2569 และส่วนลดเพิ่มเติมตามโปรฯ ได้ที่ https://chawcher.com/category/promotion/,ฌ เฌอ,อาร์มแชร์ ,,อีมู ,(Emu Armchair),,,ผ้า B ,เลือกสีได้,W90,D82,H83,cm,xxxxxxxx,B 39500.00,30%,B 27650.00,10%,B 24885.00
ฌ เฌอ | อาร์มแชร์   อีมู (Emu Armchair)   ผ้า C เลือกสีได้ | ขนาด W90 D82 H83 cm,ฌ เฌอ | อาร์มแชร์   อีมู (Emu Armchair)   ผ้า C เลือกสีได้ | ขนาด W90 D82 H83 cm ราคา 43100 ลด 30% เหลือ 30170 ชำระเป็นเงินสด ลด on top เพิ่ม 10% เหลือ 27153 ภายใน เดือนกันยายน 2569 และส่วนลดเพิ่มเติมตามโปรฯ ได้ที่ https://chawcher.com/category/promotion/,ฌ เฌอ,อาร์มแชร์ ,,อีมู ,(Emu Armchair),,,ผ้า C ,เลือกสีได้,W90,D82,H83,cm,xxxxxxxx,B 43100.00,30%,B 30170.00,10%,B 27153.00
ฌ เฌอ | อาร์มแชร์   อีมู (Emu Armchair)   หนังแท้ (ออย)เลือกสีได้ | ขนาด W90 D82 H83 cm,ฌ เฌอ | อาร์มแชร์   อีมู (Emu Armchair)   หนังแท้ (ออย)เลือกสีได้ | ขนาด W90 D82 H83 cm ราคา 62000 ลด 30% เหลือ 43400 ชำระเป็นเงินสด ลด on top เพิ่ม 10% เหลือ 39060 ภายใน เดือนกันยายน 2569 และส่วนลดเพิ่มเติมตามโปรฯ ได้ที่ https://chawcher.com/category/promotion/,ฌ เฌอ,อาร์มแชร์ ,,อีมู ,(Emu Armchair),,,หนังแท้ (ออย),เลือกสีได้,W90,D82,H83,cm,xxxxxxxx,B 62000.00,30%,B 43400.00,10%,B 39060.00
ฌ เฌอ | อาร์มแชร์   อีมู (Emu Armchair)   หนังแท้เลือกสีได้ | ขนาด W90 D82 H83 cm,ฌ เฌอ | อาร์มแชร์   อีมู (Emu Armchair)   หนังแท้เลือกสีได้ | ขนาด W90 D82 H83 cm ราคา 49600 ลด 30% เหลือ 34720 ชำระเป็นเงินสด ลด on top เพิ่ม 10% เหลือ 31248 ภายใน เดือนกันยายน 2569 และส่วนลดเพิ่มเติมตามโปรฯ ได้ที่ https://chawcher.com/category/promotion/,ฌ เฌอ,อาร์มแชร์ ,,อีมู ,(Emu Armchair),,,หนังแท้,เลือกสีได้,W90,D82,H83,cm,10113430,B 49600.00,30%,B 34720.00,10%,B 31248.00
ฌ เฌอ | อาร์มแชร์   ฮูก (Hook Armchair)   ผ้า A เลือกสีได้ | ขนาด W82 D86 H80 cm,ฌ เฌอ | อาร์มแชร์   ฮูก (Hook Armchair)   ผ้า A เลือกสีได้ | ขนาด W82 D86 H80 cm ราคา 29200 ลด 25% เหลือ 21900 ชำระเป็นเงินสด ลด on top เพิ่ม 10% เหลือ 19710 ภายใน เดือนกันยายน 2569 และส่วนลดเพิ่มเติมตามโปรฯ ได้ที่ https://chawcher.com/category/promotion/,ฌ เฌอ,อาร์มแชร์ ,,ฮูก,(Hook Armchair),,,ผ้า A ,เลือกสีได้,W82,D86,H80,cm,10131728,B 29200.00,25%,B 21900.00,10%,B 19710.00
ฌ เฌอ | อาร์มแชร์   ฮูก (Hook Armchair)   ผ้า B เลือกสีได้ | ขนาด W82 D86 H80 cm,ฌ เฌอ | อาร์มแชร์   ฮูก (Hook Armchair)   ผ้า B เลือกสีได้ | ขนาด W82 D86 H80 cm ราคา 32500 ลด 25% เหลือ 24375 ชำระเป็นเงินสด ลด on top เพิ่ม 10% เหลือ 21937.5 ภายใน เดือนกันยายน 2569 และส่วนลดเพิ่มเติมตามโปรฯ ได้ที่ https://chawcher.com/category/promotion/,ฌ เฌอ,อาร์มแชร์ ,,ฮูก,(Hook Armchair),,,ผ้า B ,เลือกสีได้,W82,D86,H80,cm,xxxxxxxx,B 32500.00,25%,B 24375.00,10%,B 21937.50
ฌ เฌอ | อาร์มแชร์   ฮูก (Hook Armchair)   ผ้า C เลือกสีได้ | ขนาด W82 D86 H80 cm,ฌ เฌอ | อาร์มแชร์   ฮูก (Hook Armchair)   ผ้า C เลือกสีได้ | ขนาด W82 D86 H80 cm ราคา 36500 ลด 25% เหลือ 27375 ชำระเป็นเงินสด ลด on top เพิ่ม 10% เหลือ 24637.5 ภายใน เดือนกันยายน 2569 และส่วนลดเพิ่มเติมตามโปรฯ ได้ที่ https://chawcher.com/category/promotion/,ฌ เฌอ,อาร์มแชร์ ,,ฮูก,(Hook Armchair),,,ผ้า C ,เลือกสีได้,W82,D86,H80,cm,xxxxxxxx,B 36500.00,25%,B 27375.00,10%,B 24637.50
ฌ เฌอ | อาร์มแชร์   ฮูก (Hook Armchair)   หนังแท้ (ออย)เลือกสีได้ | ขนาด W82 D86 H80 cm,ฌ เฌอ | อาร์มแชร์   ฮูก (Hook Armchair)   หนังแท้ (ออย)เลือกสีได้ | ขนาด W82 D86 H80 cm ราคา 52500 ลด 25% เหลือ 39375 ชำระเป็นเงินสด ลด on top เพิ่ม 10% เหลือ 35437.5 ภายใน เดือนกันยายน 2569 และส่วนลดเพิ่มเติมตามโปรฯ ได้ที่ https://chawcher.com/category/promotion/,ฌ เฌอ,อาร์มแชร์ ,,ฮูก,(Hook Armchair),,,หนังแท้ (ออย),เลือกสีได้,W82,D86,H80,cm,xxxxxxxx,B 52500.00,25%,B 39375.00,10%,B 35437.50
ฌ เฌอ | อาร์มแชร์   ฮูก (Hook Armchair)   หนังแท้เลือกสีได้ | ขนาด W82 D86 H80 cm,ฌ เฌอ | อาร์มแชร์   ฮูก (Hook Armchair)   หนังแท้เลือกสีได้ | ขนาด W82 D86 H80 cm ราคา 45500 ลด 25% เหลือ 34125 ชำระเป็นเงินสด ลด on top เพิ่ม 10% เหลือ 30712.5 ภายใน เดือนกันยายน 2569 และส่วนลดเพิ่มเติมตามโปรฯ ได้ที่ https://chawcher.com/category/promotion/,ฌ เฌอ,อาร์มแชร์ ,,ฮูก,(Hook Armchair),,,หนังแท้,เลือกสีได้,W82,D86,H80,cm,10131730,B 45500.00,25%,B 34125.00,10%,B 30712.50
ฌ เฌอ | อาร์มแชร์  ทากะ (Taka Arm Chair)   ผ้า A เลือกสีได้ | ขนาด W118 D90 H72 (46) ,ฌ เฌอ | อาร์มแชร์  ทากะ (Taka Arm Chair)   ผ้า A เลือกสีได้ | ขนาด W118 D90 H72 (46)  ราคา 52200 ลด 30% เหลือ 36540 ชำระเป็นเงินสด ลด on top เพิ่ม 10% เหลือ 32886 ภายใน เดือนกันยายน 2569 และส่วนลดเพิ่มเติมตามโปรฯ ได้ที่ https://chawcher.com/category/promotion/,ฌ เฌอ,อาร์มแชร์ ,,ทากะ,(Taka Arm Chair),,,ผ้า A ,เลือกสีได้,W118,D90,H72 (46),,,B 52200.00,30%,B 36540.00,10%,B 32886.00
ฌ เฌอ | อาร์มแชร์  ทากะ (Taka Arm Chair)   ผ้า B เลือกสีได้ | ขนาด W118 D90 H72 (46) ,ฌ เฌอ | อาร์มแชร์  ทากะ (Taka Arm Chair)   ผ้า B เลือกสีได้ | ขนาด W118 D90 H72 (46)  ราคา 59850 ลด 30% เหลือ 41895 ชำระเป็นเงินสด ลด on top เพิ่ม 10% เหลือ 37705.5 ภายใน เดือนกันยายน 2569 และส่วนลดเพิ่มเติมตามโปรฯ ได้ที่ https://chawcher.com/category/promotion/,ฌ เฌอ,อาร์มแชร์ ,,ทากะ,(Taka Arm Chair),,,ผ้า B ,เลือกสีได้,W118,D90,H72 (46),,,B 59850.00,30%,B 41895.00,10%,B 37705.50
ฌ เฌอ | อาร์มแชร์  ทากะ (Taka Arm Chair)   ผ้า C เลือกสีได้ | ขนาด W118 D90 H72 (46) ,ฌ เฌอ | อาร์มแชร์  ทากะ (Taka Arm Chair)   ผ้า C เลือกสีได้ | ขนาด W118 D90 H72 (46)  ราคา 68850 ลด 30% เหลือ 48195 ชำระเป็นเงินสด ลด on top เพิ่ม 10% เหลือ 43375.5 ภายใน เดือนกันยายน 2569 และส่วนลดเพิ่มเติมตามโปรฯ ได้ที่ https://chawcher.com/category/promotion/,ฌ เฌอ,อาร์มแชร์ ,,ทากะ,(Taka Arm Chair),,,ผ้า C ,เลือกสีได้,W118,D90,H72 (46),,,B 68850.00,30%,B 48195.00,10%,B 43375.50
ฌ เฌอ | อาร์มแชร์  ทากะ (Taka Arm Chair)   หนังแท้ (ออย)เลือกสีได้ | ขนาด W118 D90 H72 (46) ,ฌ เฌอ | อาร์มแชร์  ทากะ (Taka Arm Chair)   หนังแท้ (ออย)เลือกสีได้ | ขนาด W118 D90 H72 (46)  ราคา 114300 ลด 30% เหลือ 80010 ชำระเป็นเงินสด ลด on top เพิ่ม 10% เหลือ 72009 ภายใน เดือนกันยายน 2569 และส่วนลดเพิ่มเติมตามโปรฯ ได้ที่ https://chawcher.com/category/promotion/,ฌ เฌอ,อาร์มแชร์ ,,ทากะ,(Taka Arm Chair),,,หนังแท้ (ออย),เลือกสีได้,W118,D90,H72 (46),,,B 114300.00,30%,B 80010.00,10%,B 72009.00
ฌ เฌอ | อาร์มแชร์  ทากะ (Taka Arm Chair)   หนังแท้เลือกสีได้ | ขนาด W118 D90 H72 (46) ,ฌ เฌอ | อาร์มแชร์  ทากะ (Taka Arm Chair)   หนังแท้เลือกสีได้ | ขนาด W118 D90 H72 (46)  ราคา 85050 ลด 30% เหลือ 59535 ชำระเป็นเงินสด ลด on top เพิ่ม 10% เหลือ 53581.5 ภายใน เดือนกันยายน 2569 และส่วนลดเพิ่มเติมตามโปรฯ ได้ที่ https://chawcher.com/category/promotion/,ฌ เฌอ,อาร์มแชร์ ,,ทากะ,(Taka Arm Chair),,,หนังแท้,เลือกสีได้,W118,D90,H72 (46),,,B 85050.00,30%,B 59535.00,10%,B 53581.50
ฌ เฌอ | อาร์มแชร์  นางแอ่น  (Nang Aaen Armchair)   ผ้า A เลือกสีได้ | ขนาด W107 D87 H73 cm,ฌ เฌอ | อาร์มแชร์  นางแอ่น  (Nang Aaen Armchair)   ผ้า A เลือกสีได้ | ขนาด W107 D87 H73 cm ราคา 34000 ลด 35% เหลือ 22100 ชำระเป็นเงินสด ลด on top เพิ่ม 10% เหลือ 19890 ภายใน เดือนกันยายน 2569 และส่วนลดเพิ่มเติมตามโปรฯ ได้ที่ https://chawcher.com/category/promotion/,ฌ เฌอ,อาร์มแชร์ ,,นางแอ่น ,(Nang Aaen Armchair),,,ผ้า A ,เลือกสีได้,W107,D87,H73,cm,10503005,B 34000.00,35%,B 22100.00,10%,B 19890.00
ฌ เฌอ | อาร์มแชร์  นางแอ่น  (Nang Aaen Armchair)   ผ้า B เลือกสีได้ | ขนาด W107 D87 H73 cm,ฌ เฌอ | อาร์มแชร์  นางแอ่น  (Nang Aaen Armchair)   ผ้า B เลือกสีได้ | ขนาด W107 D87 H73 cm ราคา 38000 ลด 35% เหลือ 24700 ชำระเป็นเงินสด ลด on top เพิ่ม 10% เหลือ 22230 ภายใน เดือนกันยายน 2569 และส่วนลดเพิ่มเติมตามโปรฯ ได้ที่ https://chawcher.com/category/promotion/,ฌ เฌอ,อาร์มแชร์ ,,นางแอ่น ,(Nang Aaen Armchair),,,ผ้า B ,เลือกสีได้,W107,D87,H73,cm,xxxxxxxx,B 38000.00,35%,B 24700.00,10%,B 22230.00
ฌ เฌอ | อาร์มแชร์  นางแอ่น  (Nang Aaen Armchair)   ผ้า C เลือกสีได้ | ขนาด W107 D87 H73 cm,ฌ เฌอ | อาร์มแชร์  นางแอ่น  (Nang Aaen Armchair)   ผ้า C เลือกสีได้ | ขนาด W107 D87 H73 cm ราคา 42600 ลด 35% เหลือ 27690 ชำระเป็นเงินสด ลด on top เพิ่ม 10% เหลือ 24921 ภายใน เดือนกันยายน 2569 และส่วนลดเพิ่มเติมตามโปรฯ ได้ที่ https://chawcher.com/category/promotion/,ฌ เฌอ,อาร์มแชร์ ,,นางแอ่น ,(Nang Aaen Armchair),,,ผ้า C ,เลือกสีได้,W107,D87,H73,cm,xxxxxxxx,B 42600.00,35%,B 27690.00,10%,B 24921.00
ฌ เฌอ | อาร์มแชร์  นางแอ่น  (Nang Aaen Armchair)   หนังแท้ (ออย)เลือกสีได้ | ขนาด W107 D87 H73 cm,ฌ เฌอ | อาร์มแชร์  นางแอ่น  (Nang Aaen Armchair)   หนังแท้ (ออย)เลือกสีได้ | ขนาด W107 D87 H73 cm ราคา 75800 ลด 35% เหลือ 49270 ชำระเป็นเงินสด ลด on top เพิ่ม 10% เหลือ 44343 ภายใน เดือนกันยายน 2569 และส่วนลดเพิ่มเติมตามโปรฯ ได้ที่ https://chawcher.com/category/promotion/,ฌ เฌอ,อาร์มแชร์ ,,นางแอ่น ,(Nang Aaen Armchair),,,หนังแท้ (ออย),เลือกสีได้,W107,D87,H73,cm,xxxxxxxx,B 75800.00,35%,B 49270.00,10%,B 44343.00
ฌ เฌอ | อาร์มแชร์  นางแอ่น  (Nang Aaen Armchair)   หนังแท้เลือกสีได้ | ขนาด W107 D87 H73 cm,ฌ เฌอ | อาร์มแชร์  นางแอ่น  (Nang Aaen Armchair)   หนังแท้เลือกสีได้ | ขนาด W107 D87 H73 cm ราคา 60600 ลด 35% เหลือ 39390 ชำระเป็นเงินสด ลด on top เพิ่ม 10% เหลือ 35451 ภายใน เดือนกันยายน 2569 และส่วนลดเพิ่มเติมตามโปรฯ ได้ที่ https://chawcher.com/category/promotion/,ฌ เฌอ,อาร์มแชร์ ,,นางแอ่น ,(Nang Aaen Armchair),,,หนังแท้,เลือกสีได้,W107,D87,H73,cm,xxxxxxxx,B 60600.00,35%,B 39390.00,10%,B 35451.00
ฌ เฌอ | อาร์มแชร์  พัฟฟิน (Puffin Armchair)   ผ้า A เลือกสีได้ | ขนาด W103 D83 H78 cm,ฌ เฌอ | อาร์มแชร์  พัฟฟิน (Puffin Armchair)   ผ้า A เลือกสีได้ | ขนาด W103 D83 H78 cm ราคา 38000 ลด 35% เหลือ 24700 ชำระเป็นเงินสด ลด on top เพิ่ม 10% เหลือ 22230 ภายใน เดือนกันยายน 2569 และส่วนลดเพิ่มเติมตามโปรฯ ได้ที่ https://chawcher.com/category/promotion/,ฌ เฌอ,อาร์มแชร์ ,,พัฟฟิน,(Puffin Armchair),,,ผ้า A ,เลือกสีได้,W103,D83,H78,cm,xxxxxxxx,B 38000.00,35%,B 24700.00,10%,B 22230.00
ฌ เฌอ | อาร์มแชร์  พัฟฟิน (Puffin Armchair)   ผ้า B เลือกสีได้ | ขนาด W103 D83 H78 cm,ฌ เฌอ | อาร์มแชร์  พัฟฟิน (Puffin Armchair)   ผ้า B เลือกสีได้ | ขนาด W103 D83 H78 cm ราคา 41600 ลด 35% เหลือ 27040 ชำระเป็นเงินสด ลด on top เพิ่ม 10% เหลือ 24336 ภายใน เดือนกันยายน 2569 และส่วนลดเพิ่มเติมตามโปรฯ ได้ที่ https://chawcher.com/category/promotion/,ฌ เฌอ,อาร์มแชร์ ,,พัฟฟิน,(Puffin Armchair),,,ผ้า B ,เลือกสีได้,W103,D83,H78,cm,xxxxxxxx,B 41600.00,35%,B 27040.00,10%,B 24336.00
ฌ เฌอ | อาร์มแชร์  พัฟฟิน (Puffin Armchair)   ผ้า C เลือกสีได้ | ขนาด W103 D83 H78 cm,ฌ เฌอ | อาร์มแชร์  พัฟฟิน (Puffin Armchair)   ผ้า C เลือกสีได้ | ขนาด W103 D83 H78 cm ราคา 47400 ลด 35% เหลือ 30810 ชำระเป็นเงินสด ลด on top เพิ่ม 10% เหลือ 27729 ภายใน เดือนกันยายน 2569 และส่วนลดเพิ่มเติมตามโปรฯ ได้ที่ https://chawcher.com/category/promotion/,ฌ เฌอ,อาร์มแชร์ ,,พัฟฟิน,(Puffin Armchair),,,ผ้า C ,เลือกสีได้,W103,D83,H78,cm,xxxxxxxx,B 47400.00,35%,B 30810.00,10%,B 27729.00
ฌ เฌอ | อาร์มแชร์  พัฟฟิน (Puffin Armchair)   หนังแท้ (ออย)เลือกสีได้ | ขนาด W103 D83 H78 cm,ฌ เฌอ | อาร์มแชร์  พัฟฟิน (Puffin Armchair)   หนังแท้ (ออย)เลือกสีได้ | ขนาด W103 D83 H78 cm ราคา 85800 ลด 35% เหลือ 55770 ชำระเป็นเงินสด ลด on top เพิ่ม 10% เหลือ 50193 ภายใน เดือนกันยายน 2569 และส่วนลดเพิ่มเติมตามโปรฯ ได้ที่ https://chawcher.com/category/promotion/,ฌ เฌอ,อาร์มแชร์ ,,พัฟฟิน,(Puffin Armchair),,,หนังแท้ (ออย),เลือกสีได้,W103,D83,H78,cm,xxxxxxxx,B 85800.00,35%,B 55770.00,10%,B 50193.00
ฌ เฌอ | อาร์มแชร์  พัฟฟิน (Puffin Armchair)   หนังแท้เลือกสีได้ | ขนาด W103 D83 H78 cm,ฌ เฌอ | อาร์มแชร์  พัฟฟิน (Puffin Armchair)   หนังแท้เลือกสีได้ | ขนาด W103 D83 H78 cm ราคา 68600 ลด 35% เหลือ 44590 ชำระเป็นเงินสด ลด on top เพิ่ม 10% เหลือ 40131 ภายใน เดือนกันยายน 2569 และส่วนลดเพิ่มเติมตามโปรฯ ได้ที่ https://chawcher.com/category/promotion/,ฌ เฌอ,อาร์มแชร์ ,,พัฟฟิน,(Puffin Armchair),,,หนังแท้,เลือกสีได้,W103,D83,H78,cm,xxxxxxxx,B 68600.00,35%,B 44590.00,10%,B 40131.00
ฌ เฌอ | อาร์มแชร์  อินทรี  (Insee Armchair)   ผ้า A เลือกสีได้ | ขนาด W90 D166 H83 cm,ฌ เฌอ | อาร์มแชร์  อินทรี  (Insee Armchair)   ผ้า A เลือกสีได้ | ขนาด W90 D166 H83 cm ราคา 34300 ลด 25% เหลือ 25725 ชำระเป็นเงินสด ลด on top เพิ่ม 10% เหลือ 23152.5 ภายใน เดือนกันยายน 2569 และส่วนลดเพิ่มเติมตามโปรฯ ได้ที่ https://chawcher.com/category/promotion/,ฌ เฌอ,อาร์มแชร์ ,,อินทรี ,(Insee Armchair),,,ผ้า A ,เลือกสีได้,W90,D166,H83,cm,xxxxxxxx,B 34300.00,25%,B 25725.00,10%,B 23152.50
ฌ เฌอ | อาร์มแชร์  อินทรี  (Insee Armchair)   ผ้า B เลือกสีได้ | ขนาด W90 D166 H83 cm,ฌ เฌอ | อาร์มแชร์  อินทรี  (Insee Armchair)   ผ้า B เลือกสีได้ | ขนาด W90 D166 H83 cm ราคา 39000 ลด 25% เหลือ 29250 ชำระเป็นเงินสด ลด on top เพิ่ม 10% เหลือ 26325 ภายใน เดือนกันยายน 2569 และส่วนลดเพิ่มเติมตามโปรฯ ได้ที่ https://chawcher.com/category/promotion/,ฌ เฌอ,อาร์มแชร์ ,,อินทรี ,(Insee Armchair),,,ผ้า B ,เลือกสีได้,W90,D166,H83,cm,xxxxxxxx,B 39000.00,25%,B 29250.00,10%,B 26325.00
ฌ เฌอ | อาร์มแชร์  อินทรี  (Insee Armchair)   ผ้า C เลือกสีได้ | ขนาด W90 D166 H83 cm,ฌ เฌอ | อาร์มแชร์  อินทรี  (Insee Armchair)   ผ้า C เลือกสีได้ | ขนาด W90 D166 H83 cm ราคา 43000 ลด 25% เหลือ 32250 ชำระเป็นเงินสด ลด on top เพิ่ม 10% เหลือ 29025 ภายใน เดือนกันยายน 2569 และส่วนลดเพิ่มเติมตามโปรฯ ได้ที่ https://chawcher.com/category/promotion/,ฌ เฌอ,อาร์มแชร์ ,,อินทรี ,(Insee Armchair),,,ผ้า C ,เลือกสีได้,W90,D166,H83,cm,xxxxxxxx,B 43000.00,25%,B 32250.00,10%,B 29025.00
ฌ เฌอ | อาร์มแชร์  อินทรี  (Insee Armchair)   หนังแท้ (ออย)เลือกสีได้ | ขนาด W90 D166 H83 cm,ฌ เฌอ | อาร์มแชร์  อินทรี  (Insee Armchair)   หนังแท้ (ออย)เลือกสีได้ | ขนาด W90 D166 H83 cm ราคา 63200 ลด 25% เหลือ 47400 ชำระเป็นเงินสด ลด on top เพิ่ม 10% เหลือ 42660 ภายใน เดือนกันยายน 2569 และส่วนลดเพิ่มเติมตามโปรฯ ได้ที่ https://chawcher.com/category/promotion/,ฌ เฌอ,อาร์มแชร์ ,,อินทรี ,(Insee Armchair),,,หนังแท้ (ออย),เลือกสีได้,W90,D166,H83,cm,xxxxxxxx,B 63200.00,25%,B 47400.00,10%,B 42660.00
ฌ เฌอ | อาร์มแชร์  อินทรี  (Insee Armchair)   หนังแท้เลือกสีได้ | ขนาด W90 D166 H83 cm,ฌ เฌอ | อาร์มแชร์  อินทรี  (Insee Armchair)   หนังแท้เลือกสีได้ | ขนาด W90 D166 H83 cm ราคา 50500 ลด 25% เหลือ 37875 ชำระเป็นเงินสด ลด on top เพิ่ม 10% เหลือ 34087.5 ภายใน เดือนกันยายน 2569 และส่วนลดเพิ่มเติมตามโปรฯ ได้ที่ https://chawcher.com/category/promotion/,ฌ เฌอ,อาร์มแชร์ ,,อินทรี ,(Insee Armchair),,,หนังแท้,เลือกสีได้,W90,D166,H83,cm,10029851,B 50500.00,25%,B 37875.00,10%,B 34087.50
ฌ เฌอ | อาร์มแชร์ พร้อมสตูล อินทรี  (Insee Armchair+Stool)   ผ้า A เลือกสีได้ | ขนาด W90 D166 H83 cm,ฌ เฌอ | อาร์มแชร์ พร้อมสตูล อินทรี  (Insee Armchair+Stool)   ผ้า A เลือกสีได้ | ขนาด W90 D166 H83 cm ราคา 47500 ลด 30% เหลือ 33250 ชำระเป็นเงินสด ลด on top เพิ่ม 10% เหลือ 29925 ภายใน เดือนกันยายน 2569 และส่วนลดเพิ่มเติมตามโปรฯ ได้ที่ https://chawcher.com/category/promotion/,ฌ เฌอ,อาร์มแชร์ ,พร้อมสตูล,อินทรี ,(Insee Armchair+Stool),,,ผ้า A ,เลือกสีได้,W90,D166,H83,cm,10060647,B 47500.00,30%,B 33250.00,10%,B 29925.00
ฌ เฌอ | อาร์มแชร์ พร้อมสตูล อินทรี  (Insee Armchair+Stool)   ผ้า B เลือกสีได้ | ขนาด W90 D166 H83 cm,ฌ เฌอ | อาร์มแชร์ พร้อมสตูล อินทรี  (Insee Armchair+Stool)   ผ้า B เลือกสีได้ | ขนาด W90 D166 H83 cm ราคา 54000 ลด 30% เหลือ 37800 ชำระเป็นเงินสด ลด on top เพิ่ม 10% เหลือ 34020 ภายใน เดือนกันยายน 2569 และส่วนลดเพิ่มเติมตามโปรฯ ได้ที่ https://chawcher.com/category/promotion/,ฌ เฌอ,อาร์มแชร์ ,พร้อมสตูล,อินทรี ,(Insee Armchair+Stool),,,ผ้า B ,เลือกสีได้,W90,D166,H83,cm,xxxxxxxx,B 54000.00,30%,B 37800.00,10%,B 34020.00
ฌ เฌอ | อาร์มแชร์ พร้อมสตูล อินทรี  (Insee Armchair+Stool)   ผ้า C เลือกสีได้ | ขนาด W90 D166 H83 cm,ฌ เฌอ | อาร์มแชร์ พร้อมสตูล อินทรี  (Insee Armchair+Stool)   ผ้า C เลือกสีได้ | ขนาด W90 D166 H83 cm ราคา 59500 ลด 30% เหลือ 41650 ชำระเป็นเงินสด ลด on top เพิ่ม 10% เหลือ 37485 ภายใน เดือนกันยายน 2569 และส่วนลดเพิ่มเติมตามโปรฯ ได้ที่ https://chawcher.com/category/promotion/,ฌ เฌอ,อาร์มแชร์ ,พร้อมสตูล,อินทรี ,(Insee Armchair+Stool),,,ผ้า C ,เลือกสีได้,W90,D166,H83,cm,xxxxxxxx,B 59500.00,30%,B 41650.00,10%,B 37485.00
ฌ เฌอ | อาร์มแชร์ พร้อมสตูล อินทรี  (Insee Armchair+Stool)   หนังแท้ (ออย)เลือกสีได้ | ขนาด W90 D166 H83 cm,ฌ เฌอ | อาร์มแชร์ พร้อมสตูล อินทรี  (Insee Armchair+Stool)   หนังแท้ (ออย)เลือกสีได้ | ขนาด W90 D166 H83 cm ราคา 88100 ลด 30% เหลือ 61670 ชำระเป็นเงินสด ลด on top เพิ่ม 10% เหลือ 55503 ภายใน เดือนกันยายน 2569 และส่วนลดเพิ่มเติมตามโปรฯ ได้ที่ https://chawcher.com/category/promotion/,ฌ เฌอ,อาร์มแชร์ ,พร้อมสตูล,อินทรี ,(Insee Armchair+Stool),,,หนังแท้ (ออย),เลือกสีได้,W90,D166,H83,cm,xxxxxxxx,B 88100.00,30%,B 61670.00,10%,B 55503.00
ฌ เฌอ | อาร์มแชร์ พร้อมสตูล อินทรี  (Insee Armchair+Stool)   หนังแท้เลือกสีได้ | ขนาด W90 D166 H83 cm,ฌ เฌอ | อาร์มแชร์ พร้อมสตูล อินทรี  (Insee Armchair+Stool)   หนังแท้เลือกสีได้ | ขนาด W90 D166 H83 cm ราคา 70300 ลด 30% เหลือ 49210 ชำระเป็นเงินสด ลด on top เพิ่ม 10% เหลือ 44289 ภายใน เดือนกันยายน 2569 และส่วนลดเพิ่มเติมตามโปรฯ ได้ที่ https://chawcher.com/category/promotion/,ฌ เฌอ,อาร์มแชร์ ,พร้อมสตูล,อินทรี ,(Insee Armchair+Stool),,,หนังแท้,เลือกสีได้,W90,D166,H83,cm,10060648,B 70300.00,30%,B 49210.00,10%,B 44289.00